-- phpMyAdmin SQL Dump
-- version 4.6.6
-- https://www.phpmyadmin.net/
--
-- Host: localhost:3306
-- Generation Time: Apr 22, 2017 at 11:42 AM
-- Server version: 5.5.54-cll
-- PHP Version: 5.6.30

SET SQL_MODE = "NO_AUTO_VALUE_ON_ZERO";
SET time_zone = "+00:00";


/*!40101 SET @OLD_CHARACTER_SET_CLIENT=@@CHARACTER_SET_CLIENT */;
/*!40101 SET @OLD_CHARACTER_SET_RESULTS=@@CHARACTER_SET_RESULTS */;
/*!40101 SET @OLD_COLLATION_CONNECTION=@@COLLATION_CONNECTION */;
/*!40101 SET NAMES utf8mb4 */;

--
-- Database: `uandvmar_pms`
--

-- --------------------------------------------------------

--
-- Table structure for table `agent`
--

CREATE TABLE `agent` (
  `AGENTID` int(11) NOT NULL,
  `ACTIVE` varchar(1) DEFAULT NULL,
  `ADDRESS` longtext,
  `COMPANYNAME` longtext,
  `CONTACT1` varchar(100) DEFAULT NULL,
  `CONTACT2` varchar(100) DEFAULT NULL,
  `CONTACT3` varchar(100) DEFAULT NULL,
  `CREATEDDATE` datetime DEFAULT NULL,
  `EMAIL` longtext,
  `MOBILE` longtext,
  `MODIFYDDATE` datetime DEFAULT NULL,
  `NAME` longtext,
  `RECORDORDER` int(11) DEFAULT NULL,
  `CITYID` int(11) DEFAULT NULL,
  `PROPERTYLOCALITYID` int(11) DEFAULT NULL,
  `USERID` int(11) DEFAULT NULL,
  `REMARK` longtext
) ENGINE=MyISAM DEFAULT CHARSET=latin1;

--
-- Dumping data for table `agent`
--

INSERT INTO `agent` (`AGENTID`, `ACTIVE`, `ADDRESS`, `COMPANYNAME`, `CONTACT1`, `CONTACT2`, `CONTACT3`, `CREATEDDATE`, `EMAIL`, `MOBILE`, `MODIFYDDATE`, `NAME`, `RECORDORDER`, `CITYID`, `PROPERTYLOCALITYID`, `USERID`, `REMARK`) VALUES
(1, '0', '', 'sadd', '31231232323', '213123123213', '12312312312', '2016-08-09 01:48:20', 'admin@admin.com', '13123123123', '2016-08-09 01:48:20', 'a1', 0, 1, NULL, 1, 'x'),
(2, '1', 'Aundh Sylvan Heights, Sanewadi, Aundh, Pune 411007.', 'Self', '9595444844', NULL, NULL, '2016-08-09 03:55:13', '', '9326727744', '2016-08-09 03:55:13', 'Bhaskar Patil', 0, 1, NULL, 1, 'Good Person to work with.'),
(3, '1', 'SB Road, Pune.', '', NULL, NULL, NULL, '2016-08-09 04:06:20', '', '9011641559', '2016-08-09 04:06:20', 'Umesh Pardeshi', 0, 1, NULL, 1, NULL);

-- --------------------------------------------------------

--
-- Table structure for table `budgetrent`
--

CREATE TABLE `budgetrent` (
  `BUDGETRENTID` int(11) NOT NULL,
  `ACTIVE` varchar(1) DEFAULT NULL,
  `AMOUNT` float DEFAULT NULL,
  `CREATEDDATE` datetime DEFAULT NULL,
  `MODIFYDDATE` datetime DEFAULT NULL,
  `NAME` longtext,
  `RECORDORDER` int(11) DEFAULT NULL,
  `USERID` int(11) DEFAULT NULL
) ENGINE=MyISAM DEFAULT CHARSET=latin1;

--
-- Dumping data for table `budgetrent`
--

INSERT INTO `budgetrent` (`BUDGETRENTID`, `ACTIVE`, `AMOUNT`, `CREATEDDATE`, `MODIFYDDATE`, `NAME`, `RECORDORDER`, `USERID`) VALUES
(1, '1', 1000, '2016-06-21 23:52:33', '2016-06-21 23:52:33', '1000', 1, 1),
(2, '1', 5000, '2016-06-21 23:52:48', '2016-06-21 23:52:48', '5000', 2, 1),
(3, '1', 50000, '2016-06-21 23:53:13', '2016-06-21 23:53:13', '50,000', 3, 1);

-- --------------------------------------------------------

--
-- Table structure for table `budgetsale`
--

CREATE TABLE `budgetsale` (
  `BUDGETSALEID` int(11) NOT NULL,
  `ACTIVE` varchar(1) DEFAULT NULL,
  `AMOUNT` float DEFAULT NULL,
  `CREATEDDATE` datetime DEFAULT NULL,
  `MODIFYDDATE` datetime DEFAULT NULL,
  `NAME` longtext,
  `RECORDORDER` int(11) DEFAULT NULL,
  `USERID` int(11) DEFAULT NULL
) ENGINE=MyISAM DEFAULT CHARSET=latin1;

--
-- Dumping data for table `budgetsale`
--

INSERT INTO `budgetsale` (`BUDGETSALEID`, `ACTIVE`, `AMOUNT`, `CREATEDDATE`, `MODIFYDDATE`, `NAME`, `RECORDORDER`, `USERID`) VALUES
(1, '1', 100000, '2016-06-21 23:53:30', '2016-06-21 23:53:30', '1 lekh', 1, 1),
(2, '1', 200000, '2016-06-21 23:53:44', '2016-06-21 23:53:44', '2 Lekh', 2, 1);

-- --------------------------------------------------------

--
-- Table structure for table `city`
--

CREATE TABLE `city` (
  `CITYID` int(11) NOT NULL,
  `ACTIVE` varchar(1) DEFAULT NULL,
  `CREATEDDATE` datetime DEFAULT NULL,
  `MODIFYDDATE` datetime DEFAULT NULL,
  `NAME` longtext,
  `RECORDORDER` int(11) DEFAULT NULL,
  `USERID` int(11) DEFAULT NULL
) ENGINE=MyISAM DEFAULT CHARSET=latin1;

--
-- Dumping data for table `city`
--

INSERT INTO `city` (`CITYID`, `ACTIVE`, `CREATEDDATE`, `MODIFYDDATE`, `NAME`, `RECORDORDER`, `USERID`) VALUES
(1, '1', '2016-06-21 23:44:36', '2016-06-21 23:44:36', 'Pune', 1, 1);

-- --------------------------------------------------------

--
-- Table structure for table `customer`
--

CREATE TABLE `customer` (
  `CUSTOMERID` int(11) NOT NULL,
  `ACTIVE` varchar(1) DEFAULT NULL,
  `ADDRESS` longtext,
  `CONTACT1` varchar(100) DEFAULT NULL,
  `CONTACT2` varchar(100) DEFAULT NULL,
  `CONTACT3` varchar(100) DEFAULT NULL,
  `CREATEDDATE` datetime DEFAULT NULL,
  `DATEOFBIRTH` datetime DEFAULT NULL,
  `EMAIL` varchar(255) DEFAULT NULL,
  `FULLNAME` longtext,
  `LANDLINENO` varchar(100) DEFAULT NULL,
  `MOBILENO` varchar(100) DEFAULT NULL,
  `MODIFYDDATE` datetime DEFAULT NULL,
  `PINCODE` varchar(100) DEFAULT NULL,
  `RECORDORDER` int(11) DEFAULT NULL,
  `CITYID` int(11) DEFAULT NULL,
  `CUSTOMERTYPEID` int(11) DEFAULT NULL,
  `GENDERID` int(11) DEFAULT NULL,
  `OCCUPATIONID` int(11) DEFAULT NULL,
  `USERID` int(11) DEFAULT NULL
) ENGINE=MyISAM DEFAULT CHARSET=latin1;

--
-- Dumping data for table `customer`
--

INSERT INTO `customer` (`CUSTOMERID`, `ACTIVE`, `ADDRESS`, `CONTACT1`, `CONTACT2`, `CONTACT3`, `CREATEDDATE`, `DATEOFBIRTH`, `EMAIL`, `FULLNAME`, `LANDLINENO`, `MOBILENO`, `MODIFYDDATE`, `PINCODE`, `RECORDORDER`, `CITYID`, `CUSTOMERTYPEID`, `GENDERID`, `OCCUPATIONID`, `USERID`) VALUES
(1, '1', 'Aundh, Pune.', NULL, NULL, NULL, '2016-07-09 08:03:30', '2016-07-09 08:01:21', '', 'Mittal', '', '7774005281', '2016-07-09 08:03:30', '411007', 0, 1, 1, 1, 1, NULL),
(2, '1', '', NULL, NULL, NULL, '2016-07-09 08:15:25', '2016-07-09 08:13:46', '', 'Mittal', '', '7774005281', '2016-07-09 08:15:25', '', 0, 1, NULL, NULL, NULL, NULL),
(3, '1', '10 Kasturkunj, ICS Colony, 9th Floor, Flat NO. 901, Bhosale Nagar, Pune.', NULL, NULL, NULL, '2016-07-30 08:07:43', '2016-07-30 08:04:16', 'boraparagh@gmail.com', 'Parag Bora', '', '9890566550', '2016-07-30 08:07:43', '', 0, 1, 1, 1, 2, NULL),
(4, '1', '', NULL, NULL, NULL, '2016-08-01 10:30:52', '2016-08-01 10:30:09', '', 'Kalpana', '', '9881255196', '2016-08-01 10:30:52', '', 0, 1, 1, 2, 2, NULL),
(5, '1', '', NULL, NULL, NULL, '2016-08-01 22:53:31', '2016-08-01 22:51:39', '', 'Ajay', '', '9921578787', '2016-08-01 22:53:31', '', 0, 1, 1, 1, 2, NULL),
(6, '1', '', NULL, NULL, NULL, '2016-08-02 06:13:57', '2016-08-02 06:13:47', '', 'test', '', '', '2016-08-02 06:13:57', '411030', 0, 1, 1, 1, 1, NULL),
(7, '1', 'sakalnagar baner road aundh pune 7', '', NULL, NULL, '2016-08-21 08:48:50', '2016-08-21 08:47:16', '', 'Ashish Ankush', '', '9823290029', '2016-08-21 08:48:50', '', 0, 1, 1, 1, 1, NULL),
(8, '1', '', NULL, NULL, NULL, '2016-08-23 02:41:57', '2016-08-23 02:41:02', '', 'Pankaj', '', '9822347630', '2016-08-23 02:41:57', '', 0, 1, NULL, NULL, NULL, NULL),
(9, '1', '', NULL, NULL, NULL, '2016-08-24 01:13:42', '2016-08-24 01:13:10', '', 'Dr. Suresh Nerkar', '', '9820346910', '2016-08-24 01:13:42', '', 0, 1, NULL, NULL, 1, NULL),
(10, '1', '', NULL, NULL, NULL, '2016-08-24 01:26:37', '2016-08-24 01:26:22', '', 'Vasant Kinhikar', '', '9767361683', '2016-08-24 01:26:37', '', 0, 1, NULL, NULL, NULL, NULL),
(11, '1', '', NULL, NULL, NULL, '2016-08-24 01:31:28', '2016-08-24 01:31:25', '', 'Rahul Katariya', '', '8879666225', '2016-08-24 01:31:28', '', 0, 1, NULL, NULL, NULL, NULL),
(12, '1', '', NULL, NULL, NULL, '2016-08-24 01:35:46', '2016-08-24 01:35:37', '', 'Abhijeet', '', '9890043679', '2016-08-24 01:35:46', '', 0, 1, NULL, NULL, NULL, NULL),
(13, '1', '', NULL, NULL, NULL, '2016-08-24 01:41:10', '2016-08-24 01:41:05', '', 'Anirudh', '', '9860205948', '2016-08-24 01:41:10', '', 0, 1, NULL, NULL, NULL, NULL),
(14, '1', '', '9013133660', NULL, NULL, '2016-08-24 01:56:50', '2016-08-24 01:56:18', '', 'Meeta Khanna', '', '9422772277', '2016-08-24 01:56:50', '', 0, 1, NULL, NULL, NULL, NULL),
(15, '1', '', NULL, NULL, NULL, '2016-08-24 02:03:06', '2016-08-24 02:03:02', '', 'Nitin', '', '9960596560', '2016-08-24 02:03:06', '', 0, 1, NULL, NULL, NULL, NULL),
(16, '1', '', NULL, NULL, NULL, '2016-08-24 02:06:49', '2016-08-24 02:06:46', '', 'Sachin', '', '9822012480', '2016-08-24 02:06:49', '', 0, 1, NULL, NULL, NULL, NULL),
(17, '1', '', NULL, NULL, NULL, '2016-08-24 02:13:33', '2016-08-24 02:13:31', '', 'Gaurav', '', '9422283159', '2016-08-24 02:13:33', '', 0, 1, NULL, NULL, NULL, NULL),
(18, '1', '', NULL, NULL, NULL, '2016-08-24 02:16:22', '2016-08-24 02:16:16', '', 'Mahesh Kale', '', '9820509467', '2016-08-24 02:16:22', '', 0, 1, NULL, NULL, NULL, NULL),
(19, '1', '', NULL, NULL, NULL, '2016-08-24 02:20:06', '2016-08-24 02:20:03', '', 'Ajit', '', '9881719808', '2016-08-24 02:20:06', '', 0, 1, NULL, NULL, NULL, NULL),
(20, '1', '', NULL, NULL, NULL, '2016-08-24 02:28:31', '2016-08-24 02:28:18', '', 'Abhijeet', '', '9890043679', '2016-08-24 02:28:31', '', 0, 1, NULL, NULL, NULL, NULL),
(21, '1', '', '9657702862', NULL, NULL, '2016-08-24 03:00:29', '2016-08-24 03:00:11', '', 'Shreeysh', '', '9822008599', '2016-08-24 03:00:29', '', 0, 1, NULL, NULL, NULL, NULL),
(22, '1', '', NULL, NULL, NULL, '2016-08-24 03:04:29', '2016-08-24 03:04:23', '', 'Pradeep', '', '9849150414', '2016-08-24 03:04:29', '', 0, 1, NULL, NULL, NULL, NULL),
(23, '1', '', '9881727163', NULL, NULL, '2016-08-24 03:08:32', '2016-08-24 03:08:04', '', 'Atul B', '', '9850957527', '2016-08-24 03:08:32', '', 0, 1, NULL, NULL, NULL, NULL),
(24, '1', '', '9881727163', NULL, NULL, '2016-08-24 03:10:29', '2016-08-24 03:10:09', '', 'Atul B', '', '9850957527', '2016-08-24 03:10:29', '', 0, 1, NULL, NULL, NULL, NULL),
(25, '1', '', NULL, NULL, NULL, '2016-08-24 03:16:08', '2016-08-24 03:16:02', '', 'Prashant Raje', '', '9867211422', '2016-08-24 03:16:08', '', 0, 1, NULL, NULL, NULL, NULL),
(26, '1', '', NULL, NULL, NULL, '2016-08-24 03:16:56', '2016-08-24 03:16:54', '', 'Prashant Raje', '', '9867211422', '2016-08-24 03:16:56', '', 0, 1, NULL, NULL, NULL, NULL),
(27, '1', '', NULL, NULL, NULL, '2016-08-24 03:21:44', '2016-08-24 03:21:38', '', 'Ramesh Bankar', '', '8087797537', '2016-08-24 03:21:44', '', 0, 1, NULL, NULL, NULL, NULL),
(28, '1', '', '9820215512', NULL, NULL, '2016-08-24 03:26:07', '2016-08-24 03:25:43', '', 'Raj', '', '9029498964', '2016-08-24 03:26:07', '', 0, 1, NULL, NULL, NULL, NULL),
(29, '1', '', '020-25442523', NULL, NULL, '2016-08-24 03:33:16', '2016-08-24 03:32:57', '', 'Abhay', '', '8888846930', '2016-08-24 03:33:16', '', 0, 1, NULL, NULL, NULL, NULL),
(30, '1', '', '9820215512', NULL, NULL, '2016-08-24 03:35:25', '2016-08-24 03:34:50', '', 'Raj', '', '9029498964', '2016-08-24 03:35:25', '', 0, 1, NULL, NULL, NULL, NULL),
(31, '1', '', NULL, NULL, NULL, '2016-08-24 03:46:09', '2016-08-24 03:45:58', '', 'Sachin', '', '9423160479', '2016-08-24 03:46:09', '', 0, 1, NULL, NULL, NULL, NULL),
(32, '1', '', '9987062222', NULL, NULL, '2016-08-24 03:49:01', '2016-08-24 03:48:48', '', 'Sunita Lekawale', '', '9892805030', '2016-08-24 03:49:01', '', 0, 1, NULL, NULL, NULL, NULL),
(33, '1', '', '9822476135', NULL, NULL, '2016-08-24 03:56:45', '2016-08-24 03:56:30', '', 'Vinod Gupta', '', '8805435044', '2016-08-24 03:56:45', '', 0, 1, NULL, NULL, NULL, NULL),
(34, '1', '', NULL, NULL, NULL, '2016-08-24 04:00:22', '2016-08-24 04:00:19', '', 'Deepak', '', '9657712256', '2016-08-24 04:00:22', '', 0, 1, NULL, NULL, NULL, NULL),
(35, '1', '', NULL, NULL, NULL, '2016-08-25 00:56:54', '2016-08-25 00:56:51', '', 'Abhinav', '', '9657750050', '2016-08-25 00:56:54', '', 0, 1, NULL, NULL, NULL, NULL),
(36, '1', '', NULL, NULL, NULL, '2016-08-25 00:59:38', '2016-08-25 00:59:35', '', 'Arun Ambardekar', '', '9822259270', '2016-08-25 00:59:38', '', 0, 1, NULL, NULL, NULL, NULL),
(37, '1', '', NULL, NULL, NULL, '2016-08-25 01:15:18', '2016-08-25 01:15:17', '', 'MRC', '', '9769754060', '2016-08-25 01:15:18', '', 0, 1, NULL, NULL, NULL, NULL),
(38, '1', '', NULL, NULL, NULL, '2016-08-25 01:28:20', '2016-08-25 01:28:17', '', 'Mayuri', '', '9970156935', '2016-08-25 01:28:20', '', 0, 1, NULL, NULL, NULL, NULL),
(39, '1', '', NULL, NULL, NULL, '2016-08-25 01:31:42', '2016-08-25 01:31:40', '', 'Raju', '', '9881230386', '2016-08-25 01:31:42', '', 0, 1, NULL, NULL, NULL, NULL),
(40, '1', '', NULL, NULL, NULL, '2016-08-25 01:40:38', '2016-08-25 01:40:36', '', 'Sanjay', '', '9767892871', '2016-08-25 01:40:38', '', 0, 1, NULL, NULL, NULL, NULL),
(41, '1', '', NULL, NULL, NULL, '2016-08-25 01:42:47', '2016-08-25 01:42:45', '', 'Vineet Nirmale', '', '9822259270', '2016-08-25 01:42:47', '', 0, 1, NULL, NULL, NULL, NULL),
(42, '1', '', NULL, NULL, NULL, '2016-08-25 01:47:12', '2016-08-25 01:47:09', '', 'Vineet Nirmale', '', '9860562845', '2016-08-25 01:47:12', '', 0, 1, NULL, NULL, NULL, NULL),
(43, '1', '', '020-25865026', NULL, NULL, '2016-08-25 01:50:51', '2016-08-25 01:50:43', '', 'Harsha', '', '9422987381', '2016-08-25 01:50:51', '', 0, 1, NULL, NULL, NULL, NULL),
(44, '1', '', NULL, NULL, NULL, '2016-08-25 01:59:12', '2016-08-25 01:59:10', '', 'Lakshmi', '', '9730145805', '2016-08-25 01:59:12', '', 0, 1, NULL, NULL, NULL, NULL),
(45, '1', '', NULL, NULL, NULL, '2016-08-25 02:03:46', '2016-08-25 02:03:46', '', 'Beneet', '', '9823232459', '2016-08-25 02:03:46', '', 0, 1, NULL, NULL, NULL, NULL),
(46, '1', '', NULL, NULL, NULL, '2016-08-25 02:05:47', '2016-08-25 02:05:45', '', 'Thakur', '', '9850985280', '2016-08-25 02:05:47', '', 0, 1, NULL, NULL, NULL, NULL),
(47, '1', '', '02572237989', NULL, NULL, '2016-08-25 02:08:01', '2016-08-25 02:07:42', '', 'Kiran Bhirud', '', '9423488188', '2016-08-25 02:08:01', '', 0, 1, NULL, NULL, NULL, NULL),
(48, '1', '', '7588813374', NULL, NULL, '2016-08-25 02:10:50', '2016-08-25 02:10:36', '', 'Manisha', '', '7588813373', '2016-08-25 02:10:50', '', 0, 1, NULL, NULL, NULL, NULL),
(49, '1', '', '9823175700', NULL, NULL, '2016-08-25 02:13:39', '2016-08-25 02:13:25', '', 'Amit', '', '9823275700', '2016-08-25 02:13:39', '', 0, 1, NULL, NULL, NULL, NULL),
(50, '1', '', NULL, NULL, NULL, '2016-08-25 02:16:14', '2016-08-25 02:16:12', '', 'Pooja', '', '9892916857', '2016-08-25 02:16:14', '', 0, 1, NULL, NULL, NULL, NULL),
(51, '1', '', NULL, NULL, NULL, '2016-08-25 02:19:25', '2016-08-25 02:19:22', '', 'Manoj', '', '9833767114', '2016-08-25 02:19:25', '', 0, 1, NULL, NULL, NULL, NULL),
(52, '1', '', NULL, NULL, NULL, '2016-08-25 02:33:21', '2016-08-25 02:33:16', '', 'Sanjay', '', '9422084455', '2016-08-25 02:33:21', '', 0, 1, NULL, NULL, NULL, NULL),
(53, '1', '', NULL, NULL, NULL, '2016-08-25 02:35:40', '2016-08-25 02:35:38', '', 'Sanjay', '', '9422084455', '2016-08-25 02:35:40', '', 0, 1, NULL, NULL, NULL, NULL),
(54, '1', '', NULL, NULL, NULL, '2016-08-25 02:39:57', '2016-08-25 02:39:53', '', 'Ashish Pathak', '', '9922933661', '2016-08-25 02:39:57', '', 0, 1, NULL, NULL, NULL, NULL),
(55, '1', '', NULL, NULL, NULL, '2016-08-25 02:42:12', '2016-08-25 02:42:09', '', 'Nadim', '', '9822634557', '2016-08-25 02:42:12', '', 0, 1, NULL, NULL, NULL, NULL),
(56, '1', '', NULL, NULL, NULL, '2016-08-25 02:44:32', '2016-08-25 02:44:25', '', 'Manish J', '', '9881061991', '2016-08-25 02:44:32', '', 0, 1, NULL, NULL, NULL, NULL),
(57, '1', '', NULL, NULL, NULL, '2016-08-25 02:46:48', '2016-08-25 02:46:46', '', 'Ashok Sheth', '', '9422538453', '2016-08-25 02:46:48', '', 0, 1, NULL, NULL, NULL, NULL),
(58, '1', '', NULL, NULL, NULL, '2016-08-25 03:09:09', '2016-08-25 03:09:06', '', 'Usha Kapur', '', '9820143342', '2016-08-25 03:09:09', '', 0, 1, NULL, NULL, NULL, NULL),
(59, '1', '', '9850717154', NULL, NULL, '2016-08-25 03:19:37', '2016-08-25 03:13:03', '', 'Subhash Ghawate', '', '9860702577', '2016-08-25 03:19:37', '', 0, 1, NULL, NULL, NULL, NULL),
(60, '1', '', NULL, NULL, NULL, '2016-08-25 03:52:03', '2016-08-25 03:52:01', '', 'Rohan Gavande', '', '9822009975', '2016-08-25 03:52:03', '', 0, 1, NULL, NULL, NULL, NULL),
(61, '1', '', '02025693810', NULL, NULL, '2016-08-25 03:56:15', '2016-08-25 03:56:03', '', 'Amit', '', '9325891080', '2016-08-25 03:56:15', '', 0, 1, NULL, NULL, NULL, NULL),
(62, '1', '', '02024487857', NULL, NULL, '2016-08-25 03:59:06', '2016-08-25 03:58:54', '', 'Mangesh K', '', '9922445552', '2016-08-25 03:59:06', '', 0, 1, NULL, NULL, NULL, NULL),
(63, '1', '', NULL, NULL, NULL, '2016-08-25 04:04:07', '2016-08-25 04:04:04', '', 'Nagesh', '', '9657708238', '2016-08-25 04:04:07', '', 0, 1, NULL, NULL, NULL, NULL),
(64, '1', '', NULL, NULL, NULL, '2016-08-25 04:07:46', '2016-08-25 04:07:42', '', 'Santosh Mishra', '', '7798837895', '2016-08-25 04:07:46', '', 0, 1, NULL, NULL, NULL, NULL),
(65, '1', '', NULL, NULL, NULL, '2016-08-25 04:10:13', '2016-08-25 04:10:11', '', 'Akram Kahn', '', '9822302026', '2016-08-25 04:10:13', '', 0, 1, NULL, NULL, NULL, NULL),
(66, '1', '', '9892433269', NULL, NULL, '2016-08-25 04:15:14', '2016-08-25 04:14:48', '', 'Kuvar', '', '9969268845', '2016-08-25 04:15:14', '', 0, 1, NULL, NULL, NULL, NULL),
(67, '1', '', NULL, NULL, NULL, '2016-08-25 04:17:50', '2016-08-25 04:17:47', '', 'Anmol Verma', '', '9823006275', '2016-08-25 04:17:50', '', 0, 1, NULL, NULL, NULL, NULL),
(68, '1', '', NULL, NULL, NULL, '2016-08-25 04:25:45', '2016-08-25 04:25:42', '', 'Kishore Daryani', '', '9822028413', '2016-08-25 04:25:45', '', 0, 1, NULL, NULL, NULL, NULL),
(69, '1', '', '9890205467', NULL, NULL, '2016-08-25 04:28:15', '2016-08-25 04:28:00', '', 'Sridharan PN', '', '9890529609', '2016-08-25 04:28:15', '', 0, 1, NULL, NULL, NULL, NULL),
(70, '1', '', NULL, NULL, NULL, '2016-08-25 04:30:55', '2016-08-25 04:30:53', '', 'Balbir Singh', '', '9822878518', '2016-08-25 04:30:55', '', 0, 1, NULL, NULL, NULL, NULL),
(71, '1', '', NULL, NULL, NULL, '2016-08-25 04:32:45', '2016-08-25 04:32:43', '', 'Nadim', '', '9822634557', '2016-08-25 04:32:45', '', 0, 1, NULL, NULL, NULL, NULL),
(72, '1', '', NULL, NULL, NULL, '2016-08-25 04:34:29', '2016-08-25 04:34:28', '', 'Manjusha', '', '9049231001', '2016-08-25 04:34:29', '', 0, 1, NULL, NULL, NULL, NULL),
(73, '1', '', NULL, NULL, NULL, '2016-08-25 04:37:32', '2016-08-25 04:37:31', '', 'Sameer', '', '9763713687', '2016-08-25 04:37:32', '', 0, 1, NULL, NULL, NULL, NULL),
(74, '1', '', NULL, NULL, NULL, '2016-08-26 01:03:20', '2016-08-26 01:03:16', '', 'Waghulde', '', '9833401170', '2016-08-26 01:03:20', '', 0, 1, NULL, NULL, NULL, NULL),
(75, '1', '', NULL, NULL, NULL, '2016-08-26 01:07:28', '2016-08-26 01:07:25', '', 'Amogh', '', '9890696063', '2016-08-26 01:07:28', '', 0, 1, NULL, NULL, NULL, NULL),
(76, '1', '', NULL, NULL, NULL, '2016-08-26 01:17:55', '2016-08-26 01:17:52', '', 'Rajkumar Kumbhar', '', '9011859405', '2016-08-26 01:17:55', '', 0, 1, NULL, NULL, NULL, NULL),
(77, '1', '', NULL, NULL, NULL, '2016-08-26 01:27:12', '2016-08-26 01:27:09', '', 'Prajakta Dongare', '', '8087214139', '2016-08-26 01:27:12', '', 0, 1, NULL, NULL, NULL, NULL),
(78, '1', '', NULL, NULL, NULL, '2016-08-26 01:29:23', '2016-08-26 01:29:21', '', 'Ruchi Mehra', '', '9820138505', '2016-08-26 01:29:23', '', 0, 1, NULL, NULL, NULL, NULL),
(79, '1', '', NULL, NULL, NULL, '2016-08-26 01:34:20', '2016-08-26 01:34:17', '', 'Harshad', '', '9930991069', '2016-08-26 01:34:20', '', 0, 1, NULL, NULL, NULL, NULL),
(80, '1', '', '02024327327', NULL, NULL, '2016-08-26 01:36:50', '2016-08-26 01:36:33', '', 'Milind Dhongade', '', '9822390485', '2016-08-26 01:36:50', '', 0, 1, NULL, NULL, NULL, NULL),
(81, '1', '', NULL, NULL, NULL, '2016-08-26 01:39:44', '2016-08-26 01:39:43', '', 'Sanket Vaidya', '', '9326176132', '2016-08-26 01:39:44', '', 0, 1, NULL, NULL, NULL, NULL),
(82, '1', '', NULL, NULL, NULL, '2016-08-26 01:46:16', '2016-08-26 01:46:14', '', 'Ajit Ghogale', '', '9890300320', '2016-08-26 01:46:16', '', 0, 1, NULL, NULL, NULL, NULL),
(83, '1', '', NULL, NULL, NULL, '2016-08-26 01:48:36', '2016-08-26 01:48:33', '', 'Naveen Duggal', '', '9545507493', '2016-08-26 01:48:36', '', 0, 1, NULL, NULL, NULL, NULL),
(84, '1', '', NULL, NULL, NULL, '2016-08-26 01:55:09', '2016-08-26 01:55:04', '', 'Tejeswini', '', '9822840216', '2016-08-26 01:55:09', '', 0, 1, NULL, NULL, NULL, NULL),
(85, '1', '', '02024456451', NULL, NULL, '2016-08-26 02:24:23', '2016-08-26 02:24:08', '', 'Pushpa Takalkar', '', '9422414618', '2016-08-26 02:24:23', '', 0, 1, NULL, NULL, NULL, NULL),
(86, '1', '', '02228702756', NULL, NULL, '2016-08-26 02:38:50', '2016-08-26 02:38:39', '', 'P S Nehete', '', '9819617057', '2016-08-26 02:38:50', '', 0, 1, NULL, NULL, NULL, NULL),
(87, '1', '', NULL, NULL, NULL, '2016-08-26 02:40:39', '2016-08-26 02:40:39', '', 'Jyoti Bhalerao', '', '9960256490', '2016-08-26 02:40:39', '', 0, 1, NULL, NULL, NULL, NULL),
(88, '1', '', '02025464245', NULL, NULL, '2016-08-26 02:47:39', '2016-08-26 02:47:27', '', 'Kiran Thuse', '', '9923051427', '2016-08-26 02:47:39', '', 0, 1, NULL, NULL, NULL, NULL),
(89, '1', '', '9820902886', NULL, NULL, '2016-08-26 02:50:13', '2016-08-26 02:50:02', '', 'Kanan Karwa', '', '9967015286', '2016-08-26 02:50:13', '', 0, 1, NULL, NULL, NULL, NULL),
(90, '1', '', NULL, NULL, NULL, '2016-08-26 02:52:40', '2016-08-26 02:52:40', '', 'Zankar Bhavalkar', '', '9822340350', '2016-08-26 02:52:40', '', 0, 1, NULL, NULL, NULL, NULL),
(91, '1', '', '9967570918', NULL, NULL, '2016-08-26 02:55:26', '2016-08-26 02:55:13', '', 'Ashwini Shitole', '', '7738011105', '2016-08-26 02:55:26', '', 0, 1, NULL, NULL, NULL, NULL),
(92, '1', '', '9326406007', NULL, NULL, '2016-08-26 03:00:35', '2016-08-26 03:00:15', '', 'Sameer Ladkat', '', '9860730774', '2016-08-26 03:00:35', '', 0, 1, NULL, NULL, NULL, NULL),
(93, '1', '', NULL, NULL, NULL, '2016-08-26 03:04:19', '2016-08-26 03:04:17', '', 'Minakshi Kochhar', '', '9823889229', '2016-08-26 03:04:19', '', 0, 1, NULL, NULL, NULL, NULL),
(94, '1', '', NULL, NULL, NULL, '2016-08-26 03:12:39', '2016-08-26 03:12:34', '', 'Nishant', '', '9422004667', '2016-08-26 03:12:39', '', 0, 1, NULL, NULL, NULL, NULL),
(95, '1', '', NULL, NULL, NULL, '2016-08-26 03:24:37', '2016-08-26 03:24:35', '', 'Jaiprakash N', '', '9960275439', '2016-08-26 03:24:37', '', 0, 1, NULL, NULL, NULL, NULL),
(96, '1', '', NULL, NULL, NULL, '2016-08-26 03:28:01', '2016-08-26 03:27:58', '', 'Ms. Kedar', '', '9422505412', '2016-08-26 03:28:01', '', 0, 1, NULL, NULL, NULL, NULL),
(97, '1', '', NULL, NULL, NULL, '2016-08-26 03:31:59', '2016-08-26 03:31:56', '', 'Mr. Kedar', '', '9422505412', '2016-08-26 03:31:59', '', 0, 1, NULL, NULL, NULL, NULL),
(98, '1', '', NULL, NULL, NULL, '2016-08-26 03:39:23', '2016-08-26 03:39:20', '', 'Deepak Bhalerao', '', '9881071113', '2016-08-26 03:39:23', '', 0, 1, NULL, NULL, NULL, NULL),
(99, '1', '', NULL, NULL, NULL, '2016-08-26 03:41:53', '2016-08-26 03:41:51', '', 'Chaudhary', '', '9422333032', '2016-08-26 03:41:53', '', 0, 1, NULL, NULL, NULL, NULL),
(100, '1', '', NULL, NULL, NULL, '2016-08-26 03:44:54', '2016-08-26 03:44:52', '', 'Chetali Singhal', '', '7738760694', '2016-08-26 03:44:54', '', 0, 1, NULL, NULL, NULL, NULL),
(101, '1', '', '9022993294', NULL, NULL, '2016-08-26 03:53:45', '2016-08-26 03:53:24', '', 'Sandeep', '', '9823014058', '2016-08-26 03:53:45', '', 0, 1, NULL, NULL, NULL, NULL),
(102, '1', '', '02026681011', NULL, NULL, '2016-08-26 03:57:32', '2016-08-26 03:57:18', '', 'Kunal Kashyap', '', '9890998669', '2016-08-26 03:57:32', '', 0, 1, NULL, NULL, NULL, NULL),
(103, '1', '', NULL, NULL, NULL, '2016-08-26 04:00:26', '2016-08-26 04:00:18', '', 'Harshad', '', '8149193009', '2016-08-26 04:00:26', '', 0, 1, NULL, NULL, NULL, NULL),
(104, '1', '', NULL, NULL, NULL, '2016-08-26 04:05:55', '2016-08-26 04:05:53', '', 'Aditi', '', '9765552490', '2016-08-26 04:05:55', '', 0, 1, NULL, NULL, NULL, NULL),
(105, '1', '', NULL, NULL, NULL, '2016-08-26 04:08:42', '2016-08-26 04:08:41', '', 'Pinakin', '', '9822444963', '2016-08-26 04:08:42', '', 0, 1, NULL, NULL, NULL, NULL),
(106, '1', '', NULL, NULL, NULL, '2016-08-26 04:12:36', '2016-08-26 04:12:29', '', 'Shankar', '', '9404963831', '2016-08-26 04:12:36', '', 0, 1, NULL, NULL, NULL, NULL),
(107, '1', '', NULL, NULL, NULL, '2016-08-26 04:15:24', '2016-08-26 04:15:22', '', 'Aniket', '', '9960075763', '2016-08-26 04:15:24', '', 0, 1, NULL, NULL, NULL, NULL),
(108, '1', '', NULL, NULL, NULL, '2016-08-26 04:20:36', '2016-08-26 04:20:34', '', 'Vijay Patil', '', '9623448205', '2016-08-26 04:20:36', '', 0, 1, NULL, NULL, NULL, NULL),
(109, '1', '', NULL, NULL, NULL, '2016-08-26 04:23:26', '2016-08-26 04:23:24', '', 'Shahnawaz', '', '9860488554', '2016-08-26 04:23:26', '', 0, 1, NULL, NULL, NULL, NULL),
(110, '1', '', NULL, NULL, NULL, '2016-08-26 04:26:43', '2016-08-26 04:26:42', '', 'Ajay Mastakar', '', '9552344099', '2016-08-26 04:26:43', '', 0, 1, NULL, NULL, NULL, NULL),
(111, '1', '', NULL, NULL, NULL, '2016-08-26 04:29:05', '2016-08-26 04:29:02', '', 'Prashant Chaudhari', '', '9922442314', '2016-08-26 04:29:05', '', 0, 1, NULL, NULL, NULL, NULL),
(112, '1', '', NULL, NULL, NULL, '2016-08-27 03:08:54', '2016-08-27 03:08:52', '', 'J Khare', '', '9673229451', '2016-08-27 03:08:54', '', 0, 1, NULL, NULL, NULL, NULL),
(113, '1', '', NULL, NULL, NULL, '2016-08-27 03:20:53', '2016-08-27 03:20:50', '', 'Umesh', '', '9922742950', '2016-08-27 03:20:53', '', 0, 1, NULL, NULL, NULL, NULL),
(114, '1', '', NULL, NULL, NULL, '2016-09-08 04:14:08', '2016-09-08 04:13:32', '', 'Sanjay 1', '', '9422084455', '2016-09-08 04:14:08', '', 0, 1, NULL, NULL, NULL, NULL),
(115, '1', '', NULL, NULL, NULL, '2016-09-26 01:06:48', '2016-09-26 11:40:55', '', 'xyze', '', '9822356456', '2016-09-26 01:06:48', '', 0, 1, 1, NULL, 2, NULL),
(116, '1', '', NULL, NULL, NULL, '2016-09-27 01:52:33', '2016-09-27 01:51:27', 'shweta1033@gmail.com', 'shweta', '', '9422360036', '2016-09-27 01:52:33', '', 0, 1, 1, 2, 2, NULL),
(117, '1', '', NULL, NULL, NULL, '2016-09-29 04:01:33', '2016-09-29 04:00:51', '', 'Apurwa Barve', '', '9881248064', '2016-09-29 04:01:33', '', 0, 1, 1, 2, 2, NULL),
(118, '1', '', NULL, NULL, NULL, '2016-09-29 04:08:36', '2016-09-29 04:08:01', '', 'Nitin Puranik', '', '9822093000', '2016-09-29 04:08:36', '', 0, 1, 1, 1, 2, NULL),
(119, '1', '', NULL, NULL, NULL, '2016-09-29 04:31:16', '2016-09-29 04:30:58', '', 'Jeeva', '', '9422013731', '2016-09-29 04:31:16', '', 0, 1, 1, NULL, 2, NULL),
(120, '1', '', NULL, NULL, NULL, '2016-09-30 01:41:53', '2016-09-30 01:41:37', '', 'Ajay Dhuri', '', '9225616426', '2016-09-30 01:41:53', '', 0, 1, 1, NULL, 2, NULL),
(121, '1', '', NULL, NULL, NULL, '2016-09-30 01:48:55', '2016-09-30 01:48:33', '', 'Manisha Dhole', '', '9967589105', '2016-09-30 01:48:55', '', 0, 1, 1, NULL, 2, NULL),
(122, '1', '', NULL, NULL, NULL, '2016-09-30 01:49:32', '2016-09-30 01:49:03', '', 'Manisha Dhole', '', '9967589105', '2016-09-30 01:49:32', '', 0, 1, 1, 1, 2, NULL),
(123, '1', '', NULL, NULL, NULL, '2016-09-30 01:51:59', '2016-09-30 01:51:31', '', 'Manisha Dhole', '', '9967589105', '2016-09-30 01:51:59', '', 0, 1, 1, 2, 2, NULL),
(124, '1', '', NULL, NULL, NULL, '2016-09-30 01:53:26', '2016-09-30 01:53:10', '', 'Govind', '', '9822877493', '2016-09-30 01:53:26', '', 0, 1, 1, 1, 2, NULL),
(125, '1', '', NULL, NULL, NULL, '2016-09-30 01:55:57', '2016-09-30 01:55:38', '', 'Vaibhav Maheshwari', '', '9893098827', '2016-09-30 01:55:57', '', 0, 1, 1, 1, 2, NULL),
(126, '1', '', NULL, NULL, NULL, '2016-09-30 02:04:35', '2016-09-30 02:04:19', '', 'Tushar Ranawade', '', '9923881630', '2016-09-30 02:04:35', '', 0, 1, 1, 1, 2, NULL),
(127, '1', '', NULL, NULL, NULL, '2016-09-30 02:08:29', '2016-09-30 02:08:11', '', 'Sandesh Deshpande', '', '9766494480', '2016-09-30 02:08:29', '', 0, 1, 1, 1, 2, NULL),
(128, '1', '', NULL, NULL, NULL, '2016-09-30 02:10:33', '2016-09-30 02:10:15', '', 'Abhijeet Kadam', '', '9822988844', '2016-09-30 02:10:33', '', 0, 1, 1, 1, 2, NULL),
(129, '1', '', NULL, NULL, NULL, '2016-09-30 02:15:13', '2016-09-30 02:14:47', '', 'Mrs. Bhagyashree Bannur', '', '9822871319', '2016-09-30 02:15:13', '', 0, 1, 1, 2, 2, NULL),
(130, '1', '', NULL, NULL, NULL, '2016-09-30 02:17:35', '2016-09-30 02:17:23', '', 'Saurabh', '', '9822974893', '2016-09-30 02:17:35', '', 0, 1, 1, NULL, 2, NULL),
(131, '1', '', NULL, NULL, NULL, '2016-09-30 02:41:32', '2016-09-30 02:41:15', '', 'Ashok Narayanswami', '', '9225400626', '2016-09-30 02:41:32', '', 0, 1, 1, 1, 2, NULL),
(132, '1', '', NULL, NULL, NULL, '2016-09-30 02:47:26', '2016-09-30 02:47:04', '', 'Pankaj Kumar', '', '8806563351', '2016-09-30 02:47:26', '', 0, 1, 1, 1, 2, NULL),
(133, '1', '', NULL, NULL, NULL, '2016-09-30 02:47:56', '2016-09-30 02:47:32', '', 'Pankaj Kumar', '', '8806563351', '2016-09-30 02:47:56', '', 0, 1, 1, 1, 2, NULL),
(134, '1', '', NULL, NULL, NULL, '2016-09-30 02:48:39', '2016-09-30 02:48:15', '', 'Pankaj Kumar', '', '8806563351', '2016-09-30 02:48:39', '', 0, 1, 1, 1, 2, NULL),
(135, '1', '', NULL, NULL, NULL, '2016-09-30 02:49:21', '2016-09-30 02:49:03', '', 'Manoj Gupta', '', '9049800685', '2016-09-30 02:49:21', '', 0, 1, 1, 1, 2, NULL),
(136, '1', '', NULL, NULL, NULL, '2016-09-30 02:50:51', '2016-09-30 02:50:37', '', 'Manoj Gupta', '', '9049800685', '2016-09-30 02:50:51', '', 0, 1, 1, 1, 2, NULL),
(137, '1', '', NULL, NULL, NULL, '2016-09-30 02:57:44', '2016-09-30 02:57:26', '', 'Deepa', '', '9923180909', '2016-09-30 02:57:44', '', 0, 1, 1, 2, 2, NULL),
(138, '1', '', NULL, NULL, NULL, '2016-09-30 03:04:55', '2016-09-30 03:04:35', '', 'Dipti Nikam', '', '9890617228', '2016-09-30 03:04:55', '', 0, 1, 1, 2, 2, NULL),
(139, '1', '', NULL, NULL, NULL, '2016-09-30 03:07:59', '2016-09-30 03:07:42', '', 'Vaibhav Neharkar', '', '9975707512', '2016-09-30 03:07:59', '', 0, 1, 1, 1, 2, NULL),
(140, '1', '', '9765410120', NULL, NULL, '2016-09-30 03:12:00', '2016-09-30 03:11:22', '', 'Mallikarjuna', '', '9730145772', '2016-09-30 03:12:00', '', 0, 1, 1, 1, 2, NULL),
(141, '1', '', NULL, NULL, NULL, '2016-09-30 03:15:33', '2016-09-30 03:15:00', '', 'R Rane', '', '9371013753', '2016-09-30 03:15:33', '', 0, 1, 1, 1, 2, NULL),
(142, '1', '', NULL, NULL, NULL, '2016-09-30 03:19:15', '2016-09-30 03:18:57', '', 'Praveen Pawar', '', '9741854860', '2016-09-30 03:19:15', '', 0, 1, 1, 1, 2, NULL),
(143, '1', '', NULL, NULL, NULL, '2016-09-30 03:22:04', '2016-09-30 03:21:36', '', 'Pritesh', '', '8856807676', '2016-09-30 03:22:04', '', 0, 1, 1, 1, 2, NULL),
(144, '1', '', NULL, NULL, NULL, '2016-09-30 03:27:01', '2016-09-30 03:26:44', '', 'Sarang Bezalwar', '', '9823722279', '2016-09-30 03:27:01', '', 0, 1, 1, 1, 2, NULL),
(145, '1', '', NULL, NULL, NULL, '2016-09-30 03:32:43', '2016-09-30 03:32:12', '', 'K. M. More', '', '8446147136', '2016-09-30 03:32:43', '', 0, 1, 1, 1, 2, NULL),
(146, '1', '', NULL, NULL, NULL, '2016-09-30 03:33:24', '2016-09-30 03:33:04', '', 'Anjali kulkarni', '', '9935349122', '2016-09-30 03:33:24', '', 0, 1, 1, 2, 2, NULL),
(147, '1', '', NULL, NULL, NULL, '2016-09-30 03:35:42', '2016-09-30 03:35:26', '', 'Sampada', '', '8390695879', '2016-09-30 03:35:42', '', 0, 1, 1, 2, 2, NULL),
(148, '1', '', NULL, NULL, NULL, '2016-09-30 03:48:37', '2016-09-30 03:48:14', '', 'Chetan', '', '9921051000', '2016-09-30 03:48:37', '', 0, 1, 1, 1, 2, NULL),
(149, '1', '', NULL, NULL, NULL, '2016-09-30 03:57:34', '2016-09-30 03:54:12', '', 'Chetan Walunj', '', '9921051000', '2016-09-30 03:57:34', '', 0, 1, 1, 1, 2, NULL),
(150, '1', '', NULL, NULL, NULL, '2016-09-30 04:04:28', '2016-09-30 04:02:45', '', 'D M Jain', '', '9822046647', '2016-09-30 04:04:28', '', 0, 1, 1, 1, 2, NULL),
(151, '1', '', NULL, NULL, NULL, '2016-09-30 04:07:17', '2016-09-30 04:07:03', '', 'Rajanikant', '', '8806202555', '2016-09-30 04:07:17', '', 0, 1, 1, 1, 2, NULL),
(152, '1', '', NULL, NULL, NULL, '2016-09-30 04:11:20', '2016-09-30 04:10:29', '', 'Pramod Patil', '', '9423893401', '2016-09-30 04:11:20', '', 0, 1, 1, 1, 2, NULL),
(153, '1', '', NULL, NULL, NULL, '2016-09-30 04:13:25', '2016-09-30 04:13:07', '', 'Rinu Gupta', '', '9881378386', '2016-09-30 04:13:25', '', 0, 1, 1, 2, 2, NULL),
(154, '1', '', NULL, NULL, NULL, '2016-09-30 04:16:14', '2016-09-30 04:15:56', '', 'Madhav', '', '9561090383', '2016-09-30 04:16:14', '', 0, 1, 1, 1, 2, NULL),
(155, '1', '', NULL, NULL, NULL, '2016-09-30 04:19:32', '2016-09-30 04:19:10', '', 'Rahul dhotre', '', '9623454232', '2016-09-30 04:19:32', '', 0, 1, 1, 1, 2, NULL),
(156, '1', '', NULL, NULL, NULL, '2016-09-30 04:20:24', '2016-09-30 04:19:56', '', 'Rahul dhotre', '', '9623454232', '2016-09-30 04:20:24', '', 0, 1, 1, 1, 2, NULL),
(157, '1', '', NULL, NULL, NULL, '2016-09-30 04:21:34', '2016-09-30 04:21:21', '', 'Rahul dhotre', '', '9623454232', '2016-09-30 04:21:34', '', 0, 1, 1, 1, 2, NULL),
(158, '1', '', NULL, NULL, NULL, '2016-09-30 04:28:34', '2016-09-30 04:28:19', '', 'Jasmine', '', '9822370431', '2016-09-30 04:28:34', '', 0, 1, 1, 2, 2, NULL),
(159, '1', '', NULL, NULL, NULL, '2016-10-05 01:19:44', '2016-10-05 01:19:23', '', 'Ashish R', '', '9823370567', '2016-10-05 01:19:44', '', 0, 1, 1, 1, 2, NULL),
(160, '1', '', NULL, NULL, NULL, '2016-10-05 01:30:16', '2016-10-05 01:25:32', '', 'Sadanand', '', '9766600312', '2016-10-05 01:30:16', '', 0, 1, 1, 1, 2, NULL),
(161, '1', '', NULL, NULL, NULL, '2016-10-05 01:57:33', '2016-10-05 01:57:13', '', 'Seema Singh', '', '8860013010', '2016-10-05 01:57:33', '', 0, 1, 1, 2, 2, NULL),
(162, '1', '', NULL, NULL, NULL, '2016-10-05 01:59:46', '2016-10-05 01:59:32', '', 'Manisha Dhole', '', '9322730652', '2016-10-05 01:59:46', '', 0, 1, 1, 2, 2, NULL),
(163, '1', '', NULL, NULL, NULL, '2016-10-05 02:01:49', '2016-10-05 02:01:32', '', 'Prashant', '', '9960295169', '2016-10-05 02:01:49', '', 0, 1, 1, 1, 2, NULL),
(164, '1', '', NULL, NULL, NULL, '2016-10-05 02:22:37', '2016-10-05 02:22:19', '', 'Manish Bambal', '', '9591990897', '2016-10-05 02:22:37', '', 0, 1, 1, 1, 2, NULL),
(165, '1', '', NULL, NULL, NULL, '2016-10-05 02:26:50', '2016-10-05 02:25:24', '', 'Pradeep Durugkar', '', '9822021431', '2016-10-05 02:26:50', '', 0, 1, 1, 1, 2, NULL),
(166, '1', '', NULL, NULL, NULL, '2016-10-05 02:53:42', '2016-10-05 02:53:13', '', 'Sangeeta Mahurkar', '', '9999983790', '2016-10-05 02:53:42', '', 0, 1, 1, 2, 2, NULL),
(167, '1', '', NULL, NULL, NULL, '2016-10-05 02:58:56', '2016-10-05 02:58:39', '', 'Aman', '', '7350011799', '2016-10-05 02:58:56', '', 0, 1, 1, 1, 2, NULL),
(168, '1', '', NULL, NULL, NULL, '2016-10-05 03:43:12', '2016-10-05 03:42:55', '', 'Ashok Patil', '', '9175111050', '2016-10-05 03:43:12', '', 0, 1, 1, 1, 2, NULL),
(169, '1', '', NULL, NULL, NULL, '2016-10-05 03:45:22', '2016-10-05 03:44:56', '', 'Sumit', '', '9604733135', '2016-10-05 03:45:22', '', 0, 1, 1, 1, 2, NULL),
(170, '1', '', NULL, NULL, NULL, '2016-10-05 03:47:15', '2016-10-05 03:46:57', '', 'Raghuraj', '', '9422031056', '2016-10-05 03:47:15', '', 0, 1, 1, 1, 2, NULL),
(171, '1', '', NULL, NULL, NULL, '2016-10-05 03:49:19', '2016-10-05 03:49:05', '', 'Shantanu', '', '9949994103', '2016-10-05 03:49:19', '', 0, 1, 1, 1, 2, NULL),
(172, '1', '', NULL, NULL, NULL, '2016-10-05 03:52:38', '2016-10-05 03:52:18', '', 'Shailendra', '', '9920812635', '2016-10-05 03:52:38', '', 0, 1, 1, 1, 2, NULL),
(173, '1', '', NULL, NULL, NULL, '2016-10-05 03:55:39', '2016-10-05 03:55:24', '', 'Prashant Pandit', '', '9323283468', '2016-10-05 03:55:39', '', 0, 1, 1, 1, 2, NULL),
(174, '1', '', NULL, NULL, NULL, '2016-10-05 03:59:47', '2016-10-05 03:59:27', '', 'Tanuj', '', '9167216831', '2016-10-05 03:59:47', '', 0, 1, 1, 1, 2, NULL),
(175, '1', '', NULL, NULL, NULL, '2016-10-05 04:02:43', '2016-10-05 04:02:28', '', 'Mangala', '', '9766021322', '2016-10-05 04:02:43', '', 0, 1, 1, 2, 2, NULL),
(176, '1', '', NULL, NULL, NULL, '2016-10-05 04:04:44', '2016-10-05 04:04:23', '', 'Rajendra Awasthi', '', '9824104302', '2016-10-05 04:04:44', '', 0, 1, 1, 1, 2, NULL),
(177, '1', '', '9403185991', NULL, NULL, '2016-10-05 04:09:09', '2016-10-05 04:08:44', '', 'Manish Kulkarni', '', '9822263623', '2016-10-05 04:09:09', '', 0, 1, 1, 1, 2, NULL),
(178, '1', '', NULL, NULL, NULL, '2016-10-05 04:11:32', '2016-10-05 04:11:16', '', 'Gajendra', '', '9822827366', '2016-10-05 04:11:32', '', 0, 1, 1, 1, 2, NULL),
(179, '1', '', NULL, NULL, NULL, '2016-10-06 02:21:49', '2016-10-06 02:21:40', '', 'Anand', '', '9879055940', '2016-10-06 02:21:49', '', 0, 1, 1, 1, 2, NULL),
(180, '1', '', NULL, NULL, NULL, '2016-10-06 02:24:06', '2016-10-06 02:23:55', '', 'Abhijit', '', '9225510601', '2016-10-06 02:24:06', '', 0, 1, 1, 1, 2, NULL),
(181, '1', '', NULL, NULL, NULL, '2016-10-06 02:27:36', '2016-10-06 02:27:21', '', 'Protik Sengupta', '', '9935190765', '2016-10-06 02:27:36', '', 0, 1, 1, 1, 2, NULL),
(182, '1', '', NULL, NULL, NULL, '2016-10-06 02:29:32', '2016-10-06 02:29:18', '', 'Subhash Ladge', '', '9822079800', '2016-10-06 02:29:32', '', 0, 1, 1, 1, 2, NULL),
(183, '1', '', NULL, NULL, NULL, '2016-10-06 02:33:41', '2016-10-06 02:33:26', '', 'Priyaranjan', '', '9923075888', '2016-10-06 02:33:41', '', 0, 1, 1, 1, 2, NULL),
(184, '1', '', '9923456515', NULL, NULL, '2016-10-06 02:37:21', '2016-10-06 02:36:49', '', 'Sangeeta Ghosalkar', '', '7387425532', '2016-10-06 02:37:21', '', 0, 1, 1, 2, 2, NULL),
(185, '1', '', NULL, NULL, NULL, '2016-10-06 02:49:27', '2016-10-06 02:49:09', '', 'Samrat Ghorpade', '', '9823085933', '2016-10-06 02:49:27', '', 0, 1, 1, 1, 2, NULL),
(186, '1', '', NULL, NULL, NULL, '2016-10-06 03:21:04', '2016-10-06 03:20:44', '', 'B B Dhamane', '', '9822442122', '2016-10-06 03:21:04', '', 0, 1, 1, 1, 2, NULL),
(187, '1', '', NULL, NULL, NULL, '2016-10-06 03:27:17', '2016-10-06 03:27:02', '', 'Smita', '', '9422348266', '2016-10-06 03:27:17', '', 0, 1, 1, 2, 2, NULL),
(188, '1', '', NULL, NULL, NULL, '2016-10-06 03:29:55', '2016-10-06 03:29:24', '', 'Harendr Shukla', '', '9823217240', '2016-10-06 03:29:55', '', 0, 1, 1, 1, 2, NULL),
(189, '1', '', NULL, NULL, NULL, '2016-10-06 03:39:17', '2016-10-06 03:38:59', '', 'Vasant Sawant', '', '9822447950', '2016-10-06 03:39:17', '', 0, 1, 1, 1, 2, NULL),
(190, '1', '', NULL, NULL, NULL, '2016-10-06 03:47:12', '2016-10-06 03:47:01', '', 'Vasant Sawant', '', '9822447950', '2016-10-06 03:47:12', '', 0, 1, 1, 1, 2, NULL),
(191, '1', '', NULL, NULL, NULL, '2016-10-06 03:49:37', '2016-10-06 03:49:18', '', 'Girish Athalye', '', '9823220235', '2016-10-06 03:49:37', '', 0, 1, 1, 1, 2, NULL),
(192, '1', '', NULL, NULL, NULL, '2016-10-06 03:52:33', '2016-10-06 03:52:18', '', 'Rupali', '', '9975934768', '2016-10-06 03:52:33', '', 0, 1, 1, 2, 2, NULL),
(193, '1', '', NULL, NULL, NULL, '2016-10-06 03:57:06', '2016-10-06 03:56:41', '', 'Saurabh', '', '9767847103', '2016-10-06 03:57:06', '', 0, 1, 1, 1, 2, NULL),
(194, '1', '', NULL, NULL, NULL, '2016-10-06 03:59:59', '2016-10-06 03:59:42', '', 'Sameer', '', '9822746644', '2016-10-06 03:59:59', '', 0, 1, 1, 1, 2, NULL),
(195, '1', '', NULL, NULL, NULL, '2016-10-06 04:02:50', '2016-10-06 04:02:33', '', 'Suman', '', '9370650425', '2016-10-06 04:02:50', '', 0, 1, 1, 1, 2, NULL),
(196, '1', '', NULL, NULL, NULL, '2016-10-06 04:04:16', '2016-10-06 04:03:57', '', 'Suman', '', '9370650425', '2016-10-06 04:04:16', '', 0, 1, 1, 2, 2, NULL),
(197, '1', '', NULL, NULL, NULL, '2016-10-06 04:08:38', '2016-10-06 04:08:22', '', 'Amit', '', '9225109809', '2016-10-06 04:08:38', '', 0, 1, 1, 1, 2, NULL),
(198, '1', '', NULL, NULL, NULL, '2016-10-06 04:10:32', '2016-10-06 04:10:18', '', 'Nikhil Yadav', '', '9673111666', '2016-10-06 04:10:32', '', 0, 1, 1, 1, 2, NULL),
(199, '1', '', NULL, NULL, NULL, '2016-10-06 04:14:57', '2016-10-06 04:14:35', '', 'Uma Panse', '', '8600018659', '2016-10-06 04:14:57', '', 0, 1, 1, 2, 2, NULL),
(200, '1', '', NULL, NULL, NULL, '2016-10-06 04:18:11', '2016-10-06 04:17:56', '', 'Manish Puri', '', '9011089155', '2016-10-06 04:18:11', '', 0, 1, 1, 1, 2, NULL),
(201, '1', '', NULL, NULL, NULL, '2016-10-08 01:25:26', '2016-10-08 01:25:12', '', 'Milind', '', '9619949497', '2016-10-08 01:25:26', '', 0, 1, 1, 1, 2, NULL),
(202, '1', '', NULL, NULL, NULL, '2016-10-08 01:28:40', '2016-10-08 01:28:26', '', 'Mangesh Prabhudesai', '', '9823777235', '2016-10-08 01:28:40', '', 0, 1, 1, 1, 2, NULL),
(203, '1', '', NULL, NULL, NULL, '2016-10-08 02:32:59', '2016-10-08 02:32:43', '', 'Mayur', '', '8983380517', '2016-10-08 02:32:59', '', 0, 1, 1, 1, 2, NULL),
(204, '1', '', NULL, NULL, NULL, '2016-10-08 02:35:14', '2016-10-08 02:34:44', '', 'Paresh Rege', '', '9860091740', '2016-10-08 02:35:14', '', 0, 1, 1, 1, 2, NULL),
(205, '1', '', NULL, NULL, NULL, '2016-10-08 02:45:13', '2016-10-08 02:44:58', '', 'Paresh Rege', '', '9860091740', '2016-10-08 02:45:13', '', 0, 1, 1, 1, 2, NULL),
(206, '1', '', '020-25396323', NULL, NULL, '2016-10-08 02:47:54', '2016-10-08 02:47:30', '', 'Paresh Rege', '', '9860091740', '2016-10-08 02:47:54', '', 0, 1, 1, 1, 2, NULL),
(207, '1', '', NULL, NULL, NULL, '2016-10-08 02:48:24', '2016-10-08 02:48:13', '', 'Chaitanya Nikte', '', '9922990123', '2016-10-08 02:48:24', '', 0, 1, 1, 1, 2, NULL),
(208, '1', '', NULL, NULL, NULL, '2016-10-08 02:51:56', '2016-10-08 02:51:38', '', 'Rajendrakumar Ghemud', '', '9881459963', '2016-10-08 02:51:56', '', 0, 1, 1, 1, 2, NULL),
(209, '1', '', NULL, NULL, NULL, '2016-10-08 02:57:04', '2016-10-08 02:56:54', '', 'Pratap Jadhav', '', '9822097993', '2016-10-08 02:57:04', '', 0, 1, 1, 1, 2, NULL),
(210, '1', '', NULL, NULL, NULL, '2016-10-08 03:07:25', '2016-10-08 03:07:11', '', 'Bharti Oswal', '', '9811369928', '2016-10-08 03:07:25', '', 0, 1, 1, 2, 2, NULL),
(211, '1', '', NULL, NULL, NULL, '2016-10-08 03:10:58', '2016-10-08 03:10:29', '', 'bhagat', '', '9422037107', '2016-10-08 03:10:58', '', 0, 1, 1, 1, 2, NULL),
(212, '1', '', NULL, NULL, NULL, '2016-10-08 03:12:14', '2016-10-08 03:12:00', '', 'Swapnil', '', '9969223657', '2016-10-08 03:12:14', '', 0, 1, 1, 1, 2, NULL),
(213, '1', '', NULL, NULL, NULL, '2016-10-08 03:13:26', '2016-10-08 03:13:15', '', 'bhagat', '', '9422037107', '2016-10-08 03:13:26', '', 0, 1, 1, NULL, NULL, NULL),
(214, '1', '', NULL, NULL, NULL, '2016-10-08 03:15:11', '2016-10-08 03:15:00', '', 'bhagat', '', '9422037107', '2016-10-08 03:15:11', '', 0, 1, 1, NULL, NULL, NULL),
(215, '1', '', NULL, NULL, NULL, '2016-10-08 03:16:28', '2016-10-08 03:16:04', '', 'jaya sathe', '', '9881130201', '2016-10-08 03:16:28', '', 0, 1, 1, NULL, 2, NULL),
(216, '1', '', '9370306438', NULL, NULL, '2016-10-08 03:18:41', '2016-10-08 03:18:18', '', 'Ashok Dahotre', '', '9850886883', '2016-10-08 03:18:41', '', 0, 1, 1, 1, 2, NULL),
(217, '1', '', NULL, NULL, NULL, '2016-10-08 03:20:20', '2016-10-08 03:20:07', '', 'Manjiri Nair', '', '9823018018', '2016-10-08 03:20:20', '', 0, 1, 1, 1, 2, NULL),
(218, '1', '', NULL, NULL, NULL, '2016-10-08 03:21:58', '2016-10-08 03:21:45', '', 'Vikas Karate', '', '9405669999', '2016-10-08 03:21:58', '', 0, 1, 1, 1, 2, NULL),
(219, '1', '', NULL, NULL, NULL, '2016-10-08 03:23:04', '2016-10-08 03:22:48', '', 'Jitendra', '', '9422214677', '2016-10-08 03:23:04', '', 0, 1, 1, 1, 2, NULL),
(220, '1', '', NULL, NULL, NULL, '2016-10-08 03:25:20', '2016-10-08 03:25:06', '', 'Vishal Kokadwar', '', '9702083699', '2016-10-08 03:25:20', '', 0, 1, 1, 1, 2, NULL),
(221, '1', '', NULL, NULL, NULL, '2016-10-08 03:26:42', '2016-10-08 03:26:27', '', 'Ritesh Gupta', '', '9422861551', '2016-10-08 03:26:42', '', 0, 1, 1, 1, 2, NULL),
(222, '1', '', NULL, NULL, NULL, '2016-10-08 03:27:42', '2016-10-08 03:27:16', '', 'joshi', '', '9422987634', '2016-10-08 03:27:42', '', 0, 1, 1, NULL, 2, NULL),
(223, '1', '', NULL, NULL, NULL, '2016-10-08 03:29:18', '2016-10-08 03:29:00', '', 'anupjawale', '', '9823666160', '2016-10-08 03:29:18', '', 0, 1, 1, NULL, 2, NULL),
(224, '1', '', NULL, NULL, NULL, '2016-10-08 03:29:32', '2016-10-08 03:29:20', '', 'Rajendra Gandhi', '', '9822037779', '2016-10-08 03:29:32', '', 0, 1, 1, 1, 2, NULL),
(225, '1', '', '9371030859', NULL, NULL, '2016-10-08 03:31:02', '2016-10-08 03:30:40', '', 'Pradeep Wagh', '', '9881364977', '2016-10-08 03:31:02', '', 0, 1, 1, 1, 2, NULL),
(226, '1', '', NULL, NULL, NULL, '2016-10-08 03:31:40', '2016-10-08 03:31:20', '', 'shende', '', '8600266529', '2016-10-08 03:31:40', '', 0, 1, 1, NULL, 2, NULL),
(227, '1', '', NULL, NULL, NULL, '2016-10-08 03:33:58', '2016-10-08 03:33:44', '', 'sunil shirsat', '', '9850840788', '2016-10-08 03:33:58', '', 0, 1, 1, NULL, 2, NULL),
(228, '1', '', NULL, NULL, NULL, '2016-10-08 03:35:54', '2016-10-08 03:35:38', '', 'nita', '', '9822211503', '2016-10-08 03:35:54', '', 0, 1, 1, NULL, 2, NULL),
(229, '1', '', NULL, NULL, NULL, '2016-10-08 03:36:47', '2016-10-08 03:36:37', '', 'Arun Sarode', '', '9423577306', '2016-10-08 03:36:47', '', 0, 1, 1, 1, 2, NULL),
(230, '1', '', NULL, NULL, NULL, '2016-10-08 03:38:24', '2016-10-08 03:37:53', '', 'amit', '', '9820230365', '2016-10-08 03:38:24', '', 0, 1, 1, NULL, 2, NULL),
(231, '1', '', NULL, NULL, NULL, '2016-10-08 03:39:08', '2016-10-08 03:38:55', '', 'Deepak', '', '9422011672', '2016-10-08 03:39:08', '', 0, 1, 1, 1, 2, NULL),
(232, '1', '', NULL, NULL, NULL, '2016-10-08 03:40:52', '2016-10-08 03:40:38', '', 'Shailesh', '', '9819859488', '2016-10-08 03:40:52', '', 0, 1, 1, 1, 2, NULL),
(233, '1', '', NULL, NULL, NULL, '2016-10-08 03:42:17', '2016-10-08 03:41:54', '', 'archana kubal', '', '9869375548', '2016-10-08 03:42:17', '', 0, 1, 1, 1, 2, NULL),
(234, '1', '', NULL, NULL, NULL, '2016-10-08 03:46:35', '2016-10-08 03:45:50', '', 'Yogesh Jain', '', '9860378328', '2016-10-08 03:46:35', '', 0, 1, 1, 1, 2, NULL),
(235, '1', '', NULL, NULL, NULL, '2016-10-08 03:49:18', '2016-10-08 03:48:51', '', 'ramakant kulkarni', '', '9730081941', '2016-10-08 03:49:18', '', 0, 1, 1, 1, 2, NULL),
(236, '1', '', NULL, NULL, NULL, '2016-10-08 03:50:00', '2016-10-08 03:49:48', '', 'Rohit', '', '8975752823', '2016-10-08 03:50:00', '', 0, 1, 1, 1, 2, NULL),
(237, '1', '', NULL, NULL, NULL, '2016-10-08 03:52:09', '2016-10-08 03:51:51', '', 'asha bhilare', '', '9820800656', '2016-10-08 03:52:09', '', 0, 1, 1, NULL, 2, NULL),
(238, '1', '', NULL, NULL, NULL, '2016-10-08 03:53:41', '2016-10-08 03:53:29', '', 'Shashank', '', '9822188441', '2016-10-08 03:53:41', '', 0, 1, 1, 1, 2, NULL),
(239, '1', '', NULL, NULL, NULL, '2016-10-08 03:54:55', '2016-10-08 03:54:31', '', 'vaibhav', '', '9657723524', '2016-10-08 03:54:55', '', 0, 1, 1, NULL, 2, NULL),
(240, '1', '', NULL, NULL, NULL, '2016-10-08 03:55:19', '2016-10-08 03:55:06', '', 'Charu', '', '9673003238', '2016-10-08 03:55:19', '', 0, 1, 1, 2, 2, NULL),
(241, '1', '', NULL, NULL, NULL, '2016-10-08 03:56:15', '2016-10-08 03:56:00', '', 'harjas', '', '9822013583', '2016-10-08 03:56:15', '', 0, 1, 1, NULL, 2, NULL),
(242, '1', '', NULL, NULL, NULL, '2016-10-08 03:56:57', '2016-10-08 03:56:44', '', 'Harish Gupta', '', '9922158547', '2016-10-08 03:56:57', '', 0, 1, 1, 1, 2, NULL),
(243, '1', '', NULL, NULL, NULL, '2016-10-08 03:58:21', '2016-10-08 03:58:09', '', 'Bhupesh Kokate', '', '9890239995', '2016-10-08 03:58:21', '', 0, 1, 1, 1, 2, NULL),
(244, '1', '', NULL, NULL, NULL, '2016-10-08 03:59:35', '2016-10-08 03:59:17', '', 'parshant mahiras', '', '8861033688', '2016-10-08 03:59:35', '', 0, 1, 1, NULL, 2, NULL),
(245, '1', '', NULL, NULL, NULL, '2016-10-08 04:00:01', '2016-10-08 03:59:50', '', 'Deovrat Vaidya', '', '9860329754', '2016-10-08 04:00:01', '', 0, 1, 1, 1, 2, NULL),
(246, '1', '', NULL, NULL, NULL, '2016-10-08 04:02:10', '2016-10-08 04:01:38', '', 'Suhas', '', '8888992200', '2016-10-08 04:02:10', '', 0, 1, 1, 1, 2, NULL),
(247, '1', '', NULL, NULL, NULL, '2016-10-08 04:04:23', '2016-10-08 04:04:09', '', 'Sheetal kamble', '', '9730887145', '2016-10-08 04:04:23', '', 0, 1, 1, 2, 2, NULL),
(248, '1', '', NULL, NULL, NULL, '2016-10-08 04:15:12', '2016-10-08 04:14:49', '', 'deepati', '', '9371092952', '2016-10-08 04:15:12', '', 0, 1, 1, 2, 2, NULL),
(249, '1', '', NULL, NULL, NULL, '2016-10-08 04:17:54', '2016-10-08 04:17:10', '', 'prerana shah', '', '9595058565', '2016-10-08 04:17:54', '', 0, 1, 1, NULL, 2, NULL),
(250, '1', '', NULL, NULL, NULL, '2016-10-08 04:20:17', '2016-10-08 04:19:57', '', 'pritbha', '', '8800490717', '2016-10-08 04:20:17', '', 0, 1, 1, NULL, 2, NULL),
(251, '1', '', NULL, NULL, NULL, '2016-10-08 04:24:17', NULL, '', 'kilbushan', '', '9920826478', '2016-10-08 04:24:17', '', 0, 1, 1, NULL, 2, NULL),
(252, '1', '', NULL, NULL, NULL, '2016-10-08 04:26:46', '2016-10-08 04:26:30', '', 'babu', '', '9325016803', '2016-10-08 04:26:46', '', 0, 1, 1, NULL, 2, NULL),
(253, '1', '', NULL, NULL, NULL, '2016-10-08 04:28:25', NULL, '', 'kirti sawant', '', '9833029306', '2016-10-08 04:28:25', '', 0, 1, 1, NULL, 2, NULL),
(254, '1', '', NULL, NULL, NULL, '2016-10-08 07:27:09', '2016-10-08 07:26:50', '', 'anil', '', '9881252035', '2016-10-08 07:27:09', '', 0, 1, 1, 1, 2, NULL),
(255, '1', '', NULL, NULL, NULL, '2016-10-08 07:32:05', NULL, '', 'avinash', '', '9890042888', '2016-10-08 07:32:05', '', 0, 1, 1, 1, 2, NULL),
(256, '1', '', NULL, NULL, NULL, '2016-10-08 07:34:43', NULL, '', 'rikesh singh', '', '9591650226', '2016-10-08 07:34:43', '', 0, 1, 1, NULL, 2, NULL),
(257, '1', '', NULL, NULL, NULL, '2016-10-08 07:36:45', NULL, '', 'murthy', '', '9767573300', '2016-10-08 07:36:45', '', 0, 1, 1, NULL, 1, NULL),
(258, '1', '', NULL, NULL, NULL, '2016-10-08 07:39:38', NULL, '', 'sandeep vaswani', '', '9819112603', '2016-10-08 07:39:38', '', 0, 1, 1, NULL, 2, NULL),
(259, '1', '', NULL, NULL, NULL, '2016-10-08 07:42:41', NULL, '', 'sujata puranik', '', '9822555512', '2016-10-08 07:42:41', '', 0, 1, 1, NULL, 2, NULL),
(260, '1', '', NULL, NULL, NULL, '2016-10-08 07:46:17', NULL, '', 'rajeev', '', '77099870351', '2016-10-08 07:46:17', '', 0, 1, 1, 1, 2, NULL),
(261, '1', '', NULL, NULL, NULL, '2016-10-08 07:49:55', NULL, '', 'madhav', '', '9820918070', '2016-10-08 07:49:55', '', 0, 1, 1, 1, 1, NULL),
(262, '1', '', NULL, NULL, NULL, '2016-10-08 07:52:52', NULL, '', 'aniruddha', '', '9552385059', '2016-10-08 07:52:52', '', 0, 1, 1, 2, 2, NULL),
(263, '1', '', NULL, NULL, NULL, '2016-10-08 07:55:30', NULL, '', 'sachin mane', '', '9822298766', '2016-10-08 07:55:30', '', 0, 1, 1, 1, 2, NULL),
(264, '1', '', NULL, NULL, NULL, '2016-10-08 07:58:20', NULL, '', 'manoj', '', '8600195553', '2016-10-08 07:58:20', '', 0, 1, 1, NULL, 2, NULL),
(265, '1', '', NULL, NULL, NULL, '2016-10-08 08:01:56', NULL, '', 'pankaj wakde', '', '9665380013', '2016-10-08 08:01:56', '', 0, 1, 1, NULL, 2, NULL),
(266, '1', '', NULL, NULL, NULL, '2016-10-08 08:04:08', '2016-10-08 08:03:58', '', 'meena doshi', '', '9765657996', '2016-10-08 08:04:08', '', 0, 1, 1, 1, 1, NULL),
(267, '1', '', NULL, NULL, NULL, '2016-10-08 08:07:43', NULL, '', 'swapnil', '', '9890258707', '2016-10-08 08:07:43', '', 0, 1, 1, NULL, 2, NULL),
(268, '1', '', NULL, NULL, NULL, '2016-10-08 08:12:04', NULL, '', 'amol deshpande', '', '9987549636', '2016-10-08 08:12:04', '', 0, 1, 1, 1, 2, NULL),
(269, '1', '', NULL, NULL, NULL, '2016-10-08 08:14:50', NULL, '', 'tushar joshi', '', '8857090183', '2016-10-08 08:14:50', '', 0, 1, 1, 1, 2, NULL),
(270, '1', '', NULL, NULL, NULL, '2016-10-08 08:16:46', NULL, '', 'k.v vora', '', '9975581049', '2016-10-08 08:16:46', '', 0, 1, 1, NULL, 2, NULL),
(271, '1', '', NULL, NULL, NULL, '2016-10-08 08:18:54', NULL, '', 'anjali marathe', '', '9890029123', '2016-10-08 08:18:54', '', 0, 1, 1, NULL, 2, NULL),
(272, '1', '', NULL, NULL, NULL, '2016-10-08 08:21:04', NULL, '', 'borse', '', '9960944135', '2016-10-08 08:21:04', '', 0, 1, 1, 1, 2, NULL),
(273, '1', '', NULL, NULL, NULL, '2016-10-08 08:22:53', NULL, '', 'vaibhav', '', '9823209912', '2016-10-08 08:22:53', '', 0, 1, 1, NULL, 1, NULL),
(274, '1', '', NULL, NULL, NULL, '2016-10-08 08:25:17', NULL, '', 'kanta bhalerao', '', '9423036419', '2016-10-08 08:25:17', '', 0, 1, 1, NULL, 2, NULL),
(275, '1', '', NULL, NULL, NULL, '2016-10-12 07:46:19', NULL, '', 'mahesh', '', '9881134908', '2016-10-12 07:46:19', '', 0, 1, 1, NULL, 2, NULL),
(276, '1', '', NULL, NULL, NULL, '2016-10-12 07:48:43', NULL, '', 'amer desai', '', '9822655775', '2016-10-12 07:48:43', '', 0, 1, 1, NULL, 1, NULL),
(277, '1', '', NULL, NULL, NULL, '2016-10-12 07:51:45', NULL, '', 'mohan tilloo', '', '9890020806', '2016-10-12 07:51:45', '', 0, 1, 1, NULL, 2, NULL),
(278, '1', '', NULL, NULL, NULL, '2016-10-12 07:54:38', NULL, '', 'neelam', '', '9579452979', '2016-10-12 07:54:38', '', 0, 1, 1, 1, 2, NULL),
(279, '1', '', NULL, NULL, NULL, '2016-10-12 07:57:12', NULL, '', 'dattatraya', '', '9049496226', '2016-10-12 07:57:12', '', 0, 1, 1, 1, 2, NULL),
(280, '1', '', NULL, NULL, NULL, '2016-10-12 08:00:24', NULL, '', 'RAM', '', '9869241580', '2016-10-12 08:00:24', '', 0, 1, 1, 1, 2, NULL),
(281, '1', '', NULL, NULL, NULL, '2016-10-12 08:17:01', NULL, '', 'tushar shah', '', '9822041204', '2016-10-12 08:17:01', '', 0, 1, 1, NULL, NULL, NULL),
(282, '1', '', NULL, NULL, NULL, '2016-10-13 00:32:56', '2016-10-13 00:32:44', '', 'Agrwal', '', '9011342916', '2016-10-13 00:32:56', '', 0, 1, 1, 1, 2, NULL),
(283, '1', '', NULL, NULL, NULL, '2016-10-13 00:35:42', '2016-10-13 00:35:30', '', 'Ravindra', '', '9764696969', '2016-10-13 00:35:42', '', 0, 1, 1, 1, 2, NULL),
(284, '1', '', NULL, NULL, NULL, '2016-10-13 00:38:19', '2016-10-13 00:38:05', '', 'Kabade', '', '9823088980', '2016-10-13 00:38:19', '', 0, 1, 1, 1, 2, NULL),
(285, '1', '', NULL, NULL, NULL, '2016-10-13 00:41:51', '2016-10-13 00:41:39', '', 'Manish', '', '9004097360', '2016-10-13 00:41:51', '', 0, 1, 1, 1, 2, NULL),
(286, '1', '', NULL, NULL, NULL, '2016-10-13 00:44:33', '2016-10-13 00:44:23', '', 'Ashutosh', '', '9881732541', '2016-10-13 00:44:33', '', 0, 1, 1, 1, 2, NULL),
(287, '1', '', NULL, NULL, NULL, '2016-10-13 00:48:24', '2016-10-13 00:48:15', '', 'Zankar', '', '9370528853', '2016-10-13 00:48:24', '', 0, 1, 1, 1, 2, NULL),
(288, '1', '', NULL, NULL, NULL, '2016-10-13 00:51:11', '2016-10-13 00:50:58', '', 'Bharat', '', '9881201595', '2016-10-13 00:51:11', '', 0, 1, 1, 1, 2, NULL),
(289, '1', '', NULL, NULL, NULL, '2016-10-13 00:53:14', '2016-10-13 00:53:01', '', 'Vishant', '', '7875579085', '2016-10-13 00:53:14', '', 0, 1, 1, 1, 2, NULL),
(290, '1', '', NULL, NULL, NULL, '2016-10-13 01:04:51', '2016-10-13 01:04:38', '', 'Neelima Yadhav', '', '9762199407', '2016-10-13 01:04:51', '', 0, 1, 1, 2, 2, NULL),
(291, '1', '', NULL, NULL, NULL, '2016-10-13 01:07:21', '2016-10-13 01:07:09', '', 'Swapnil', '', '9028755777', '2016-10-13 01:07:21', '', 0, 1, 1, 1, 2, NULL),
(292, '1', '', NULL, NULL, NULL, '2016-10-13 01:09:37', '2016-10-13 01:09:23', '', 'Mukund', '', '9881001260', '2016-10-13 01:09:37', '', 0, 1, 1, 1, 2, NULL),
(293, '1', '', NULL, NULL, NULL, '2016-10-13 01:15:54', '2016-10-13 01:15:34', '', 'Jolly', '', '9823058899', '2016-10-13 01:15:54', '', 0, 1, 1, 2, 2, NULL),
(294, '1', '', NULL, NULL, NULL, '2016-10-13 01:40:43', '2016-10-13 01:40:30', '', 'Shashikala', '', '9767594931', '2016-10-13 01:40:43', '', 0, 1, 1, 2, 2, NULL),
(295, '1', '', NULL, NULL, NULL, '2016-10-13 01:58:21', '2016-10-13 01:58:07', '', 'Sangeet', '', '9923307120', '2016-10-13 01:58:21', '', 0, 1, 1, 1, 2, NULL),
(296, '1', '', NULL, NULL, NULL, '2016-10-13 02:05:38', '2016-10-13 02:05:28', '', 'Milind', '', '9822862404', '2016-10-13 02:05:38', '', 0, 1, 1, 1, 2, NULL),
(297, '1', '', NULL, NULL, NULL, '2016-10-13 02:16:44', '2016-10-13 02:16:34', '', 'Hena', '', '9821248039', '2016-10-13 02:16:44', '', 0, 1, 1, 2, 2, NULL),
(298, '1', '', NULL, NULL, NULL, '2016-10-13 02:27:05', '2016-10-13 02:26:53', '', 'Pankaj', '', '9552533685', '2016-10-13 02:27:05', '', 0, 1, 1, 1, 2, NULL),
(299, '1', '', NULL, NULL, NULL, '2016-10-13 02:31:47', '2016-10-13 02:31:37', '', 'Ramesh', '', '9611109165', '2016-10-13 02:31:47', '', 0, 1, 1, 1, 2, NULL),
(300, '1', '', NULL, NULL, NULL, '2016-10-13 02:34:12', '2016-10-13 02:34:00', '', 'Mansee Swamy', '', '8308824078', '2016-10-13 02:34:12', '', 0, 1, 1, 2, 2, NULL),
(301, '1', '', NULL, NULL, NULL, '2016-10-13 02:39:33', '2016-10-13 02:39:22', '', 'Nilesh', '', '9820933236', '2016-10-13 02:39:33', '', 0, 1, 1, 1, 2, NULL);
INSERT INTO `customer` (`CUSTOMERID`, `ACTIVE`, `ADDRESS`, `CONTACT1`, `CONTACT2`, `CONTACT3`, `CREATEDDATE`, `DATEOFBIRTH`, `EMAIL`, `FULLNAME`, `LANDLINENO`, `MOBILENO`, `MODIFYDDATE`, `PINCODE`, `RECORDORDER`, `CITYID`, `CUSTOMERTYPEID`, `GENDERID`, `OCCUPATIONID`, `USERID`) VALUES
(302, '1', '', NULL, NULL, NULL, '2016-10-13 02:41:53', '2016-10-13 02:41:41', '', 'Ruturaj', '', '8806797919', '2016-10-13 02:41:53', '', 0, 1, 1, 1, 2, NULL),
(303, '1', '', NULL, NULL, NULL, '2016-10-13 02:43:52', '2016-10-13 02:43:40', '', 'Amit Kumar', '', '9890652581', '2016-10-13 02:43:52', '', 0, 1, 1, 1, 2, NULL),
(304, '1', '', NULL, NULL, NULL, '2016-10-13 03:01:39', '2016-10-13 03:01:29', '', 'Pranav', '', '9820178833', '2016-10-13 03:01:39', '', 0, 1, 1, 1, 2, NULL),
(305, '1', '', NULL, NULL, NULL, '2016-10-13 03:03:46', '2016-10-13 03:03:23', '', 'Abhay', '', '9552227900', '2016-10-13 03:03:46', '', 0, 1, 1, 1, 2, NULL),
(306, '1', '', NULL, NULL, NULL, '2016-10-13 03:05:59', '2016-10-13 03:05:32', '', 'Sunny', '', '9822878250', '2016-10-13 03:05:59', '', 0, 1, 1, 1, 2, NULL),
(307, '1', '', NULL, NULL, NULL, '2016-10-13 03:07:30', '2016-10-13 03:07:20', '', 'Sudhakar', '', '9922426153', '2016-10-13 03:07:30', '', 0, 1, 1, 1, 2, NULL),
(308, '1', '', NULL, NULL, NULL, '2016-10-15 01:00:46', '2016-10-15 01:00:28', '', 'Ratnamala', '', '9527058060', '2016-10-15 01:00:46', '', 0, 1, 1, 2, 2, NULL),
(309, '1', '', NULL, NULL, NULL, '2016-10-15 03:49:19', '2016-10-15 03:49:05', '', 'Bhat', '', '9371063856', '2016-10-15 03:49:19', '', 0, 1, 1, 1, 2, NULL),
(310, '1', '', NULL, NULL, NULL, '2016-10-15 03:56:16', '2016-10-15 03:56:02', '', 'Hemant kumar', '', '8698706368', '2016-10-15 03:56:16', '', 0, 1, 1, 1, 2, NULL),
(311, '1', '', NULL, NULL, NULL, '2016-10-15 04:01:04', '2016-10-15 04:00:43', '', 'Satish Sharma', '', '8976565078', '2016-10-15 04:01:04', '', 0, 1, 1, 1, 2, NULL),
(312, '1', '', NULL, NULL, NULL, '2016-10-15 04:05:21', '2016-10-15 04:05:01', '', 'Mahesh', '', '9881737438', '2016-10-15 04:05:21', '', 0, 1, 1, 1, 2, NULL),
(313, '1', '', NULL, NULL, NULL, '2016-10-15 04:09:43', '2016-10-15 04:09:32', '', 'Abhijit Chithore', '', '9270110550', '2016-10-15 04:09:43', '', 0, 1, 1, 1, 2, NULL),
(314, '1', '', NULL, NULL, NULL, '2016-10-15 04:14:48', '2016-10-15 04:14:36', '', 'SM Upase', '', '9822421417', '2016-10-15 04:14:48', '', 0, 1, 1, 1, 2, NULL),
(315, '1', '', NULL, NULL, NULL, '2016-10-15 04:17:45', '2016-10-15 04:17:32', '', 'thoratman', '', '9881713236', '2016-10-15 04:17:45', '', 0, 1, 1, 1, 2, NULL),
(316, '1', '', NULL, NULL, NULL, '2016-10-15 04:24:13', '2016-10-15 04:23:58', '', 'Rohit Dattatraya', '', '9503932548', '2016-10-15 04:24:13', '', 0, 1, 1, 1, 2, NULL),
(317, '1', '', NULL, NULL, NULL, '2016-10-15 04:32:17', '2016-10-15 04:32:03', '', 'Jeswin John', '', '9975251122', '2016-10-15 04:32:17', '', 0, 1, 1, 1, 2, NULL),
(318, '1', '', NULL, NULL, NULL, '2016-10-15 05:31:37', NULL, '', 'nikhil deshpande', '', '9884458285', '2016-10-15 05:31:37', '', 0, 1, 1, 1, 2, NULL),
(319, '1', '', NULL, NULL, NULL, '2016-10-15 05:34:04', NULL, '', 'nikhil deshpande', '', '9884458285', '2016-10-15 05:34:04', '', 0, 1, 1, NULL, NULL, NULL),
(320, '1', '', NULL, NULL, NULL, '2016-10-15 05:36:21', NULL, '', 'deepak', '', '94055009658', '2016-10-15 05:36:21', '', 0, 1, 1, NULL, NULL, NULL),
(321, '1', '', NULL, NULL, NULL, '2016-10-15 05:39:10', NULL, '', 'gaurav', '', '9970734470', '2016-10-15 05:39:10', '', 0, 1, 1, NULL, 2, NULL),
(322, '1', '', NULL, NULL, NULL, '2016-10-15 05:44:12', NULL, '', 'harshal', '', '9823202600', '2016-10-15 05:44:12', '', 0, 1, 1, 1, 2, NULL),
(323, '1', '', NULL, NULL, NULL, '2016-10-15 05:55:05', NULL, '', 'vijay', '', '9422339066', '2016-10-15 05:55:05', '', 0, 1, 1, 1, 2, NULL),
(324, '1', '', NULL, NULL, NULL, '2016-10-15 05:58:36', NULL, '', 'madhav', '', '9822651434', '2016-10-15 05:58:36', '', 0, 1, 1, 1, 1, NULL),
(325, '1', '', NULL, NULL, NULL, '2016-10-15 06:04:09', NULL, '', 'kadam', '', '9881163344', '2016-10-15 06:04:09', '', 0, 1, 1, NULL, 2, NULL),
(326, '1', '', NULL, NULL, NULL, '2016-10-15 06:08:18', NULL, '', 'krishna ghadge', '', '9822210827', '2016-10-15 06:08:18', '', 0, 1, 1, NULL, 2, NULL),
(327, '1', '', NULL, NULL, NULL, '2016-10-15 06:10:26', NULL, '', 'sunjay patwa', '', '9766484874', '2016-10-15 06:10:26', '', 0, 1, 1, NULL, 1, NULL),
(328, '1', '', NULL, NULL, NULL, '2016-10-15 06:15:50', NULL, '', 'supriyo', '', '8149104448', '2016-10-15 06:15:50', '', 0, 1, 1, NULL, 2, NULL),
(329, '1', '', NULL, NULL, NULL, '2016-10-15 06:18:30', NULL, '', 'vaishali', '', '8600104144', '2016-10-15 06:18:30', '', 0, 1, 1, NULL, 2, NULL),
(330, '1', '', NULL, NULL, NULL, '2016-10-15 06:22:22', NULL, '', 'parshant', '', '8888894274', '2016-10-15 06:22:22', '', 0, 1, 1, NULL, NULL, NULL),
(331, '1', '', NULL, NULL, NULL, '2016-10-15 06:26:30', NULL, '', 'vr ram', '', '9923427165', '2016-10-15 06:26:30', '', 0, 1, 1, NULL, 2, NULL),
(332, '1', '', NULL, NULL, NULL, '2016-10-21 07:39:06', NULL, '', 'girish', '', '9422302523', '2016-10-21 07:39:06', '', 0, 1, 1, NULL, 2, NULL),
(333, '1', '', NULL, NULL, NULL, '2016-10-21 07:43:16', NULL, '', 'chandrica', '', '9881731753', '2016-10-21 07:43:16', '', 0, 1, 1, NULL, 2, NULL),
(334, '1', '', NULL, NULL, NULL, '2016-10-21 07:47:19', NULL, '', 'pai', '', '8446462594', '2016-10-21 07:47:19', '', 0, 1, 1, NULL, 2, NULL),
(335, '1', '', NULL, NULL, NULL, '2016-10-21 08:11:36', NULL, '', 'sachin', '', '9623150747', '2016-10-21 08:11:36', '', 0, 1, 1, NULL, 2, NULL),
(336, '1', '', NULL, NULL, NULL, '2016-10-21 08:14:31', NULL, '', 'manoj', '', '9404378112', '2016-10-21 08:14:31', '', 0, 1, 1, NULL, 2, NULL),
(337, '1', '', NULL, NULL, NULL, '2016-11-03 02:33:10', NULL, '', 'Sandeep', '', '9850269385', '2016-11-03 02:33:10', '', 0, 1, 1, NULL, NULL, NULL),
(338, '1', '', NULL, NULL, NULL, '2016-11-03 02:38:52', NULL, '', 'sushil', '', '8956321729', '2016-11-03 02:38:52', '', 0, 1, 1, NULL, NULL, NULL),
(339, '1', '', NULL, NULL, NULL, '2016-11-03 02:39:17', NULL, '', 'sushil', '', '8956321729', '2016-11-03 02:39:17', '', 0, 1, 1, NULL, NULL, NULL),
(340, '1', '', NULL, NULL, NULL, '2016-11-03 02:48:33', '2016-11-03 02:48:14', '', 'Balkrishna Shinde', '', '9922409445', '2016-11-03 02:48:33', '', 0, 1, 1, NULL, NULL, NULL),
(341, '1', '', NULL, NULL, NULL, '2016-11-03 02:56:31', NULL, '', 'Balkrishna', '', '9922929445', '2016-11-03 02:56:31', '', 0, 1, 1, NULL, NULL, NULL),
(342, '1', '', NULL, NULL, NULL, '2016-11-03 03:01:05', '2016-11-03 03:00:59', '', 'vivek', '', '9764004328', '2016-11-03 03:01:05', '', 0, 1, 1, NULL, NULL, NULL),
(343, '1', '', NULL, NULL, NULL, '2016-11-03 03:01:28', NULL, '', 'vivek', '', '9764004328', '2016-11-03 03:01:28', '', 0, 1, 1, NULL, NULL, NULL),
(344, '1', '', NULL, NULL, NULL, '2016-11-03 03:06:01', NULL, '', 'Parimal', '', '9011065302', '2016-11-03 03:06:01', '', 0, 1, 1, NULL, NULL, NULL),
(345, '1', '', NULL, NULL, NULL, '2016-11-03 03:11:10', NULL, '', 'Manish S', '', '9822876007', '2016-11-03 03:11:10', '', 0, 1, 1, NULL, NULL, NULL),
(346, '1', '', NULL, NULL, NULL, '2016-11-03 03:15:28', NULL, '', 'Nishant', '', '8600001722', '2016-11-03 03:15:28', '', 0, 1, 1, NULL, NULL, NULL),
(347, '1', '', NULL, NULL, NULL, '2016-11-03 03:21:52', NULL, '', 'abc', '', '8600222520', '2016-11-03 03:21:52', '', 0, 1, 1, NULL, NULL, NULL),
(348, '1', '', NULL, NULL, NULL, '2016-11-03 03:27:54', NULL, '', 'Surinder Kaur', '', '9420435801', '2016-11-03 03:27:54', '', 0, 1, 1, NULL, NULL, NULL),
(349, '1', '', NULL, NULL, NULL, '2016-11-03 03:33:56', NULL, '', 'Shilpi Mehrotra', '', '9373513349', '2016-11-03 03:33:56', '', 0, 1, 1, NULL, NULL, NULL),
(350, '1', '', NULL, NULL, NULL, '2016-11-03 03:38:37', NULL, '', 'Badal Awate', '', '9011352555', '2016-11-03 03:38:37', '', 0, 1, 1, NULL, NULL, NULL),
(351, '1', '', NULL, NULL, NULL, '2016-11-03 03:44:46', NULL, '', 'Badal Awate', '', '9011021555', '2016-11-03 03:44:46', '', 0, 1, 1, NULL, NULL, NULL),
(352, '1', '', NULL, NULL, NULL, '2016-11-04 06:17:47', NULL, '', 'Kusum Ghumatkar', '', '7874200000', '2016-11-04 06:17:47', '', 0, 1, 1, NULL, NULL, NULL),
(353, '1', '', NULL, NULL, NULL, '2016-11-04 06:22:16', NULL, '', 'Sandeep Ghewade', '', '8237422793', '2016-11-04 06:22:16', '', 0, 1, 1, NULL, NULL, NULL),
(354, '1', '', NULL, NULL, NULL, '2016-11-04 06:28:17', NULL, '', 'Amol', '', '8796263003', '2016-11-04 06:28:17', '', 0, 1, 1, NULL, NULL, NULL),
(355, '1', '', NULL, NULL, NULL, '2016-11-04 06:37:41', NULL, '', 'Prateek', '', '8793093528', '2016-11-04 06:37:41', '', 0, 1, 1, NULL, NULL, NULL),
(356, '1', '', NULL, NULL, NULL, '2016-11-04 06:42:28', NULL, '', 'Milind Kulkarni', '', '7738165431', '2016-11-04 06:42:28', '', 0, 1, 1, NULL, NULL, NULL),
(357, '1', '', NULL, NULL, NULL, '2016-11-04 06:46:38', NULL, '', 'Ramesh patil', '', '9552054597', '2016-11-04 06:46:38', '', 0, 1, 1, NULL, NULL, NULL),
(358, '1', '', NULL, NULL, NULL, '2016-11-04 06:49:45', NULL, '', 'Amrita Swain', '', '9765406345', '2016-11-04 06:49:45', '', 0, 1, 1, NULL, NULL, NULL),
(359, '0', NULL, NULL, NULL, NULL, NULL, NULL, NULL, 'Vikrant (9823168980)', NULL, '9823168980', NULL, NULL, 0, NULL, NULL, 1, NULL, NULL),
(360, '1', NULL, '', '', NULL, '2016-12-28 02:58:39', '1969-12-31 19:00:00', NULL, 'Vikrant (9823168980)', NULL, '9823168980', '2016-12-28 02:58:39', NULL, 0, NULL, NULL, 1, NULL, NULL);

-- --------------------------------------------------------

--
-- Table structure for table `customertype`
--

CREATE TABLE `customertype` (
  `CUSTOMERTYPEID` int(11) NOT NULL,
  `ACTIVE` varchar(1) DEFAULT NULL,
  `CREATEDDATE` datetime DEFAULT NULL,
  `MODIFYDDATE` datetime DEFAULT NULL,
  `NAME` longtext,
  `RECORDORDER` int(11) DEFAULT NULL,
  `USERID` int(11) DEFAULT NULL
) ENGINE=MyISAM DEFAULT CHARSET=latin1;

--
-- Dumping data for table `customertype`
--

INSERT INTO `customertype` (`CUSTOMERTYPEID`, `ACTIVE`, `CREATEDDATE`, `MODIFYDDATE`, `NAME`, `RECORDORDER`, `USERID`) VALUES
(1, '1', '2016-06-21 23:40:39', '2016-06-21 23:40:39', 'Owner', 1, 1),
(2, '1', '2016-07-09 07:26:59', '2016-07-09 07:26:59', 'Agent', 0, 1),
(3, '1', '2016-07-09 07:27:12', '2016-07-09 07:27:12', 'Builder', 0, 1);

-- --------------------------------------------------------

--
-- Table structure for table `datarecovery`
--

CREATE TABLE `datarecovery` (
  `DATARECOVERYID` int(11) NOT NULL,
  `ACTIVE` varchar(1) DEFAULT NULL,
  `CONTENT` longblob,
  `CREATEDDATE` datetime DEFAULT NULL,
  `MODIFYDDATE` datetime DEFAULT NULL,
  `RECORDORDER` int(11) DEFAULT NULL,
  `TABLENAME` longtext,
  `USERID` int(11) DEFAULT NULL
) ENGINE=MyISAM DEFAULT CHARSET=latin1;

-- --------------------------------------------------------

--
-- Table structure for table `file`
--

CREATE TABLE `file` (
  `FILEID` int(11) NOT NULL,
  `ACTIVE` varchar(1) DEFAULT NULL,
  `CONENTTYPE` longtext,
  `CONTENT` longblob,
  `CONTENTICON` longblob,
  `CREATEDDATE` datetime DEFAULT NULL,
  `FILENAME` longtext,
  `MODIFYDDATE` datetime DEFAULT NULL,
  `TYPE` longtext,
  `USERID` int(11) DEFAULT NULL
) ENGINE=MyISAM DEFAULT CHARSET=latin1;

-- --------------------------------------------------------

--
-- Table structure for table `FK_AGENT_MODEOPERATIONID`
--

CREATE TABLE `FK_AGENT_MODEOPERATIONID` (
  `AGENTID` int(11) NOT NULL,
  `MODEOPERATIONID` int(11) NOT NULL
) ENGINE=MyISAM DEFAULT CHARSET=latin1;

--
-- Dumping data for table `FK_AGENT_MODEOPERATIONID`
--

INSERT INTO `FK_AGENT_MODEOPERATIONID` (`AGENTID`, `MODEOPERATIONID`) VALUES
(1, 3),
(1, 4),
(2, 1),
(2, 2),
(2, 4),
(3, 1),
(3, 2);

-- --------------------------------------------------------

--
-- Table structure for table `FK_AGENT_PROPERTYLOCALITYID`
--

CREATE TABLE `FK_AGENT_PROPERTYLOCALITYID` (
  `AGENTID` int(11) NOT NULL,
  `PROPERTYLOCALITYID` int(11) NOT NULL
) ENGINE=MyISAM DEFAULT CHARSET=latin1;

--
-- Dumping data for table `FK_AGENT_PROPERTYLOCALITYID`
--

INSERT INTO `FK_AGENT_PROPERTYLOCALITYID` (`AGENTID`, `PROPERTYLOCALITYID`) VALUES
(1, 27),
(1, 43),
(2, 1),
(2, 5),
(2, 7),
(2, 9),
(2, 15),
(2, 40),
(3, 1),
(3, 5),
(3, 9),
(3, 15),
(3, 25),
(3, 26),
(3, 27),
(3, 28),
(3, 29),
(3, 33),
(3, 40);

-- --------------------------------------------------------

--
-- Table structure for table `FK_INQUIRY_PROPERTYLBEDROOMSID`
--

CREATE TABLE `FK_INQUIRY_PROPERTYLBEDROOMSID` (
  `INQUIRYID` int(11) NOT NULL,
  `PROPERTYLBEDROOMSID` int(11) NOT NULL
) ENGINE=MyISAM DEFAULT CHARSET=latin1;

--
-- Dumping data for table `FK_INQUIRY_PROPERTYLBEDROOMSID`
--

INSERT INTO `FK_INQUIRY_PROPERTYLBEDROOMSID` (`INQUIRYID`, `PROPERTYLBEDROOMSID`) VALUES
(1, 16),
(1, 18),
(2, 16),
(2, 18),
(3, 25),
(3, 23),
(4, 16),
(4, 18),
(5, 16),
(6, 21),
(7, 20),
(8, 19),
(9, 17),
(10, 21),
(11, 19),
(12, 19),
(13, 17),
(14, 19),
(15, 21),
(16, 19),
(16, 21),
(17, 19),
(18, 19),
(19, 17),
(20, 21),
(21, 19),
(22, 17),
(23, 17),
(24, 21),
(25, 17),
(26, 19),
(27, 21),
(28, 19),
(29, 16),
(30, 17),
(31, 21),
(32, 19),
(33, 19),
(34, 19),
(35, 16),
(36, 19),
(37, 17),
(38, 19),
(39, 17),
(40, 17),
(41, 19),
(42, 21),
(43, 19),
(44, 19),
(45, 17),
(46, 19),
(47, 21),
(48, 17),
(49, 19),
(50, 17),
(51, 17),
(52, 19),
(53, 17),
(54, 19),
(55, 17),
(56, 17),
(57, 19),
(58, 19),
(59, 19),
(60, 17),
(61, 17),
(62, 19),
(63, 19),
(64, 17),
(65, 19),
(66, 17),
(67, 17),
(68, 17),
(69, 19),
(70, 17),
(71, 17),
(72, 17),
(73, 21),
(74, 19),
(75, 19),
(76, 19),
(77, 17),
(78, 17),
(79, 19),
(80, 17),
(81, 17),
(82, 19),
(83, 17),
(84, 19),
(85, 19),
(86, 17),
(87, 17),
(88, 21),
(89, 19),
(90, 17),
(91, 19),
(92, 16),
(93, 19),
(94, 19),
(95, 21),
(96, 19),
(97, 17),
(98, 17),
(99, 17),
(100, 21),
(101, 17),
(102, 16),
(103, 16),
(104, 21),
(105, 17),
(106, 17),
(107, 17),
(108, 16),
(109, 19),
(110, 19),
(111, 19),
(112, 19),
(113, 16),
(113, 17),
(114, 19),
(115, 19),
(116, 17),
(117, 17),
(118, 21),
(119, 19),
(120, 17),
(121, 16),
(122, 19),
(123, 17),
(124, 19),
(125, 19),
(126, 19),
(127, 21),
(128, 19),
(128, 21),
(129, 19),
(130, 17),
(131, 17),
(132, 19),
(133, 19),
(134, 17),
(134, 19),
(135, 17),
(136, 17),
(137, 17),
(137, 19),
(138, 16),
(139, 19),
(140, 16),
(141, 17),
(142, 21),
(143, 17),
(144, 19),
(145, 17),
(146, 19),
(147, 16),
(148, 17),
(149, 17),
(150, 19),
(151, 17),
(152, 17),
(153, 17),
(154, 17),
(154, 19),
(155, 19),
(156, 19),
(157, 19),
(158, 19),
(159, 19),
(160, 16),
(161, 19),
(162, 19),
(163, 19),
(164, 19),
(165, 17),
(166, 17),
(167, 16),
(168, 17),
(169, 19),
(170, 17),
(171, 17),
(171, 19),
(172, 17),
(173, 21),
(174, 19),
(175, 17),
(176, 19),
(176, 21),
(177, 17),
(178, 17),
(178, 19),
(179, 17),
(179, 19),
(180, 17),
(181, 17),
(181, 19),
(182, 17),
(183, 19),
(184, 17),
(185, 19),
(186, 17),
(187, 19),
(187, 21),
(188, 17),
(188, 19),
(189, 19),
(190, 19),
(191, 16),
(192, 16),
(193, 17),
(194, 17),
(195, 17),
(196, 19),
(197, 16),
(198, 19),
(199, 17),
(199, 19),
(200, 19),
(201, 20),
(202, 16),
(203, 17),
(204, 17),
(205, 16),
(205, 17),
(206, 19),
(207, 17),
(208, 17),
(209, 21),
(210, 21),
(211, 19),
(212, 17),
(213, 17),
(214, 19),
(215, 19),
(216, 19),
(217, 16),
(218, 19),
(219, 21),
(220, 21),
(221, 27),
(222, 19),
(222, 21),
(223, 27),
(224, 21),
(225, 19),
(226, 21),
(227, 19),
(228, 21),
(229, 21),
(230, 17),
(231, 19),
(232, 21),
(233, 21),
(234, 17),
(235, 17),
(236, 19),
(237, 19),
(238, 17),
(239, 27),
(240, 21),
(241, 19),
(242, 17),
(243, 19),
(244, 19),
(244, 21),
(245, 21),
(246, 20),
(247, 19),
(248, 17),
(249, 19),
(250, 23),
(251, 17),
(252, 19),
(253, 19),
(254, 21),
(255, 19),
(256, 21),
(257, 19),
(258, 21),
(259, 19),
(260, 17),
(261, 19),
(262, 17),
(263, 17),
(264, 21),
(265, 23),
(266, 16),
(266, 17),
(267, 17),
(268, 23),
(269, 21),
(270, 21),
(271, 17),
(272, 17),
(273, 19),
(274, 17),
(275, 17),
(276, 19),
(277, 17),
(278, 17),
(278, 19),
(279, 17),
(280, 19),
(281, 19),
(281, 21),
(282, 19),
(283, 19),
(284, 17),
(285, 17),
(286, 17),
(287, 17),
(288, 19),
(289, 19),
(290, 17),
(291, 19),
(292, 19),
(292, 21),
(293, 17),
(294, 17),
(295, 17),
(296, 17),
(297, 17),
(298, 17),
(299, 17),
(299, 19),
(300, 21),
(301, 19),
(302, 17),
(303, 19),
(304, 17),
(305, 21),
(306, 17),
(307, 19),
(308, 19),
(309, 21),
(310, 27),
(311, 19),
(312, 17),
(313, 16),
(314, 19),
(315, 19),
(316, 17),
(316, 19),
(317, 17),
(317, 19),
(318, 19),
(319, 19),
(320, 19),
(321, 19),
(322, 17),
(323, 19),
(324, 19),
(325, 19),
(326, 19),
(327, 19),
(327, 21),
(328, 19),
(329, 17),
(330, 19),
(331, 17),
(332, 21),
(333, 17),
(334, 17),
(335, 17),
(336, 17),
(337, 17),
(338, 17),
(338, 19),
(339, 19),
(340, 17),
(341, 19),
(342, 16),
(342, 17),
(343, 19),
(344, 19),
(345, 19),
(346, 21),
(347, 19),
(348, 19),
(349, 27),
(350, 19);

-- --------------------------------------------------------

--
-- Table structure for table `FK_INQUIRY_PROPERTYLOCALITYID`
--

CREATE TABLE `FK_INQUIRY_PROPERTYLOCALITYID` (
  `INQUIRYID` int(11) NOT NULL,
  `PROPERTYLOCALITYID` int(11) NOT NULL
) ENGINE=MyISAM DEFAULT CHARSET=latin1;

--
-- Dumping data for table `FK_INQUIRY_PROPERTYLOCALITYID`
--

INSERT INTO `FK_INQUIRY_PROPERTYLOCALITYID` (`INQUIRYID`, `PROPERTYLOCALITYID`) VALUES
(1, 9),
(1, 27),
(2, 27),
(2, 38),
(3, 7),
(3, 1),
(4, 38),
(5, 38),
(6, 9),
(7, 27),
(7, 38),
(8, 43),
(9, 8),
(10, 9),
(10, 26),
(10, 27),
(11, 15),
(12, 1),
(12, 5),
(12, 9),
(13, 1),
(14, 1),
(15, 9),
(16, 5),
(17, 1),
(18, 9),
(19, 9),
(20, 15),
(21, 9),
(22, 9),
(23, 9),
(24, 9),
(25, 1),
(26, 24),
(27, 28),
(28, 1),
(29, 9),
(30, 22),
(31, 5),
(32, 9),
(33, 22),
(34, 9),
(35, 9),
(36, 1),
(37, 9),
(38, 9),
(39, 22),
(40, 22),
(41, 25),
(42, 28),
(43, 9),
(44, 25),
(44, 43),
(45, 1),
(46, 1),
(47, 15),
(48, 1),
(49, 9),
(50, 22),
(51, 9),
(52, 15),
(53, 28),
(54, 22),
(55, 1),
(56, 28),
(57, 22),
(58, 9),
(59, 22),
(60, 28),
(61, 28),
(62, 15),
(63, 22),
(64, 9),
(65, 9),
(66, 34),
(67, 34),
(68, 28),
(69, 9),
(70, 22),
(71, 28),
(72, 25),
(73, 22),
(74, 1),
(75, 1),
(76, 1),
(77, 28),
(78, 28),
(79, 1),
(80, 28),
(81, 22),
(82, 28),
(83, 22),
(84, 24),
(85, 1),
(86, 28),
(87, 28),
(88, 28),
(89, 1),
(90, 1),
(91, 22),
(92, 9),
(93, 1),
(94, 1),
(95, 28),
(96, 1),
(97, 25),
(98, 28),
(99, 29),
(100, 1),
(100, 9),
(101, 9),
(102, 22),
(103, 22),
(104, 1),
(104, 9),
(105, 28),
(106, 24),
(107, 22),
(108, 22),
(109, 25),
(110, 1),
(111, 28),
(112, 1),
(112, 7),
(112, 9),
(113, 9),
(114, 28),
(115, 15),
(116, 28),
(117, 1),
(118, 9),
(119, 25),
(120, 22),
(121, 22),
(122, 1),
(122, 7),
(123, 25),
(123, 28),
(124, 1),
(124, 9),
(124, 22),
(125, 25),
(126, 25),
(127, 1),
(128, 1),
(129, 25),
(130, 1),
(130, 9),
(131, 34),
(132, 26),
(133, 1),
(133, 7),
(134, 1),
(134, 9),
(135, 28),
(136, 25),
(137, 9),
(137, 25),
(137, 26),
(138, 22),
(139, 9),
(140, 22),
(141, 28),
(142, 15),
(142, 40),
(143, 28),
(144, 9),
(145, 1),
(145, 7),
(146, 1),
(147, 22),
(148, 34),
(149, 1),
(149, 15),
(150, 7),
(151, 28),
(152, 9),
(153, 9),
(153, 43),
(154, 1),
(154, 7),
(155, 1),
(155, 7),
(156, 34),
(157, 1),
(158, 1),
(159, 22),
(160, 22),
(161, 28),
(162, 7),
(163, 1),
(164, 9),
(165, 25),
(165, 28),
(166, 1),
(166, 9),
(167, 22),
(168, 28),
(169, 1),
(169, 7),
(170, 1),
(170, 5),
(170, 9),
(171, 7),
(172, 24),
(173, 9),
(174, 1),
(174, 5),
(175, 25),
(175, 28),
(176, 9),
(177, 25),
(177, 28),
(178, 9),
(179, 1),
(179, 7),
(180, 1),
(180, 15),
(181, 25),
(181, 28),
(181, 34),
(182, 28),
(183, 1),
(184, 1),
(184, 7),
(185, 15),
(186, 15),
(187, 1),
(187, 7),
(188, 1),
(188, 7),
(189, 25),
(189, 28),
(190, 15),
(191, 1),
(192, 22),
(193, 1),
(194, 22),
(195, 1),
(195, 9),
(196, 7),
(197, 22),
(198, 1),
(198, 7),
(199, 9),
(199, 40),
(200, 1),
(200, 7),
(200, 9),
(201, 1),
(202, 1),
(202, 9),
(203, 25),
(203, 28),
(204, 1),
(204, 9),
(205, 1),
(205, 9),
(205, 22),
(206, 9),
(207, 28),
(208, 1),
(208, 9),
(209, 1),
(209, 9),
(210, 15),
(211, 9),
(212, 28),
(213, 1),
(213, 22),
(213, 40),
(214, 1),
(215, 7),
(216, 1),
(217, 1),
(218, 25),
(219, 1),
(219, 7),
(220, 9),
(221, 1),
(222, 28),
(223, 1),
(223, 9),
(224, 34),
(225, 1),
(225, 9),
(225, 22),
(226, 5),
(227, 9),
(228, 25),
(228, 34),
(229, 1),
(229, 7),
(230, 22),
(230, 25),
(230, 28),
(231, 25),
(231, 28),
(232, 9),
(233, 1),
(233, 9),
(234, 1),
(235, 25),
(235, 28),
(236, 28),
(237, 28),
(238, 28),
(239, 1),
(240, 9),
(241, 9),
(242, 24),
(243, 28),
(244, 15),
(245, 34),
(246, 28),
(247, 34),
(248, 22),
(249, 7),
(250, 9),
(251, 25),
(252, 9),
(253, 34),
(254, 1),
(254, 9),
(255, 25),
(256, 1),
(257, 7),
(258, 9),
(259, 7),
(260, 1),
(261, 9),
(262, 9),
(263, 1),
(263, 34),
(264, 9),
(265, 25),
(266, 24),
(267, 1),
(268, 25),
(269, 7),
(270, 25),
(270, 26),
(271, 1),
(272, 28),
(273, 9),
(273, 25),
(274, 1),
(275, 9),
(276, 5),
(277, 28),
(278, 1),
(278, 9),
(279, 9),
(280, 34),
(281, 25),
(281, 26),
(282, 28),
(283, 25),
(283, 28),
(284, 1),
(284, 9),
(284, 25),
(285, 1),
(285, 9),
(286, 9),
(287, 1),
(287, 9),
(288, 25),
(288, 28),
(288, 34),
(289, 7),
(290, 1),
(291, 9),
(292, 1),
(292, 9),
(293, 25),
(293, 28),
(294, 1),
(294, 7),
(295, 25),
(295, 28),
(296, 25),
(296, 28),
(296, 34),
(297, 1),
(298, 1),
(299, 1),
(300, 25),
(300, 26),
(300, 28),
(301, 1),
(301, 7),
(302, 25),
(303, 25),
(303, 28),
(304, 1),
(304, 9),
(305, 1),
(305, 7),
(306, 22),
(307, 9),
(308, 25),
(308, 28),
(309, 1),
(309, 9),
(309, 28),
(310, 1),
(310, 15),
(311, 15),
(311, 24),
(312, 25),
(312, 28),
(312, 34),
(313, 25),
(314, 1),
(315, 1),
(316, 15),
(317, 9),
(318, 9),
(319, 1),
(319, 7),
(320, 1),
(320, 9),
(321, 25),
(322, 28),
(323, 1),
(323, 9),
(324, 9),
(325, 9),
(326, 34),
(327, 9),
(328, 1),
(328, 7),
(329, 1),
(330, 1),
(330, 5),
(331, 9),
(332, 1),
(332, 7),
(333, 9),
(334, 1),
(335, 1),
(335, 7),
(336, 9),
(337, 1),
(338, 9),
(339, 9),
(340, 1),
(340, 5),
(341, 9),
(342, 1),
(342, 7),
(342, 9),
(343, 1),
(344, 1),
(344, 9),
(345, 1),
(345, 9),
(346, 1),
(346, 7),
(347, 9),
(348, 9),
(349, 1),
(349, 9),
(350, 9);

-- --------------------------------------------------------

--
-- Table structure for table `FK_INQUIRY_PROPERTYPRIORITYID`
--

CREATE TABLE `FK_INQUIRY_PROPERTYPRIORITYID` (
  `INQUIRYID` int(11) NOT NULL,
  `PROPERTYPRIORITYID` int(11) NOT NULL
) ENGINE=MyISAM DEFAULT CHARSET=latin1;

--
-- Dumping data for table `FK_INQUIRY_PROPERTYPRIORITYID`
--

INSERT INTO `FK_INQUIRY_PROPERTYPRIORITYID` (`INQUIRYID`, `PROPERTYPRIORITYID`) VALUES
(1, 7),
(1, 8),
(1, 9),
(2, 9),
(4, 8),
(4, 7),
(6, 1),
(7, 7),
(10, 1),
(12, 7),
(13, 1),
(14, 1),
(15, 7),
(16, 1),
(17, 1),
(18, 1),
(20, 1),
(21, 1),
(22, 1),
(25, 1),
(26, 1),
(27, 1),
(28, 1),
(30, 1),
(31, 1),
(32, 1),
(33, 1),
(34, 1),
(35, 3),
(36, 1),
(37, 1),
(39, 1),
(41, 1),
(43, 1),
(44, 1),
(45, 1),
(46, 8),
(47, 1),
(48, 1),
(49, 1),
(50, 7),
(51, 1),
(52, 1),
(53, 1),
(54, 3),
(55, 1),
(56, 1),
(57, 1),
(58, 1),
(60, 1),
(61, 1),
(62, 1),
(63, 7),
(64, 1),
(65, 8),
(66, 7),
(67, 8),
(68, 1),
(69, 8),
(70, 1),
(71, 1),
(72, 1),
(73, 1),
(74, 1),
(75, 1),
(76, 1),
(77, 1),
(78, 1),
(79, 1),
(80, 1),
(82, 1),
(83, 1),
(84, 1),
(85, 1),
(86, 1),
(87, 1),
(88, 1),
(89, 8),
(90, 1),
(91, 3),
(92, 3),
(93, 1),
(94, 1),
(95, 1),
(96, 7),
(97, 1),
(98, 1),
(99, 7),
(100, 1),
(101, 8),
(102, 1),
(103, 1),
(104, 8),
(105, 1),
(106, 1),
(107, 1),
(108, 1),
(109, 1),
(110, 1),
(111, 1),
(112, 1),
(113, 1),
(114, 1),
(115, 1),
(116, 8),
(117, 1),
(118, 8),
(119, 1),
(120, 1),
(121, 8),
(122, 1),
(123, 1),
(124, 7),
(125, 1),
(126, 1),
(127, 8),
(128, 8),
(129, 8),
(130, 1),
(131, 7),
(132, 1),
(133, 8),
(134, 1),
(135, 8),
(136, 7),
(137, 1),
(138, 8),
(139, 1),
(140, 8),
(141, 8),
(142, 1),
(143, 7),
(144, 1),
(145, 7),
(146, 8),
(147, 7),
(148, 1),
(149, 7),
(150, 1),
(151, 7),
(152, 7),
(153, 1),
(154, 1),
(155, 1),
(156, 1),
(157, 1),
(158, 1),
(159, 1),
(160, 1),
(161, 8),
(162, 1),
(163, 1),
(164, 1),
(165, 1),
(166, 1),
(167, 1),
(168, 7),
(169, 1),
(170, 1),
(171, 1),
(172, 1),
(173, 7),
(174, 7),
(175, 7),
(176, 1),
(177, 1),
(178, 1),
(179, 1),
(180, 7),
(181, 1),
(182, 1),
(183, 1),
(184, 1),
(185, 1),
(186, 8),
(187, 7),
(188, 1),
(189, 1),
(190, 7),
(191, 8),
(192, 7),
(193, 1),
(194, 1),
(195, 7),
(196, 1),
(197, 1),
(198, 1),
(199, 7),
(200, 3),
(201, 3),
(203, 7),
(204, 1),
(205, 1),
(206, 1),
(207, 8),
(208, 7),
(209, 7),
(210, 1),
(211, 1),
(212, 1),
(213, 3),
(214, 1),
(215, 1),
(216, 7),
(217, 8),
(218, 1),
(219, 7),
(220, 1),
(221, 1),
(222, 8),
(223, 1),
(224, 7),
(225, 4),
(226, 1),
(227, 1),
(228, 1),
(229, 3),
(230, 7),
(231, 1),
(231, 9),
(232, 8),
(233, 7),
(234, 1),
(235, 1),
(236, 1),
(237, 1),
(238, 1),
(239, 7),
(240, 1),
(241, 7),
(242, 1),
(243, 1),
(244, 1),
(245, 1),
(245, 9),
(246, 3),
(247, 1),
(248, 1),
(249, 1),
(250, 1),
(251, 1),
(252, 7),
(253, 1),
(254, 7),
(255, 1),
(256, 1),
(257, 8),
(258, 7),
(259, 8),
(260, 1),
(261, 1),
(262, 7),
(263, 1),
(264, 7),
(265, 1),
(266, 1),
(267, 1),
(268, 1),
(269, 1),
(270, 1),
(271, 1),
(272, 1),
(273, 3),
(274, 1),
(275, 7),
(276, 1),
(277, 7),
(278, 1),
(279, 1),
(280, 1),
(281, 1),
(282, 1),
(283, 1),
(284, 3),
(285, 1),
(286, 1),
(287, 8),
(288, 1),
(289, 1),
(290, 1),
(291, 1),
(292, 1),
(293, 1),
(294, 7),
(295, 1),
(296, 1),
(297, 7),
(297, 8),
(298, 8),
(299, 1),
(300, 1),
(301, 1),
(302, 3),
(303, 1),
(304, 1),
(305, 1),
(306, 7),
(307, 1),
(308, 1),
(309, 7),
(310, 1),
(311, 8),
(312, 1),
(313, 3),
(314, 1),
(315, 8),
(316, 7),
(317, 1),
(318, 1),
(319, 1),
(320, 7),
(321, 1),
(322, 1),
(323, 1),
(324, 1),
(325, 1),
(326, 1),
(327, 1),
(328, 1),
(329, 1),
(330, 1),
(331, 1),
(332, 1),
(333, 8),
(334, 1),
(334, 9),
(335, 7),
(336, 7),
(337, 1),
(338, 1),
(339, 1),
(340, 1),
(341, 1),
(342, 8),
(343, 1),
(344, 1),
(345, 8),
(346, 1),
(347, 1),
(348, 1),
(349, 8),
(350, 1);

-- --------------------------------------------------------

--
-- Table structure for table `FK_INQUIRY_PROPERTYTOBEID`
--

CREATE TABLE `FK_INQUIRY_PROPERTYTOBEID` (
  `INQUIRYID` int(11) NOT NULL,
  `PROPERTYTOBEID` int(11) NOT NULL
) ENGINE=MyISAM DEFAULT CHARSET=latin1;

--
-- Dumping data for table `FK_INQUIRY_PROPERTYTOBEID`
--

INSERT INTO `FK_INQUIRY_PROPERTYTOBEID` (`INQUIRYID`, `PROPERTYTOBEID`) VALUES
(1, 1),
(1, 2),
(2, 1),
(2, 3),
(3, 2),
(4, 1),
(4, 2),
(5, 2),
(6, 1),
(7, 2),
(8, 3),
(9, 3),
(10, 1),
(11, 3),
(12, 1),
(13, 1),
(14, 1),
(15, 1),
(16, 1),
(17, 1),
(18, 1),
(19, 1),
(20, 1),
(21, 1),
(22, 1),
(23, 1),
(24, 1),
(25, 1),
(26, 1),
(27, 1),
(28, 1),
(29, 1),
(30, 1),
(31, 1),
(32, 1),
(33, 1),
(34, 1),
(35, 1),
(36, 1),
(37, 1),
(38, 1),
(39, 1),
(40, 1),
(41, 1),
(42, 1),
(43, 1),
(44, 1),
(45, 1),
(46, 1),
(47, 1),
(48, 1),
(49, 1),
(50, 1),
(51, 1),
(52, 1),
(53, 1),
(54, 1),
(55, 1),
(56, 1),
(57, 1),
(58, 1),
(59, 1),
(60, 1),
(61, 1),
(62, 1),
(63, 1),
(64, 1),
(65, 1),
(66, 1),
(67, 1),
(68, 1),
(69, 1),
(70, 1),
(71, 1),
(72, 1),
(73, 1),
(74, 1),
(75, 1),
(76, 1),
(77, 1),
(78, 1),
(79, 1),
(80, 1),
(81, 1),
(82, 1),
(83, 1),
(84, 1),
(85, 1),
(86, 1),
(87, 1),
(88, 1),
(89, 1),
(90, 1),
(91, 1),
(92, 1),
(93, 1),
(94, 1),
(95, 1),
(96, 1),
(97, 1),
(98, 1),
(99, 1),
(100, 1),
(101, 1),
(102, 1),
(103, 1),
(104, 1),
(105, 1),
(106, 1),
(107, 1),
(108, 1),
(109, 1),
(110, 1),
(111, 1),
(112, 1),
(113, 1),
(114, 1),
(115, 1),
(116, 1),
(117, 1),
(118, 1),
(119, 1),
(120, 1),
(121, 1),
(122, 1),
(123, 1),
(124, 1),
(125, 1),
(126, 1),
(127, 1),
(128, 1),
(129, 1),
(130, 1),
(131, 1),
(132, 1),
(133, 1),
(134, 1),
(135, 1),
(136, 1),
(137, 1),
(138, 1),
(139, 1),
(140, 1),
(141, 1),
(142, 1),
(143, 1),
(144, 1),
(145, 1),
(146, 1),
(147, 1),
(148, 1),
(149, 1),
(150, 1),
(151, 1),
(152, 1),
(153, 1),
(154, 1),
(155, 1),
(156, 1),
(157, 1),
(158, 1),
(159, 1),
(160, 1),
(161, 1),
(162, 1),
(163, 1),
(164, 1),
(165, 1),
(166, 1),
(167, 1),
(168, 1),
(169, 1),
(170, 1),
(171, 1),
(172, 1),
(173, 1),
(174, 1),
(175, 1),
(176, 1),
(177, 1),
(178, 1),
(179, 1),
(180, 1),
(181, 1),
(182, 1),
(183, 1),
(184, 1),
(185, 1),
(186, 1),
(187, 1),
(188, 1),
(189, 1),
(190, 1),
(191, 1),
(192, 1),
(193, 1),
(194, 1),
(195, 1),
(196, 1),
(197, 1),
(198, 1),
(199, 1),
(200, 1),
(201, 1),
(202, 1),
(203, 1),
(204, 1),
(205, 1),
(206, 1),
(207, 1),
(208, 1),
(209, 1),
(210, 1),
(211, 1),
(212, 1),
(213, 1),
(214, 1),
(215, 1),
(216, 1),
(217, 1),
(218, 1),
(219, 1),
(220, 1),
(221, 1),
(222, 1),
(223, 1),
(224, 1),
(225, 1),
(226, 1),
(227, 1),
(228, 1),
(229, 1),
(230, 1),
(231, 1),
(232, 1),
(233, 1),
(234, 1),
(235, 1),
(236, 1),
(237, 1),
(238, 1),
(239, 1),
(240, 1),
(241, 1),
(242, 1),
(243, 1),
(244, 1),
(245, 1),
(246, 1),
(247, 1),
(248, 1),
(249, 1),
(250, 1),
(251, 1),
(252, 1),
(253, 1),
(254, 1),
(255, 1),
(256, 1),
(257, 1),
(258, 1),
(259, 1),
(260, 1),
(261, 1),
(262, 1),
(263, 1),
(264, 1),
(265, 1),
(266, 1),
(267, 1),
(268, 1),
(269, 1),
(270, 1),
(271, 1),
(272, 1),
(273, 1),
(274, 1),
(275, 1),
(276, 1),
(277, 1),
(278, 1),
(279, 1),
(280, 1),
(281, 1),
(282, 1),
(283, 1),
(284, 1),
(285, 1),
(286, 1),
(287, 1),
(288, 1),
(289, 1),
(290, 1),
(291, 1),
(292, 1),
(293, 1),
(294, 1),
(295, 1),
(296, 1),
(297, 1),
(298, 1),
(299, 1),
(300, 1),
(301, 1),
(302, 1),
(303, 1),
(304, 1),
(305, 1),
(306, 1),
(307, 1),
(308, 1),
(309, 1),
(310, 1),
(311, 1),
(312, 1),
(313, 1),
(314, 1),
(315, 1),
(316, 1),
(317, 1),
(318, 1),
(319, 1),
(320, 1),
(321, 1),
(322, 1),
(323, 1),
(324, 1),
(325, 1),
(326, 1),
(327, 1),
(328, 1),
(329, 1),
(330, 1),
(331, 1),
(332, 1),
(333, 1),
(334, 1),
(335, 1),
(336, 1),
(337, 1),
(338, 1),
(339, 1),
(340, 1),
(341, 1),
(342, 1),
(343, 1),
(344, 1),
(345, 1),
(346, 1),
(347, 1),
(348, 1),
(349, 1),
(350, 1);

-- --------------------------------------------------------

--
-- Table structure for table `FK_INQUIRY_PROPERTYTYPEID`
--

CREATE TABLE `FK_INQUIRY_PROPERTYTYPEID` (
  `INQUIRYID` int(11) NOT NULL,
  `PROPERTYTYPEID` int(11) NOT NULL
) ENGINE=MyISAM DEFAULT CHARSET=latin1;

--
-- Dumping data for table `FK_INQUIRY_PROPERTYTYPEID`
--

INSERT INTO `FK_INQUIRY_PROPERTYTYPEID` (`INQUIRYID`, `PROPERTYTYPEID`) VALUES
(4, 2),
(5, 2),
(6, 1),
(6, 7),
(7, 2),
(8, 1),
(8, 7),
(9, 1),
(9, 7),
(10, 1),
(10, 7),
(11, 1),
(11, 7),
(12, 1),
(13, 1),
(14, 1),
(15, 1),
(16, 1),
(17, 1),
(18, 1),
(19, 1),
(20, 1),
(21, 1),
(22, 1),
(23, 1),
(24, 1),
(25, 1),
(26, 4),
(27, 1),
(28, 1),
(29, 10),
(30, 1),
(31, 1),
(32, 1),
(33, 1),
(34, 1),
(35, 10),
(36, 1),
(37, 1),
(38, 1),
(39, 1),
(40, 1),
(41, 1),
(42, 1),
(43, 1),
(44, 1),
(45, 1),
(46, 1),
(47, 1),
(48, 1),
(49, 1),
(50, 1),
(51, 1),
(52, 1),
(53, 1),
(54, 9),
(55, 1),
(56, 1),
(57, 1),
(58, 1),
(59, 1),
(60, 1),
(61, 1),
(62, 1),
(63, 1),
(64, 1),
(65, 1),
(66, 1),
(67, 1),
(68, 1),
(69, 1),
(70, 1),
(71, 1),
(72, 1),
(73, 1),
(74, 1),
(75, 1),
(76, 1),
(77, 1),
(78, 1),
(79, 1),
(80, 1),
(81, 1),
(82, 1),
(83, 1),
(84, 4),
(85, 1),
(86, 1),
(87, 1),
(88, 1),
(89, 1),
(90, 1),
(91, 9),
(92, 10),
(93, 1),
(94, 1),
(95, 1),
(96, 1),
(97, 1),
(98, 1),
(99, 1),
(100, 3),
(101, 1),
(102, 1),
(103, 1),
(104, 1),
(105, 1),
(106, 1),
(107, 1),
(108, 1),
(109, 1),
(110, 1),
(111, 1),
(112, 1),
(113, 1),
(114, 1),
(115, 1),
(116, 1),
(117, 1),
(118, 1),
(119, 1),
(120, 1),
(121, 1),
(122, 1),
(123, 1),
(124, 1),
(125, 1),
(126, 1),
(127, 1),
(128, 1),
(129, 1),
(130, 1),
(131, 1),
(132, 1),
(133, 1),
(134, 1),
(135, 1),
(136, 1),
(137, 1),
(138, 1),
(139, 1),
(140, 1),
(141, 1),
(142, 1),
(143, 1),
(144, 1),
(145, 1),
(146, 1),
(147, 1),
(148, 1),
(149, 1),
(150, 1),
(151, 1),
(152, 1),
(153, 1),
(154, 1),
(155, 1),
(156, 1),
(157, 1),
(158, 1),
(159, 1),
(160, 1),
(161, 1),
(162, 1),
(163, 1),
(164, 1),
(165, 1),
(166, 1),
(167, 1),
(168, 1),
(169, 1),
(170, 1),
(171, 1),
(172, 1),
(173, 1),
(174, 1),
(175, 1),
(176, 1),
(177, 1),
(178, 1),
(179, 1),
(180, 1),
(181, 1),
(182, 1),
(183, 1),
(184, 1),
(185, 1),
(186, 1),
(187, 1),
(188, 1),
(189, 1),
(190, 1),
(191, 1),
(192, 1),
(193, 1),
(194, 1),
(195, 1),
(196, 1),
(197, 1),
(198, 1),
(199, 1),
(200, 1),
(201, 8),
(201, 10),
(202, 10),
(203, 1),
(204, 1),
(205, 1),
(206, 1),
(207, 1),
(208, 1),
(209, 1),
(210, 1),
(211, 1),
(212, 1),
(213, 1),
(214, 1),
(215, 1),
(216, 1),
(217, 1),
(218, 1),
(219, 1),
(220, 1),
(221, 1),
(222, 1),
(223, 1),
(224, 1),
(225, 1),
(226, 1),
(227, 1),
(228, 1),
(229, 3),
(230, 1),
(231, 1),
(232, 1),
(233, 1),
(234, 1),
(235, 1),
(236, 1),
(237, 1),
(238, 1),
(239, 1),
(240, 1),
(241, 1),
(242, 1),
(243, 1),
(244, 1),
(245, 1),
(246, 9),
(247, 1),
(248, 1),
(249, 1),
(250, 1),
(251, 1),
(252, 1),
(253, 1),
(254, 1),
(255, 1),
(256, 1),
(257, 1),
(258, 1),
(259, 1),
(260, 1),
(261, 1),
(262, 1),
(263, 1),
(264, 1),
(265, 1),
(266, 1),
(267, 1),
(268, 1),
(269, 1),
(270, 1),
(271, 1),
(272, 1),
(273, 10),
(274, 1),
(275, 1),
(276, 1),
(277, 1),
(278, 1),
(279, 1),
(280, 1),
(281, 1),
(282, 1),
(283, 1),
(284, 10),
(285, 1),
(286, 1),
(287, 1),
(288, 1),
(289, 1),
(290, 1),
(291, 1),
(292, 1),
(293, 1),
(294, 1),
(295, 1),
(296, 1),
(297, 1),
(298, 1),
(299, 1),
(300, 1),
(301, 1),
(302, 10),
(303, 1),
(304, 1),
(305, 1),
(306, 1),
(307, 1),
(308, 1),
(309, 1),
(310, 1),
(311, 1),
(312, 1),
(313, 10),
(314, 1),
(315, 1),
(316, 1),
(317, 1),
(318, 1),
(319, 1),
(320, 1),
(321, 1),
(322, 1),
(323, 1),
(324, 1),
(325, 1),
(326, 1),
(327, 1),
(328, 1),
(329, 1),
(330, 1),
(331, 1),
(332, 1),
(333, 1),
(334, 1),
(335, 1),
(336, 1),
(337, 1),
(338, 1),
(339, 1),
(340, 1),
(341, 1),
(342, 1),
(343, 3),
(344, 1),
(345, 1),
(346, 1),
(347, 1),
(348, 1),
(349, 1),
(350, 1);

-- --------------------------------------------------------

--
-- Table structure for table `FK_PROPERTY_FLATAMENITIESID`
--

CREATE TABLE `FK_PROPERTY_FLATAMENITIESID` (
  `PROPERTYID` int(11) NOT NULL,
  `FLATAMENITIESID` int(11) NOT NULL
) ENGINE=MyISAM DEFAULT CHARSET=latin1;

--
-- Dumping data for table `FK_PROPERTY_FLATAMENITIESID`
--

INSERT INTO `FK_PROPERTY_FLATAMENITIESID` (`PROPERTYID`, `FLATAMENITIESID`) VALUES
(1, 1),
(2, 1),
(3, 1),
(4, 1),
(5, 6),
(5, 12),
(5, 13),
(5, 18),
(6, 6),
(6, 12),
(6, 13),
(6, 18),
(9, 18),
(10, 18),
(11, 6),
(12, 6),
(13, 3),
(13, 4),
(13, 5),
(13, 11),
(13, 12),
(13, 13),
(13, 18),
(114, 18),
(129, 18),
(133, 8),
(133, 12),
(133, 15),
(133, 16),
(133, 17),
(133, 18),
(253, 3),
(253, 4),
(253, 5),
(253, 6),
(253, 7),
(253, 8),
(253, 9),
(253, 10),
(253, 11),
(253, 12),
(253, 13),
(253, 14),
(253, 15),
(253, 16),
(253, 17),
(253, 19),
(253, 20),
(253, 21),
(257, 3),
(257, 4),
(257, 6),
(257, 7),
(257, 8),
(257, 9),
(257, 10),
(257, 11),
(257, 12),
(257, 14),
(257, 16),
(257, 17),
(257, 18),
(257, 20),
(307, 6),
(307, 12),
(307, 13),
(307, 18),
(308, 3),
(308, 5),
(308, 17),
(310, 11),
(310, 17),
(310, 18),
(311, 12),
(311, 13),
(311, 17),
(311, 18),
(312, 13),
(315, 12),
(315, 17),
(315, 18),
(336, 12),
(336, 13),
(336, 18),
(338, 4),
(338, 9),
(338, 18),
(346, 9),
(346, 13),
(346, 18),
(347, 18),
(348, 9),
(348, 12),
(348, 17),
(348, 18),
(350, 18),
(352, 22),
(352, 5),
(352, 12),
(353, 22),
(353, 5),
(353, 12),
(354, 12),
(354, 5),
(354, 22);

-- --------------------------------------------------------

--
-- Table structure for table `FK_PROPERTY_PROPERTYPRIPROTY`
--

CREATE TABLE `FK_PROPERTY_PROPERTYPRIPROTY` (
  `PROPERTYID` int(11) NOT NULL,
  `PROPERTYPRIORITYID` int(11) NOT NULL
) ENGINE=MyISAM DEFAULT CHARSET=latin1;

--
-- Dumping data for table `FK_PROPERTY_PROPERTYPRIPROTY`
--

INSERT INTO `FK_PROPERTY_PROPERTYPRIPROTY` (`PROPERTYID`, `PROPERTYPRIORITYID`) VALUES
(132, 7),
(132, 8),
(133, 1),
(134, 1),
(135, 1),
(136, 1),
(137, 1),
(138, 1),
(139, 1),
(139, 7),
(139, 8),
(140, 1),
(141, 1),
(142, 2),
(142, 5),
(142, 6),
(143, 1),
(144, 1),
(121, 1),
(145, 1),
(146, 5),
(146, 6),
(147, 1),
(148, 1),
(149, 1),
(150, 5),
(150, 6),
(151, 1),
(152, 1),
(153, 1),
(154, 1),
(155, 1),
(156, 1),
(157, 1),
(158, 1),
(159, 1),
(160, 5),
(161, 1),
(162, 8),
(163, 1),
(164, 1),
(165, 1),
(166, 1),
(167, 5),
(168, 1),
(169, 1),
(170, 1),
(171, 1),
(171, 5),
(172, 5),
(172, 6),
(173, 5),
(173, 6),
(174, 1),
(175, 1),
(176, 5),
(176, 6),
(177, 1),
(178, 1),
(179, 1),
(180, 1),
(181, 1),
(182, 1),
(183, 1),
(184, 1),
(184, 7),
(184, 8),
(185, 1),
(186, 1),
(187, 1),
(188, 1),
(189, 2),
(190, 1),
(191, 1),
(192, 1),
(193, 1),
(194, 1),
(195, 1),
(196, 2),
(196, 7),
(196, 8),
(197, 1),
(198, 1),
(199, 1),
(200, 1),
(201, 8),
(201, 7),
(201, 2),
(201, 1),
(202, 1),
(203, 1),
(204, 1),
(204, 7),
(204, 8),
(205, 1),
(206, 1),
(207, 1),
(208, 1),
(209, 1),
(210, 1),
(211, 1),
(212, 1),
(212, 7),
(212, 8),
(213, 1),
(214, 1),
(215, 1),
(216, 1),
(217, 1),
(218, 1),
(219, 1),
(220, 1),
(221, 1),
(222, 1),
(223, 1),
(224, 1),
(225, 1),
(226, 1),
(227, 1),
(228, 1),
(229, 1),
(230, 1),
(231, 1),
(232, 1),
(232, 7),
(232, 8),
(233, 1),
(233, 7),
(233, 8),
(234, 1),
(235, 1),
(235, 7),
(235, 8),
(236, 1),
(237, 9),
(238, 1),
(239, 9),
(240, 8),
(241, 9),
(242, 1),
(243, 1),
(244, 1),
(245, 1),
(246, 1),
(247, 1),
(248, 1),
(249, 1),
(250, 1),
(251, 1),
(252, 1),
(253, 1),
(254, 3),
(255, 1),
(256, 9),
(257, 1),
(258, 1),
(259, 1),
(260, 1),
(261, 1),
(262, 8),
(263, 1),
(264, 1),
(265, 1),
(266, 7),
(267, 1),
(268, 1),
(269, 1),
(270, 1),
(271, 1),
(272, 9),
(273, 1),
(274, 1),
(275, 1),
(276, 1),
(277, 1),
(278, 1),
(279, 1),
(280, 9),
(281, 1),
(282, 9),
(283, 9),
(284, 1),
(285, 9),
(286, 1),
(287, 9),
(288, 1),
(289, 9),
(290, 1),
(291, 9),
(292, 9),
(293, 9),
(294, 9),
(295, 9),
(296, 9),
(297, 1),
(298, 9),
(299, 9),
(300, 9),
(301, 9),
(302, 9),
(303, 9),
(304, 9),
(305, 9),
(306, 9),
(307, 1),
(308, 1),
(309, 9),
(310, 1),
(310, 8),
(311, 1),
(312, 7),
(313, 9),
(314, 1),
(315, 1),
(316, 1),
(317, 1),
(318, 1),
(319, 1),
(320, 1),
(321, 1),
(321, 9),
(322, 1),
(323, 1),
(324, 1),
(325, 1),
(326, 1),
(327, 1),
(328, 1),
(329, 1),
(330, 1),
(331, 1),
(332, 1),
(332, 9),
(333, 1),
(334, 1),
(335, 1),
(336, 1),
(337, 1),
(338, 1),
(339, 1),
(340, 1),
(341, 1),
(342, 1),
(343, 1),
(344, 1),
(345, 1),
(346, 1),
(347, 1),
(348, 1),
(349, 1),
(350, 1),
(351, 1),
(352, 1),
(353, 1),
(354, 1);

-- --------------------------------------------------------

--
-- Table structure for table `FK_PROPERTY_SOCIETYAMENITIESID`
--

CREATE TABLE `FK_PROPERTY_SOCIETYAMENITIESID` (
  `PROPERTYID` int(11) NOT NULL,
  `SOCIETYAMENITIESID` int(11) NOT NULL
) ENGINE=MyISAM DEFAULT CHARSET=latin1;

--
-- Dumping data for table `FK_PROPERTY_SOCIETYAMENITIESID`
--

INSERT INTO `FK_PROPERTY_SOCIETYAMENITIESID` (`PROPERTYID`, `SOCIETYAMENITIESID`) VALUES
(1, 1),
(1, 2),
(2, 1),
(2, 2),
(3, 1),
(3, 2),
(4, 1),
(4, 2),
(5, 3),
(5, 6),
(5, 7),
(5, 8),
(5, 9),
(5, 11),
(6, 3),
(6, 6),
(6, 7),
(6, 8),
(6, 9),
(6, 11),
(9, 7),
(9, 8),
(10, 7),
(10, 8),
(11, 11),
(12, 11),
(13, 1),
(13, 7),
(13, 8),
(13, 11),
(13, 13),
(47, 1),
(47, 2),
(47, 3),
(47, 4),
(47, 5),
(47, 6),
(47, 12),
(47, 19),
(49, 1),
(49, 2),
(49, 3),
(49, 6),
(49, 11),
(49, 12),
(49, 13),
(49, 18),
(114, 2),
(114, 11),
(129, 2),
(129, 11),
(133, 1),
(133, 3),
(133, 6),
(133, 7),
(133, 11),
(192, 1),
(192, 2),
(192, 3),
(192, 4),
(192, 5),
(192, 6),
(192, 7),
(192, 12),
(192, 19),
(231, 1),
(231, 2),
(231, 7),
(234, 1),
(234, 7),
(234, 19),
(237, 7),
(237, 11),
(244, 3),
(244, 6),
(252, 1),
(252, 3),
(252, 4),
(252, 6),
(252, 7),
(252, 10),
(252, 11),
(252, 14),
(252, 16),
(255, 2),
(255, 17),
(257, 2),
(257, 7),
(259, 1),
(259, 2),
(259, 3),
(259, 5),
(259, 6),
(259, 7),
(259, 11),
(259, 16),
(259, 17),
(259, 18),
(260, 4),
(260, 6),
(260, 7),
(260, 11),
(260, 14),
(260, 15),
(260, 16),
(261, 7),
(262, 2),
(262, 7),
(262, 19),
(265, 3),
(265, 4),
(265, 6),
(265, 7),
(265, 12),
(269, 1),
(269, 7),
(269, 17),
(270, 7),
(271, 2),
(271, 7),
(273, 2),
(275, 2),
(275, 7),
(275, 12),
(275, 13),
(275, 19),
(276, 17),
(276, 19),
(277, 1),
(277, 2),
(277, 3),
(277, 4),
(277, 5),
(277, 6),
(277, 7),
(277, 11),
(277, 12),
(277, 16),
(277, 19),
(278, 1),
(278, 2),
(278, 3),
(278, 4),
(278, 5),
(278, 6),
(278, 7),
(278, 8),
(278, 11),
(278, 12),
(278, 16),
(278, 17),
(278, 18),
(278, 19),
(307, 2),
(307, 6),
(307, 13),
(307, 14),
(307, 17),
(307, 19),
(308, 1),
(308, 2),
(308, 3),
(308, 5),
(308, 6),
(308, 12),
(308, 14),
(308, 19),
(309, 1),
(309, 2),
(309, 19),
(313, 3),
(313, 5),
(314, 1),
(314, 2),
(314, 3),
(314, 4),
(314, 5),
(314, 6),
(314, 14),
(314, 19),
(317, 1),
(317, 3),
(317, 6),
(317, 7),
(317, 11),
(320, 2),
(320, 7),
(323, 1),
(323, 7),
(323, 11),
(326, 17),
(327, 12),
(327, 17),
(327, 19),
(328, 2),
(328, 7),
(329, 19),
(330, 3),
(330, 6),
(330, 7),
(335, 1),
(335, 3),
(335, 4),
(335, 6),
(335, 7),
(335, 8),
(335, 9),
(335, 11),
(335, 13),
(335, 14),
(335, 17),
(343, 1),
(343, 2),
(343, 3),
(343, 4),
(343, 5),
(343, 6),
(343, 7),
(343, 8),
(343, 11),
(343, 13),
(343, 14),
(343, 17),
(343, 19),
(344, 1),
(344, 2),
(344, 3),
(344, 4),
(344, 6),
(344, 7),
(344, 8),
(344, 9),
(344, 10),
(344, 11),
(344, 13),
(344, 14),
(344, 17),
(344, 18),
(344, 19),
(346, 1),
(346, 4),
(346, 7),
(349, 1),
(349, 2),
(349, 3),
(349, 4),
(349, 5),
(349, 6),
(349, 7),
(349, 8),
(349, 9),
(349, 11),
(349, 13),
(349, 14),
(349, 17),
(349, 18),
(349, 19),
(351, 1),
(351, 2),
(351, 3),
(351, 4),
(351, 6),
(351, 7),
(351, 8),
(351, 9),
(351, 11),
(351, 13),
(351, 14),
(351, 17),
(351, 18),
(351, 19),
(352, 20),
(352, 2),
(352, 21),
(352, 22),
(352, 23),
(352, 24),
(352, 25),
(352, 26),
(352, 27),
(353, 20),
(353, 2),
(353, 21),
(353, 22),
(353, 23),
(353, 24),
(353, 25),
(353, 26),
(353, 27),
(354, 27),
(354, 26),
(354, 25),
(354, 24),
(354, 23),
(354, 22),
(354, 21),
(354, 2),
(354, 20);

-- --------------------------------------------------------

--
-- Table structure for table `FK_TEST_FLATAMENITIESID`
--

CREATE TABLE `FK_TEST_FLATAMENITIESID` (
  `TESTID` int(11) NOT NULL,
  `FLATAMENITIESID` int(11) NOT NULL
) ENGINE=MyISAM DEFAULT CHARSET=latin1;

-- --------------------------------------------------------

--
-- Table structure for table `FK_TEST_SOCIETYAMENITIESID`
--

CREATE TABLE `FK_TEST_SOCIETYAMENITIESID` (
  `TESTID` int(11) NOT NULL,
  `SOCIETYAMENITIESID` int(11) NOT NULL
) ENGINE=MyISAM DEFAULT CHARSET=latin1;

-- --------------------------------------------------------

--
-- Table structure for table `flatamenities`
--

CREATE TABLE `flatamenities` (
  `FLATAMENITIESID` int(11) NOT NULL,
  `ACTIVE` varchar(1) DEFAULT NULL,
  `CREATEDDATE` datetime DEFAULT NULL,
  `MODIFYDDATE` datetime DEFAULT NULL,
  `NAME` longtext,
  `RECORDORDER` int(11) DEFAULT NULL,
  `USERID` int(11) DEFAULT NULL
) ENGINE=MyISAM DEFAULT CHARSET=latin1;

--
-- Dumping data for table `flatamenities`
--

INSERT INTO `flatamenities` (`FLATAMENITIESID`, `ACTIVE`, `CREATEDDATE`, `MODIFYDDATE`, `NAME`, `RECORDORDER`, `USERID`) VALUES
(1, '0', '2016-06-21 23:54:48', '2016-06-21 23:54:48', 'Backup', 1, 1),
(2, '0', '2016-06-21 23:55:03', '2016-06-21 23:55:03', 'CCTV Cemmara', 2, 1),
(3, '1', '2016-07-30 06:25:58', '2016-07-30 06:25:58', 'Sofa', 0, 1),
(4, '1', '2016-07-30 06:26:10', '2016-07-30 06:26:10', 'Dining Table', 0, 1),
(5, '1', '2016-07-30 06:26:22', '2016-07-30 06:26:22', 'TV', 0, 1),
(6, '1', '2016-07-30 06:26:31', '2016-07-30 06:26:31', 'AC', 0, 1),
(7, '1', '2016-07-30 06:27:18', '2016-07-30 06:27:18', 'Gas Stove', 0, 1),
(8, '1', '2016-07-30 06:27:02', '2016-07-30 06:27:02', 'Cylinder', 0, 1),
(9, '1', '2016-07-30 06:27:38', '2016-07-30 06:27:38', 'Microwave', 0, 1),
(10, '1', '2016-07-30 06:27:53', '2016-07-30 06:27:53', 'Chimney', 0, 1),
(11, '1', '2016-07-30 06:29:30', '2016-07-30 06:29:30', 'Aquaguard', 0, 1),
(12, '1', '2016-07-30 06:29:44', '2016-07-30 06:29:44', 'Bed', 0, 1),
(13, '1', '2016-07-30 06:29:58', '2016-07-30 06:29:58', 'Wadrobe', 0, 1),
(14, '1', '2016-07-30 06:30:26', '2016-07-30 06:30:26', 'Dressing Table', 0, 1),
(15, '1', '2016-07-30 06:30:48', '2016-07-30 06:30:48', 'Table', 0, 1),
(16, '1', '2016-07-30 06:31:34', '2016-07-30 06:31:34', 'Chairs', 0, 1),
(17, '1', '2016-07-30 06:31:47', '2016-07-30 06:31:47', 'Guyser', 0, 1),
(18, '1', '2016-08-01 23:05:52', '2016-08-01 23:05:52', 'Kitchen Trolley', 0, 1),
(19, '1', '2016-07-30 06:42:57', '2016-07-30 06:42:57', 'Study Table', 0, 1),
(20, '1', '2016-08-01 23:07:54', '2016-08-01 23:07:54', 'Bed + Mattress', 0, 1),
(21, '1', '2016-08-01 23:11:19', '2016-08-01 23:11:19', 'TV Cabinet', 0, 1),
(22, '1', NULL, NULL, 'Cupboard', 0, NULL);

-- --------------------------------------------------------

--
-- Table structure for table `gender`
--

CREATE TABLE `gender` (
  `GENDERID` int(11) NOT NULL,
  `ACTIVE` varchar(1) DEFAULT NULL,
  `CREATEDDATE` datetime DEFAULT NULL,
  `MODIFYDDATE` datetime DEFAULT NULL,
  `NAME` longtext,
  `RECORDORDER` int(11) DEFAULT NULL,
  `USERID` int(11) DEFAULT NULL
) ENGINE=MyISAM DEFAULT CHARSET=latin1;

--
-- Dumping data for table `gender`
--

INSERT INTO `gender` (`GENDERID`, `ACTIVE`, `CREATEDDATE`, `MODIFYDDATE`, `NAME`, `RECORDORDER`, `USERID`) VALUES
(1, '1', '2016-06-21 23:44:17', '2016-06-21 23:44:17', 'Male', 1, 1),
(2, '1', '2016-06-21 23:44:24', '2016-06-21 23:44:24', 'Female', 2, 1);

-- --------------------------------------------------------

--
-- Table structure for table `inquiry`
--

CREATE TABLE `inquiry` (
  `INQUIRYID` int(11) NOT NULL,
  `ACTIVE` varchar(1) DEFAULT NULL,
  `BUDGET` float DEFAULT NULL,
  `CONTACT1` varchar(100) DEFAULT NULL,
  `CONTACT2` varchar(100) DEFAULT NULL,
  `CONTACT3` varchar(100) DEFAULT NULL,
  `CREATEDDATE` datetime DEFAULT NULL,
  `DATEOFINQUIRY` datetime DEFAULT NULL,
  `EMAIL` longtext,
  `FROMPERIOD` datetime DEFAULT NULL,
  `MOBILENO` varchar(100) DEFAULT NULL,
  `MODIFYDDATE` datetime DEFAULT NULL,
  `NAME` longtext,
  `RECORDORDER` int(11) DEFAULT NULL,
  `CITYID` int(11) DEFAULT NULL,
  `PROPERTYFACINGID` int(11) DEFAULT NULL,
  `USERID` int(11) DEFAULT NULL,
  `NEXTDATE` datetime DEFAULT NULL,
  `REMARKS` longtext,
  `CLOSEBY` longtext,
  `CLOSEFLAG` bit(1) DEFAULT NULL,
  `EXECUTIV` longtext
) ENGINE=MyISAM DEFAULT CHARSET=latin1;

--
-- Dumping data for table `inquiry`
--

INSERT INTO `inquiry` (`INQUIRYID`, `ACTIVE`, `BUDGET`, `CONTACT1`, `CONTACT2`, `CONTACT3`, `CREATEDDATE`, `DATEOFINQUIRY`, `EMAIL`, `FROMPERIOD`, `MOBILENO`, `MODIFYDDATE`, `NAME`, `RECORDORDER`, `CITYID`, `PROPERTYFACINGID`, `USERID`, `NEXTDATE`, `REMARKS`, `CLOSEBY`, `CLOSEFLAG`, `EXECUTIV`) VALUES
(7, '0', 12222200, NULL, NULL, NULL, '2016-08-21 08:41:08', '2016-08-21 08:39:22', 'ashish@123gmail.com', '2016-08-21 08:39:22', '9823290029', '2016-08-21 08:41:08', 'Ashish Ankush', 0, 1, 1, 1, '2016-08-21 08:39:22', NULL, NULL, b'0', NULL),
(6, '0', 35000, NULL, NULL, NULL, '2016-08-11 03:07:05', '2016-08-11 03:03:18', '', '2016-08-14 14:30:00', '9822453864', '2016-08-11 03:07:05', 'Atul Ingulkar', 0, 1, NULL, 1, '2016-08-11 03:03:18', 'Warm lead', NULL, b'0', NULL),
(4, '0', 5000, NULL, NULL, NULL, '2016-08-10 02:36:22', '2016-08-10 02:35:56', '', '2016-08-10 02:35:56', '1224234444', '2016-08-10 02:36:22', 's', 0, 1, 1, 1, '2016-08-10 02:35:56', 'sad', NULL, b'0', NULL),
(5, '0', 5000000, NULL, NULL, NULL, '2016-08-10 02:37:31', '2016-08-10 02:36:39', '', '2016-08-10 02:36:39', '21312321344', '2016-08-10 02:37:31', 'adsad', 0, 1, 1, 1, '2016-08-10 02:36:39', 'er', NULL, b'0', NULL),
(8, '1', 0, NULL, NULL, NULL, '2016-08-27 04:19:18', '2016-07-15 14:30:00', 'ramesh_kvk@hotmail.com', '2016-08-27 04:15:06', '9922955420', '2016-08-27 04:19:18', 'Ramesh K.', 0, 1, NULL, 1, '2016-08-27 04:15:06', '60-70 lacs', NULL, b'0', NULL),
(9, '1', 0, NULL, NULL, NULL, '2016-08-27 04:25:23', '2016-07-15 14:30:00', 'anuay.k11@gmail.com', '2016-08-27 04:19:35', '9370087651', '2016-08-27 04:25:23', 'Anuay', 0, 1, NULL, 1, '2016-08-27 04:19:35', '30 Lacs', NULL, b'0', NULL),
(10, '0', 17000, NULL, NULL, NULL, '2016-09-08 04:44:33', '2016-08-27 04:08:41', '', '2016-08-27 04:08:41', '9898989898', '2016-09-08 04:44:33', 'Atul Ingulkar', 0, 1, NULL, 1, '2016-08-27 04:08:41', NULL, NULL, b'0', NULL),
(11, '1', 0, NULL, NULL, NULL, '2016-08-27 04:27:24', '2016-07-15 14:30:00', 'rabindranath.giri@gmail.com', '2016-08-27 04:25:43', '9022070263', '2016-08-27 04:27:24', 'Rabindra', 0, 1, NULL, 1, '2016-08-27 04:25:43', '50 Lacs', NULL, b'0', NULL),
(12, '0', 20000, NULL, NULL, NULL, '2016-11-05 01:30:48', '2016-11-05 01:27:00', '', '2016-11-15 00:27:00', '9011641559', '2016-11-05 01:30:48', 'Umesh', 0, 1, NULL, 1, '2016-11-06 01:27:00', 'Genuine  client', NULL, b'0', NULL),
(13, '1', 14000, NULL, NULL, NULL, '2016-11-05 02:15:43', '2016-11-04 02:09:00', 'raunakchandiwal@gmail.com', '2016-11-05 02:09:00', '9552598501', '2016-11-05 02:15:43', 'raunak', 0, 1, NULL, 1, '2016-11-05 02:09:00', '', NULL, b'0', NULL),
(14, '1', 17000, NULL, NULL, NULL, '2016-11-05 02:16:18', '2016-10-31 02:11:00', 'nikhil.sawlapurkar@gmail.com', '2016-11-05 02:11:25', '9665298286', '2016-11-05 02:16:18', 'nikhil', 0, 1, NULL, 1, '2016-12-05 01:11:00', 'flat want in december', NULL, b'0', NULL),
(15, '1', 25000, NULL, NULL, NULL, '2016-11-05 02:27:50', '2016-11-05 02:17:00', 'saurabh.saraff26@gmail.com', '2016-11-07 01:17:00', '8510032223', '2016-11-05 02:27:50', 'saurabh', 0, 1, NULL, 1, '2016-11-07 01:17:00', 'want in 15 days', NULL, b'0', NULL),
(16, '1', 18000, NULL, NULL, NULL, '2016-11-05 02:40:38', '2016-11-05 02:38:54', 'pranay1303@gmail.com', '2016-11-15 01:38:00', '7798874638', '2016-11-05 02:40:38', 'Pranay Sharma', 0, 1, NULL, 1, '2016-11-05 02:38:54', NULL, NULL, b'0', NULL),
(17, '1', 18000, NULL, NULL, NULL, '2016-11-05 03:05:30', '2016-11-04 02:58:00', 'nitin.divekar83@gmail.com', '2016-11-15 01:58:00', '9820177726', '2016-11-05 03:05:30', 'Nitin Divekar', 0, 1, NULL, 1, '2016-11-07 01:58:00', NULL, NULL, b'0', NULL),
(18, '1', 16000, NULL, NULL, NULL, '2016-11-06 23:22:44', '2016-11-02 00:21:00', '', '2016-11-06 23:21:15', '9766304504', '2016-11-06 23:22:44', 'Ruchika', 0, 1, NULL, 1, '2016-11-06 23:21:15', NULL, NULL, b'0', NULL),
(19, '1', 16000, NULL, NULL, NULL, '2016-11-06 23:30:57', '2016-11-03 00:25:00', '', '2016-11-06 23:25:06', '7350841994', '2016-11-06 23:30:57', 'pertik kamboj', 0, 1, NULL, 1, '2016-11-06 23:25:06', '', NULL, b'0', NULL),
(20, '1', 25000, NULL, NULL, NULL, '2016-11-06 23:41:10', '2016-11-04 00:36:00', 'ajit7773@rediffmail.com', '2016-11-06 23:36:58', '8976496864', '2016-11-06 23:41:10', 'akash', 0, 1, NULL, 1, '2016-11-06 23:36:58', NULL, NULL, b'0', NULL),
(21, '1', 18000, NULL, NULL, NULL, '2016-11-06 23:50:20', '2016-11-04 00:47:00', 'sivaraoduggirala@gmail.com', '2016-11-06 23:47:59', '7875413938', '2016-11-06 23:50:20', 'Sarojini Duggirala', 0, 1, NULL, 1, '2016-11-06 23:47:59', 'want in december', NULL, b'0', NULL),
(22, '1', 13000, NULL, NULL, NULL, '2016-11-06 23:57:42', '2016-11-04 00:55:00', 'gauravmpadole@gmail.com', '2016-11-06 23:55:47', '9028051924', '2016-11-06 23:57:42', 'Gaurav Padole', 0, 1, NULL, 1, '2016-11-06 23:55:47', NULL, NULL, b'0', NULL),
(23, '1', 14500, NULL, NULL, NULL, '2016-11-07 00:01:07', '2016-11-04 00:59:00', 'raunakchandiwal@gmail.com', '2016-11-06 23:59:49', '9552598501', '2016-11-07 00:01:07', 'raunak', 0, 1, NULL, 1, '2016-11-06 23:59:49', NULL, NULL, b'0', NULL),
(24, '1', 25000, NULL, NULL, NULL, '2016-11-07 00:03:45', '2016-11-05 01:02:00', 'saurabh.saraff26@gmail.com', '2016-11-07 00:02:18', '8510032223', '2016-11-07 00:03:45', 'saurabh', 0, 1, NULL, 1, '2016-11-07 00:02:18', NULL, NULL, b'0', NULL),
(25, '1', 14500, NULL, NULL, NULL, '2016-11-07 00:06:43', '2016-11-05 01:05:00', 'nitin13293@gmail.com', '2016-11-07 00:05:24', '7597784456', '2016-11-07 00:06:43', 'Nitin Jain', 0, 1, NULL, 1, '2016-11-07 00:05:24', NULL, NULL, b'0', NULL),
(26, '1', 25000, NULL, NULL, NULL, '2016-11-07 00:12:39', '2016-11-05 01:10:00', 'sayali.athale@gmail.com', '2016-11-07 00:10:40', '7769871069', '2016-11-07 00:12:39', 'Sayali', 0, 1, NULL, 1, '2016-11-07 00:10:40', NULL, NULL, b'0', NULL),
(27, '1', 30000, NULL, NULL, NULL, '2016-11-07 00:20:20', '2016-11-07 00:18:44', 'ubpoojara@yahoo.com', '2016-11-05 01:18:00', '9819714631', '2016-11-07 00:20:20', 'Dina Poojara', 0, 1, NULL, 1, '2016-11-07 00:18:44', NULL, NULL, b'0', NULL),
(28, '1', 20000, NULL, NULL, NULL, '2016-11-07 00:25:50', '2016-11-07 00:24:33', 'pertik.kamboj@gmail.com', '2016-11-07 00:24:33', '7350841994', '2016-11-07 00:25:50', 'Pertik', 0, 1, NULL, 1, '2016-11-07 00:24:33', NULL, NULL, b'0', NULL),
(29, '1', 15000, NULL, NULL, NULL, '2016-11-07 00:30:44', '2016-11-07 00:28:28', 'trupti.p.90@gmail.com', '2016-11-07 00:28:28', '9764090508', '2016-11-07 00:30:44', 'sumit', 0, 1, NULL, 1, '2016-11-07 00:28:28', NULL, NULL, b'0', NULL),
(30, '1', 14500, NULL, NULL, NULL, '2016-11-07 00:32:56', '2016-11-07 00:31:54', 'imran.sardariya@gmail.com', '2016-11-07 00:31:54', '7838934426', '2016-11-07 00:32:56', 'mohd imran', 0, 1, NULL, 1, '2016-11-07 00:31:54', NULL, NULL, b'0', NULL),
(31, '1', 23000, NULL, NULL, NULL, '2016-11-07 00:35:22', '2016-11-07 00:34:24', 'sudarshan.mudaliyar@gmail.com', '2016-11-07 00:34:24', '9926313143', '2016-11-07 00:35:22', 'Sudarshan', 0, 1, NULL, 1, '2016-11-07 00:34:24', NULL, NULL, b'0', NULL),
(32, '1', 15000, NULL, NULL, NULL, '2016-11-07 00:39:44', '2016-11-07 00:38:12', 'yadunathdeshpande@gmail.com', '2016-11-07 00:38:12', '9764404969', '2016-11-07 00:39:44', 'Yadunath Deshpande', 0, 1, NULL, 1, '2016-11-07 00:38:12', NULL, NULL, b'0', NULL),
(33, '1', 22000, NULL, NULL, NULL, '2016-11-15 00:03:30', '2016-11-06 23:35:00', 'pallavibhardwaj292@gmail.com', '2016-11-07 23:35:56', '8412818934', '2016-11-15 00:03:30', 'pallavi bhardwaj', 0, 1, NULL, 1, '2016-11-07 23:35:56', 'flat given on rent by omkar', NULL, b'0', NULL),
(34, '1', 22000, NULL, NULL, NULL, '2016-11-08 23:49:50', '2016-11-07 23:38:00', 'ananya.chattaraj0@gmail.com', '2016-11-08 23:38:15', '9764665924', '2016-11-08 23:49:50', 'Ananya Chattaraj', 0, 1, NULL, 1, '2016-11-08 23:38:15', NULL, NULL, b'0', NULL),
(35, '1', 15000, NULL, NULL, NULL, '2016-11-09 00:05:55', '2016-11-08 00:01:00', 'zohebshaikhs@gmail.com', '2016-11-09 00:01:57', '9763208033', '2016-11-09 00:05:55', 'zoheb', 0, 1, NULL, 1, '2016-11-09 00:01:57', NULL, NULL, b'0', NULL),
(36, '1', 15000, NULL, NULL, NULL, '2016-11-09 23:27:31', '2016-11-08 23:24:00', 'dengu_006@yahoo.co.in', '2016-11-09 23:24:29', '9637090926', '2016-11-09 23:27:31', 'shree', 0, 1, NULL, 1, '2016-11-09 23:24:29', NULL, NULL, b'0', NULL),
(37, '0', 13000, NULL, NULL, NULL, '2016-11-09 23:32:53', '2016-11-08 23:27:00', 'ravindra.jdv@gmail.com', '2016-11-09 23:27:40', '9960243037', '2016-11-09 23:32:53', 'ravindra', 0, 1, NULL, 1, '2016-11-09 23:27:40', NULL, NULL, b'0', NULL),
(38, '1', 15000, NULL, NULL, NULL, '2016-11-09 23:43:15', '2016-11-08 23:39:00', 'manoj.meshram1@gmail.com', '2016-11-09 23:39:42', '9552516127', '2016-11-09 23:43:15', 'manoj', 0, 1, NULL, 1, '2016-11-09 23:39:42', NULL, NULL, b'0', NULL),
(39, '1', 14500, NULL, NULL, NULL, '2016-11-10 03:07:47', '2016-11-10 03:06:10', 'ritij.chaudhary.nitie@gmail.com', '2016-11-10 03:06:10', '8879705501', '2016-11-10 03:07:47', 'Ritij', 0, 1, NULL, 1, '2016-11-10 03:06:10', NULL, NULL, b'0', NULL),
(40, '1', 14000, NULL, NULL, NULL, '2016-11-10 03:14:28', '2016-11-10 03:12:57', '', '2016-11-10 03:12:57', '9860629293', '2016-11-10 03:14:28', 'sachin', 0, 1, NULL, 1, '2016-11-10 03:12:57', NULL, NULL, b'0', NULL),
(41, '1', 20000, NULL, NULL, NULL, '2016-11-10 03:19:16', '2016-11-10 03:17:46', 'vidushibajpai@yahoo.com', '2016-11-10 03:17:46', '8989109209', '2016-11-10 03:19:16', 'Vidushi Bajpai', 0, 1, NULL, 1, '2016-11-10 03:17:46', NULL, NULL, b'0', NULL),
(42, '1', 30000, NULL, NULL, NULL, '2016-11-10 23:36:47', '2016-11-09 23:35:00', 'vidushibajpai@yahoo.com', '2016-11-10 23:35:04', '8073260399', '2016-11-10 23:36:47', 'vidushi', 0, 1, NULL, 1, '2016-11-10 23:35:04', NULL, NULL, b'0', NULL),
(43, '1', 15000, NULL, NULL, NULL, '2016-11-10 23:40:33', '2016-11-09 23:39:00', 'singhgarima253@gmail.com', '2016-11-10 23:39:34', '9890564607', '2016-11-10 23:40:33', 'garima', 0, 1, NULL, 1, '2016-11-10 23:39:34', NULL, NULL, b'0', NULL),
(44, '1', 22000, NULL, NULL, NULL, '2016-11-10 23:44:03', '2016-11-09 23:42:00', 'rachanadw@gmail.com', '2016-11-10 23:42:40', '7755900110', '2016-11-10 23:44:03', 'Rachana Waghchaure', 0, 1, NULL, 1, '2016-11-10 23:42:40', NULL, NULL, b'0', NULL),
(45, '1', 12000, NULL, NULL, NULL, '2016-11-10 23:55:09', '2016-11-09 23:53:00', 'prashantbafna7@gmail.com', '2016-11-10 23:53:47', '8483838729', '2016-11-10 23:55:09', 'Prashant Bafna', 0, 1, NULL, 1, '2016-11-10 23:53:47', NULL, NULL, b'0', NULL),
(46, '1', 18000, NULL, NULL, NULL, '2016-11-10 23:58:47', '2016-11-09 23:57:00', 'prassada_hule@yahoo.co.in', '2016-11-10 23:57:44', '9833613663', '2016-11-10 23:58:47', 'Prashant Hule', 0, 1, NULL, 1, '2016-11-10 23:57:44', NULL, NULL, b'0', NULL),
(47, '1', 21000, NULL, NULL, NULL, '2016-11-11 23:48:21', '2016-11-10 23:47:00', 'phalyogesh@gmail.com', '2016-11-11 23:47:15', '9823451946', '2016-11-11 23:48:21', 'Jayshri Phal', 0, 1, NULL, 1, '2016-11-11 23:47:15', NULL, NULL, b'0', NULL),
(48, '1', 14000, NULL, NULL, NULL, '2016-11-11 23:53:17', '2016-11-10 23:52:00', 'yogesh.cvo@gmail.com', '2016-11-11 23:52:23', '9820330691', '2016-11-11 23:53:17', 'yogsh', 0, 1, NULL, 1, '2016-11-11 23:52:23', NULL, NULL, b'0', NULL),
(49, '1', 15000, NULL, NULL, NULL, '2016-11-11 23:58:59', '2016-11-10 23:57:00', 'kulkarni.anand7@gmail.com', '2016-11-11 23:57:41', '9730005850', '2016-11-11 23:58:59', 'anand', 0, 1, NULL, 1, '2016-11-11 23:57:41', NULL, NULL, b'0', NULL),
(50, '1', 10000, NULL, NULL, NULL, '2016-11-12 00:02:55', '2016-11-11 00:01:00', 'prushikesh455@gmail.com', '2016-11-12 00:01:20', '7743983555', '2016-11-12 00:02:55', 'Rushikesh Patil', 0, 1, NULL, 1, '2016-11-12 00:01:20', NULL, NULL, b'0', NULL),
(51, '1', 12000, NULL, NULL, NULL, '2016-11-12 00:34:17', '2016-11-11 00:32:00', 'dietitianpooja@gmail.com', '2016-11-12 00:32:27', '9930493747', '2016-11-12 00:34:17', 'Pooja Singh', 0, 1, NULL, 1, '2016-11-12 00:32:27', NULL, NULL, b'0', NULL),
(52, '1', 14000, NULL, NULL, NULL, '2016-11-14 23:41:49', '2016-11-13 23:40:00', 'vinay_ag78@yahoo.co.in', '2016-11-14 23:40:36', '7089694112', '2016-11-14 23:41:49', 'vinay', 0, 1, NULL, 1, '2016-11-14 23:40:36', NULL, NULL, b'0', NULL),
(53, '1', 15000, NULL, NULL, NULL, '2016-11-14 23:48:47', '2016-11-13 23:46:00', 'modi.sapna@gmail.com', '2016-11-14 23:46:54', '9823402984', '2016-11-14 23:48:47', 'Sapna Modi', 0, 1, NULL, 1, '2016-11-14 23:46:54', NULL, NULL, b'0', NULL),
(54, '1', 25000, NULL, NULL, NULL, '2016-11-14 23:52:47', '2016-11-14 23:50:56', 'milwagh@gmail.com', '2016-11-14 23:50:56', '9822210323', '2016-11-14 23:52:47', 'Milind Wagh', 0, 1, NULL, 1, '2016-11-14 23:50:56', NULL, NULL, b'0', NULL),
(55, '1', 14000, NULL, NULL, NULL, '2016-11-15 00:39:24', '2016-11-15 00:09:31', 'anndy_guy@yahoo.co.in', '2016-11-15 00:09:31', '9867388178', '2016-11-15 00:39:24', 'aniruddha', 0, 1, NULL, 1, '2016-11-15 00:09:31', NULL, NULL, b'0', NULL),
(56, '1', 20000, NULL, NULL, NULL, '2016-11-15 00:45:08', '2016-11-15 00:42:48', 'balesh.jorwekar@gmail.com', '2016-11-15 00:42:48', '9637308345', '2016-11-15 00:45:08', 'Balesh jorwekar', 0, 1, NULL, 1, '2016-11-15 00:42:48', NULL, NULL, b'0', NULL),
(57, '1', 18000, NULL, NULL, NULL, '2016-11-15 00:47:58', '2016-11-14 00:46:00', 'ajay.bhattad@gmail.com', '2016-11-15 00:46:18', '9561760177', '2016-11-15 00:47:58', 'ajay', 0, 1, NULL, 1, '2016-11-15 00:46:18', NULL, NULL, b'0', NULL),
(58, '1', 18000, NULL, NULL, NULL, '2016-11-15 00:52:24', '2016-11-14 00:51:00', 'prithwiraj.agt@gmail.com', '2016-11-15 00:51:07', '9769291524', '2016-11-15 00:52:24', 'prithwiraj', 0, 1, NULL, 1, '2016-11-15 00:51:07', NULL, NULL, b'0', NULL),
(59, '1', 15000, NULL, NULL, NULL, '2016-11-15 00:55:19', '2016-11-13 00:54:00', '', '2016-11-15 00:54:13', '8390183802', '2016-11-15 00:55:19', 'mona', 0, 1, NULL, 1, '2016-11-15 00:54:13', NULL, NULL, b'0', NULL),
(60, '1', 20000, NULL, NULL, NULL, '2016-11-15 01:00:38', '2016-11-13 00:58:00', 'Prachii4444@gmail.com', '2016-11-15 00:58:56', '8097234676', '2016-11-15 01:00:38', 'prachi', 0, 1, NULL, 1, '2016-11-15 00:58:56', NULL, NULL, b'0', NULL),
(61, '1', 22000, NULL, NULL, NULL, '2016-11-15 01:02:13', '2016-11-13 01:00:00', 'omkarshinde9100@gmail.com', '2016-11-15 01:00:52', '8888999714', '2016-11-15 01:02:13', 'omkar', 0, 1, NULL, 1, '2016-11-15 01:00:52', NULL, NULL, b'0', NULL),
(62, '1', 16000, NULL, NULL, NULL, '2016-11-15 01:08:04', '2016-11-13 01:06:00', 'rajshreemandrai7@gmail.com', '2016-11-15 01:06:56', '9764418800', '2016-11-15 01:08:04', 'rajshree', 0, 1, NULL, 1, '2016-11-15 01:06:56', NULL, NULL, b'0', NULL),
(63, '1', 18000, NULL, NULL, NULL, '2016-11-16 00:03:59', '2016-11-13 00:02:00', '', '2016-11-16 00:02:45', '9654649143', '2016-11-16 00:03:59', 'vikas', 0, 1, NULL, 1, '2016-11-16 00:02:45', NULL, NULL, b'0', NULL),
(64, '1', 15000, NULL, NULL, NULL, '2016-11-16 00:09:40', '2016-11-14 00:06:00', 'jai_archi@yahoo.com', '2016-11-16 00:06:52', '8149893671', '2016-11-16 00:09:40', 'jayshree', 0, 1, NULL, 1, '2016-11-16 00:06:52', NULL, NULL, b'0', NULL),
(65, '1', 15000, NULL, NULL, NULL, '2016-11-16 00:13:05', '2016-11-15 00:11:00', '', '2016-11-16 00:11:06', '9168469173', '2016-11-16 00:13:05', 'Ritu Gupta', 0, 1, NULL, 1, '2016-11-16 00:11:06', 'want in jan, so call in dec end', NULL, b'0', NULL),
(66, '1', 15000, NULL, NULL, NULL, '2016-11-16 00:21:27', '2016-11-15 00:20:00', 'rinkuchamaria6@gmail.com', '2016-11-16 00:20:19', '9689067070', '2016-11-16 00:21:27', 'Akshat', 0, 1, NULL, 1, '2016-11-16 00:20:19', NULL, NULL, b'0', NULL),
(67, '1', 15000, NULL, NULL, NULL, '2016-11-16 00:30:56', '2016-11-15 00:29:00', 'godavari91@gmail.com', '2016-11-16 00:29:56', '8087761524', '2016-11-16 00:30:56', 'godavari', 0, 1, NULL, 1, '2016-11-16 00:29:56', NULL, NULL, b'0', NULL),
(68, '1', 15000, NULL, NULL, NULL, '2016-11-16 00:33:14', '2016-11-15 00:32:00', 'piyush.j234@gmail.com', '2016-11-16 00:32:08', '7276375747', '2016-11-16 00:33:14', 'piyush', 0, 1, NULL, 1, '2016-11-16 00:32:08', NULL, NULL, b'0', NULL),
(69, '1', 15000, NULL, NULL, NULL, '2016-11-16 00:39:37', '2016-11-15 00:38:00', 'knjaware@gmail.com', '2016-11-16 00:38:34', '9730030892', '2016-11-16 00:39:37', 'kavita', 0, 1, NULL, 1, '2016-11-16 00:38:34', NULL, NULL, b'0', NULL),
(70, '1', 13000, NULL, NULL, NULL, '2016-11-16 00:44:34', '2016-11-15 00:43:00', 'umeshjadhav_kv@yahoo.co.in', '2016-11-16 00:43:29', '7218921018', '2016-11-16 00:44:34', 'umesh jadhav', 0, 1, NULL, 1, '2016-11-16 00:43:29', NULL, NULL, b'0', NULL),
(71, '1', 18000, NULL, NULL, NULL, '2016-11-16 00:47:10', '2016-11-15 00:46:00', 'ashishhasabnis@gmail.com', '2016-11-16 00:46:06', '9011778059', '2016-11-16 00:47:10', 'ashish', 0, 1, NULL, 1, '2016-11-16 00:46:06', NULL, NULL, b'0', NULL),
(72, '1', 15000, NULL, NULL, NULL, '2016-11-16 00:51:03', '2016-11-15 00:49:00', 'Sagar.gaikwad619@gmail.com', '2016-11-16 00:49:46', '9421046443', '2016-11-16 00:51:03', 'sagar', 0, 1, NULL, 1, '2016-11-16 00:49:46', NULL, NULL, b'0', NULL),
(73, '1', 18000, NULL, NULL, NULL, '2016-11-16 02:23:02', '2016-11-15 02:18:00', 'jayshriphal.jp@gmail.com', '2016-11-16 02:18:19', '9823451946', '2016-11-16 02:23:02', 'Jayshri phal', 0, 1, NULL, 1, '2016-11-16 02:18:19', NULL, NULL, b'0', NULL),
(74, '1', 17000, NULL, NULL, NULL, '2016-11-16 02:26:49', '2016-11-15 02:25:00', 'vaidindia@gmail.com', '2016-11-16 02:25:47', '8805509700', '2016-11-16 02:26:49', 'vaibhav', 0, 1, NULL, 1, '2016-11-16 02:25:47', NULL, NULL, b'0', NULL),
(75, '1', 18000, NULL, NULL, NULL, '2016-11-16 04:08:12', '2016-11-15 04:06:00', 'awakjain92@gmail.com', '2016-11-16 04:06:56', '8871226626', '2016-11-16 04:08:12', 'awak', 0, 1, NULL, 1, '2016-11-16 04:06:56', NULL, NULL, b'0', NULL),
(76, '1', 18000, NULL, NULL, NULL, '2016-11-16 04:16:03', '2016-11-15 04:14:00', 'kapilgupta1020@gmail.com', '2016-11-16 04:14:43', '7030990711', '2016-11-16 04:16:03', 'kapil', 0, 1, NULL, 1, '2016-11-16 04:14:43', NULL, NULL, b'0', NULL),
(77, '1', 18000, NULL, NULL, NULL, '2016-11-16 04:26:55', '2016-11-15 04:25:00', 'snehalghume@gmail.com', '2016-11-16 04:25:55', '9766113454', '2016-11-16 04:26:55', 'snehal ghume', 0, 1, NULL, 1, '2016-11-16 04:25:55', NULL, NULL, b'0', NULL),
(78, '1', 15000, NULL, NULL, NULL, '2016-11-16 05:23:26', '2016-11-15 05:22:00', 'bhonkararati91@gmail.com', '2016-11-16 05:22:20', '9657210969', '2016-11-16 05:23:26', 'Arati Bhonkar', 0, 1, NULL, 1, '2016-11-16 05:22:20', NULL, NULL, b'0', NULL),
(79, '1', 17000, NULL, NULL, NULL, '2016-11-16 23:24:39', '2016-11-15 23:23:00', 'zeenu17hi07@gmail.com', '2016-11-16 23:23:14', '7303184801', '2016-11-16 23:24:39', 'Chasmita', 0, 1, NULL, 1, '2016-11-16 23:23:14', NULL, NULL, b'0', NULL),
(80, '1', 15000, NULL, NULL, NULL, '2016-11-16 23:28:08', '2016-11-15 23:27:00', 'anudnya.patil@gmail.com', '2016-11-16 23:27:09', '8007714468', '2016-11-16 23:28:08', 'Anudnya Patil', 0, 1, NULL, 1, '2016-11-16 23:27:09', NULL, NULL, b'0', NULL),
(81, '1', 13000, NULL, NULL, NULL, '2016-11-16 23:31:21', '2016-11-15 23:30:00', '', '2016-11-16 23:30:24', '8380076264', '2016-11-16 23:31:21', 'tejal', 0, 1, NULL, 1, '2016-11-16 23:30:24', NULL, NULL, b'0', NULL),
(82, '1', 18000, NULL, NULL, NULL, '2016-11-16 23:33:05', '2016-11-15 23:32:00', '', '2016-11-16 23:32:13', '9730777756', '2016-11-16 23:33:05', 'surbhi', 0, 1, NULL, 1, '2016-11-16 23:32:13', NULL, NULL, b'0', NULL),
(83, '1', 11000, NULL, NULL, NULL, '2016-11-16 23:35:17', '2016-11-15 23:34:00', '', '2016-11-16 23:34:18', '9860320351', '2016-11-16 23:35:17', 'Shivaji shende', 0, 1, NULL, 1, '2016-11-16 23:34:18', NULL, NULL, b'0', NULL),
(84, '1', 20000, NULL, NULL, NULL, '2016-11-16 23:42:14', '2016-11-15 23:37:00', '', '2016-11-16 23:37:41', '9527140647', '2016-11-16 23:42:14', 'Paramjit Kaur', 0, 1, NULL, 1, '2016-11-16 23:37:41', NULL, NULL, b'0', NULL),
(85, '1', 17000, NULL, NULL, NULL, '2016-11-16 23:47:12', '2016-11-15 23:46:00', '', '2016-11-16 23:46:13', '9604262167', '2016-11-16 23:47:12', 'siddhi', 0, 1, NULL, 1, '2016-11-16 23:46:13', NULL, NULL, b'0', NULL),
(86, '1', 14000, NULL, NULL, NULL, '2016-11-16 23:55:16', '2016-11-15 23:54:00', '', '2016-11-16 23:54:31', '9689067070', '2016-11-16 23:55:16', 'akshat', 0, 1, NULL, 1, '2016-11-16 23:54:31', NULL, NULL, b'0', NULL),
(87, '1', 15000, NULL, NULL, NULL, '2016-11-17 05:09:58', '2016-11-16 05:08:00', '', '2016-11-17 05:08:58', '9730298808', '2016-11-17 05:09:58', 'SHIV', 0, 1, NULL, 1, '2016-11-17 05:08:58', NULL, NULL, b'0', NULL),
(88, '1', 30000, NULL, NULL, NULL, '2016-11-17 05:18:22', '2016-11-17 05:17:34', '', '2016-11-17 05:17:34', '9850984296', '2016-11-17 05:18:22', 'Salunke Santosh', 0, 1, NULL, 1, '2016-11-17 05:17:34', NULL, NULL, b'0', NULL),
(89, '1', 16000, NULL, NULL, NULL, '2016-11-17 05:24:46', '2016-11-17 05:21:32', '', '2016-11-17 05:21:32', '8793405436', '2016-11-17 05:24:46', 'amruta', 0, 1, NULL, 1, '2016-11-17 05:21:32', NULL, NULL, b'0', NULL),
(90, '1', 12000, NULL, NULL, NULL, '2016-11-17 23:48:19', '2016-11-16 23:47:00', '', '2016-11-17 23:47:25', '9960053007', '2016-11-17 23:48:19', 'kiran', 0, 1, NULL, 1, '2016-11-17 23:47:25', NULL, NULL, b'0', NULL),
(91, '1', 25000, NULL, NULL, NULL, '2016-11-17 23:51:43', '2016-11-16 23:50:00', '', '2016-11-17 23:50:43', '9967629933', '2016-11-17 23:51:43', 'prashant', 0, 1, NULL, 1, '2016-11-17 23:50:43', NULL, NULL, b'0', NULL),
(92, '1', 15000, NULL, NULL, NULL, '2016-11-17 23:54:22', '2016-11-16 23:53:00', '', '2016-11-17 23:53:13', '9922533388', '2016-11-17 23:54:22', 'parth shah', 0, 1, NULL, 1, '2016-11-17 23:53:13', NULL, NULL, b'0', NULL),
(93, '1', 16000, NULL, NULL, NULL, '2016-11-17 23:57:12', '2016-11-16 23:55:00', '', '2016-11-17 23:55:54', '9960305773', '2016-11-17 23:57:12', 'anshuja', 0, 1, NULL, 1, '2016-11-17 23:55:54', NULL, NULL, b'0', NULL),
(94, '1', 15000, NULL, NULL, NULL, '2016-11-18 01:05:54', '2016-11-17 01:04:00', '', '2016-11-18 01:04:32', '7507947456', '2016-11-18 01:05:54', 'rishav', 0, 1, NULL, 1, '2016-11-18 01:04:32', NULL, NULL, b'0', NULL),
(95, '1', 25000, NULL, NULL, NULL, '2016-11-19 00:57:52', '2016-11-17 00:56:00', '', '2016-11-19 00:56:59', '9922066503', '2016-11-19 00:57:52', 'nitin', 0, 1, NULL, 1, '2016-11-19 00:56:59', NULL, NULL, b'0', NULL),
(96, '1', 16000, NULL, NULL, NULL, '2016-11-19 01:04:27', '2016-11-18 01:03:00', '', '2016-11-19 01:03:27', '9964496500', '2016-11-19 01:04:27', 'ritij', 0, 1, NULL, 1, '2016-11-19 01:03:27', NULL, NULL, b'0', NULL),
(97, '1', 15000, NULL, NULL, NULL, '2016-11-19 01:44:27', '2016-11-19 01:43:42', '', '2016-11-19 01:43:42', '9850210901', '2016-11-19 01:44:27', 'shubhangi', 0, 1, NULL, 1, '2016-11-19 01:43:42', NULL, NULL, b'0', NULL),
(98, '1', 17000, NULL, NULL, NULL, '2016-11-21 04:03:03', '2016-11-20 04:01:00', '', '2016-11-21 04:01:34', '9941287096', '2016-11-21 04:03:03', 'omijit', 0, 1, NULL, 1, '2016-11-21 04:01:34', NULL, NULL, b'0', NULL),
(99, '1', 16000, NULL, NULL, NULL, '2016-11-21 05:11:56', '2016-11-20 05:10:00', '', '2016-11-21 05:10:57', '9403156569', '2016-11-21 05:11:56', 'chetan', 0, 1, NULL, 1, '2016-11-21 05:10:57', NULL, NULL, b'0', NULL),
(100, '1', 30000, NULL, NULL, NULL, '2016-11-21 05:41:19', '2016-11-20 05:40:00', '', '2016-11-21 05:40:25', '8390240011', '2016-11-21 05:41:19', 'anshu', 0, 1, NULL, 1, '2016-11-21 05:40:25', NULL, NULL, b'0', NULL),
(101, '1', 13000, NULL, NULL, NULL, '2016-11-21 06:54:13', '2016-11-21 06:53:24', '', '2016-11-21 06:53:24', '8238630072', '2016-11-21 06:54:13', 'vani', 0, 1, NULL, 1, '2016-11-21 06:53:24', NULL, NULL, b'0', NULL),
(102, '1', 6000, NULL, NULL, NULL, '2016-11-22 00:05:22', '2016-11-22 00:04:29', '', '2016-11-22 00:04:29', '7083445566', '2016-11-22 00:05:22', 'dnyaneshwar', 0, 1, NULL, 1, '2016-11-22 00:04:29', NULL, NULL, b'0', NULL),
(103, '1', 6000, NULL, NULL, NULL, '2016-11-22 00:06:24', '2016-11-22 00:05:44', '', '2016-11-22 00:05:44', '8007728844', '2016-11-22 00:06:24', 'nitin', 0, 1, NULL, 1, '2016-11-22 00:05:44', NULL, NULL, b'0', NULL),
(104, '1', 18000, NULL, NULL, NULL, '2016-11-22 00:12:43', '2016-11-22 00:11:58', '', '2016-11-22 00:11:58', '8793405436', '2016-11-22 00:12:43', 'amruta', 0, 1, NULL, 1, '2016-11-22 00:11:58', NULL, NULL, b'0', NULL),
(105, '1', 16000, NULL, NULL, NULL, '2016-11-22 00:19:16', '2016-11-22 00:18:29', '', '2016-11-22 00:18:29', '9860196999', '2016-11-22 00:19:16', 'mahendra', 0, 1, NULL, 1, '2016-11-22 00:18:29', NULL, NULL, b'0', NULL),
(106, '1', 12000, NULL, NULL, NULL, '2016-11-22 02:45:37', '2016-11-22 02:44:45', '', '2016-11-22 02:44:45', '9930993736', '2016-11-22 02:45:37', 'lina dalvi', 0, 1, NULL, 1, '2016-11-22 02:44:45', NULL, NULL, b'0', NULL),
(107, '1', 6000, NULL, NULL, NULL, '2016-11-23 00:11:44', '2016-11-23 00:10:11', '', '2016-11-23 00:10:11', '9825593374', '2016-11-23 00:11:44', 'vinod', 0, 1, NULL, 1, '2016-11-23 00:10:11', NULL, NULL, b'0', NULL),
(108, '1', 6000, NULL, NULL, NULL, '2016-11-23 00:35:56', '2016-11-23 00:35:04', '', '2016-11-23 00:35:04', '7841804331', '2016-11-23 00:35:56', 'Sudaaysh', 0, 1, NULL, 1, '2016-11-23 00:35:04', NULL, NULL, b'0', NULL),
(109, '1', 25000, NULL, NULL, NULL, '2016-11-23 00:51:53', '2016-11-23 00:51:09', '', '2016-11-23 00:51:09', '9158399993', '2016-11-23 00:51:53', 'priyanka', 0, 1, NULL, 1, '2016-11-23 00:51:09', NULL, NULL, b'0', NULL),
(110, '1', 15000, NULL, NULL, NULL, '2016-11-23 00:56:41', '2016-11-23 00:56:05', '', '2016-11-23 00:56:05', '9075688650', '2016-11-23 00:56:41', 'pallavi', 0, 1, NULL, 1, '2016-11-23 00:56:05', NULL, NULL, b'0', NULL),
(111, '1', 18000, NULL, NULL, NULL, '2016-11-23 01:03:15', '2016-11-23 01:02:33', '', '2016-11-23 01:02:33', '9130498842', '2016-11-23 01:03:15', 'mina sheth', 0, 1, NULL, 1, '2016-11-23 01:02:33', NULL, NULL, b'0', NULL),
(112, '1', 18000, NULL, NULL, NULL, '2016-11-23 01:10:50', '2016-11-23 01:09:57', '', '2016-11-23 01:09:57', '9881478345', '2016-11-23 01:10:50', 'VIPIN FULKE', 0, 1, NULL, 1, '2016-11-23 01:09:57', NULL, NULL, b'0', NULL),
(113, '1', 8000, NULL, NULL, NULL, '2016-11-23 01:27:34', '2016-11-23 01:26:46', '', '2016-11-23 01:26:46', '9892542950', '2016-11-23 01:27:34', 'Ratikant', 0, 1, NULL, 1, '2016-11-23 01:26:46', NULL, NULL, b'0', NULL),
(114, '1', 22000, NULL, NULL, NULL, '2016-11-23 02:40:32', '2016-11-23 02:39:37', '', '2016-11-23 02:39:37', '9423507775', '2016-11-23 02:40:32', 'archana', 0, 1, NULL, 1, '2016-11-23 02:39:37', NULL, NULL, b'0', NULL),
(115, '1', 15000, NULL, NULL, NULL, '2016-11-23 04:49:33', '2016-11-23 04:48:35', '', '2016-11-23 04:48:35', '9825979801', '2016-11-23 04:49:33', 'Dharmil pathak', 0, 1, NULL, 1, '2016-11-23 04:48:35', NULL, NULL, b'0', NULL),
(116, '1', 15000, NULL, NULL, NULL, '2016-11-23 05:02:00', '2016-11-23 05:00:42', '', '2016-11-23 05:00:42', '8805008475', '2016-11-23 05:02:00', 'aasavari', 0, 1, NULL, 1, '2016-11-23 05:00:42', NULL, NULL, b'0', NULL),
(117, '1', 15000, NULL, NULL, NULL, '2016-11-23 06:06:06', '2016-11-23 06:05:15', '', '2016-11-23 06:05:15', '8421892143', '2016-11-23 06:06:06', 'pragya', 0, 1, NULL, 1, '2016-11-23 06:05:15', NULL, NULL, b'0', NULL),
(118, '1', 21000, NULL, NULL, NULL, '2016-11-23 06:12:12', '2016-11-23 06:10:29', '', '2016-11-23 06:10:29', '9049930058', '2016-11-23 06:12:12', 'Shubhangi', 0, 1, NULL, 1, '2016-11-23 06:10:29', NULL, NULL, b'0', NULL),
(119, '1', 18000, NULL, NULL, NULL, '2016-11-23 06:16:09', '2016-11-23 06:15:21', '', '2016-11-23 06:15:21', '8817307931', '2016-11-23 06:16:09', 'abhishek', 0, 1, NULL, 1, '2016-11-23 06:15:21', NULL, NULL, b'0', NULL),
(120, '1', 13000, NULL, NULL, NULL, '2016-11-23 06:20:51', '2016-11-23 06:16:24', '', '2016-11-23 06:16:24', '9689420777', '2016-11-23 06:20:51', 'deepak shinde', 0, 1, NULL, 1, '2016-11-23 06:16:24', NULL, NULL, b'0', NULL),
(121, '1', 6000, NULL, NULL, NULL, '2016-11-24 00:21:30', '2016-11-24 00:20:24', '', '2016-11-24 00:20:24', '9403390543', '2016-11-24 00:21:30', 'rohini patil', 0, 1, NULL, 1, '2016-11-24 00:20:24', NULL, NULL, b'0', NULL),
(122, '1', 14000, NULL, NULL, NULL, '2016-11-24 00:43:59', '2016-11-24 00:43:18', '', '2016-11-24 00:43:18', '9420220470', '2016-11-24 00:43:59', 'sonali', 0, 1, NULL, 1, '2016-11-24 00:43:18', NULL, NULL, b'0', NULL),
(123, '1', 16000, NULL, NULL, NULL, '2016-11-24 01:03:43', '2016-11-24 01:02:48', '', '2016-11-24 01:02:48', '9423864543', '2016-11-24 01:03:43', 'mohit', 0, 1, NULL, 1, '2016-11-24 01:02:48', NULL, NULL, b'0', NULL),
(124, '1', 15000, NULL, NULL, NULL, '2016-11-24 01:47:38', '2016-11-24 01:46:37', '', '2016-11-24 01:46:37', '9764681052', '2016-11-24 01:47:38', 'satendrasingh', 0, 1, NULL, 1, '2016-11-24 01:46:37', NULL, NULL, b'0', NULL),
(125, '1', 22000, NULL, NULL, NULL, '2016-11-24 01:51:58', '2016-11-24 01:51:15', '', '2016-11-24 01:51:15', '9970508593', '2016-11-24 01:51:58', 'Bharati Sharma', 0, 1, NULL, 1, '2016-11-24 01:51:15', NULL, NULL, b'0', NULL),
(126, '1', 20000, NULL, NULL, NULL, '2016-11-24 01:59:34', '2016-11-24 01:58:47', '', '2016-11-24 01:58:47', '9881259499', '2016-11-24 01:59:34', 'gandhi', 0, 1, NULL, 1, '2016-11-24 01:58:47', NULL, NULL, b'0', NULL),
(127, '1', 23000, NULL, NULL, NULL, '2016-11-24 02:07:53', '2016-11-24 02:07:11', '', '2016-11-24 02:07:11', '9920853072', '2016-11-24 02:07:53', 'priyanka', 0, 1, NULL, 1, '2016-11-24 02:07:11', NULL, NULL, b'0', NULL),
(128, '1', 23000, NULL, NULL, NULL, '2016-11-24 06:17:20', '2016-11-24 06:16:37', '', '2016-11-24 06:16:37', '9920853072', '2016-11-24 06:17:20', 'Priyanka', 0, 1, NULL, 1, '2016-11-24 06:16:37', NULL, NULL, b'0', NULL),
(129, '1', 18000, NULL, NULL, NULL, '2016-11-25 00:49:53', '2016-11-25 00:41:29', '', '2016-11-25 00:41:29', '7797877300', '2016-11-25 00:49:53', 'Divyansh Gupta', 0, 1, NULL, 1, '2016-11-25 00:41:29', NULL, NULL, b'0', NULL),
(130, '1', 14000, NULL, NULL, NULL, '2016-11-25 04:33:44', '2016-11-25 04:33:03', '', '2016-11-25 04:33:03', '9820257751', '2016-11-25 04:33:44', 'mehul', 0, 1, NULL, 1, '2016-11-25 04:33:03', NULL, NULL, b'0', NULL),
(131, '1', 14000, NULL, NULL, NULL, '2016-11-25 05:04:44', '2016-11-25 05:03:41', '', '2016-11-25 05:03:41', '8275099745', '2016-11-25 05:04:44', 'amol', 0, 1, NULL, 1, '2016-11-25 05:03:41', NULL, NULL, b'0', NULL),
(132, '1', 25000, NULL, NULL, NULL, '2016-11-25 23:54:35', '2016-11-25 23:53:32', '', '2016-11-25 23:53:32', '8928981247', '2016-11-25 23:54:35', 'amit', 0, 1, NULL, 1, '2016-11-25 23:53:32', NULL, NULL, b'0', NULL),
(133, '1', 15000, NULL, NULL, NULL, '2016-11-26 00:05:42', '2016-11-26 00:05:01', '', '2016-11-26 00:05:01', '9766322227', '2016-11-26 00:05:42', 'Nupur Sharma', 0, 1, NULL, 1, '2016-11-26 00:05:01', NULL, NULL, b'0', NULL),
(134, '1', 14000, NULL, NULL, NULL, '2016-11-26 00:15:56', '2016-11-26 00:15:20', '', '2016-11-26 00:15:20', '9654111777', '2016-11-26 00:15:56', 'anil', 0, 1, NULL, 1, '2016-11-26 00:15:20', NULL, NULL, b'0', NULL),
(135, '1', 15000, NULL, NULL, NULL, '2016-11-29 00:19:43', '2016-11-27 00:18:00', '', '2016-11-29 00:18:19', '9830085047', '2016-11-29 00:19:43', 'Prasanta Kumar Dutt', 0, 1, NULL, 1, '2016-11-29 00:18:19', NULL, NULL, b'0', NULL),
(136, '1', 15000, NULL, NULL, NULL, '2016-11-29 01:20:02', '2016-11-29 01:19:12', '', '2016-11-29 01:19:12', '9970746712', '2016-11-29 01:20:02', 'Amit Gaikwad', 0, 1, NULL, 1, '2016-11-29 01:19:12', NULL, NULL, b'0', NULL),
(137, '1', 20000, NULL, NULL, NULL, '2016-11-29 02:01:57', '2016-11-28 02:00:00', '', '2016-11-29 02:00:33', '9209422581', '2016-11-29 02:01:57', 'ANIL', 0, 1, NULL, 1, '2016-11-29 02:00:33', NULL, NULL, b'0', NULL),
(138, '1', 6000, NULL, NULL, NULL, '2016-11-29 02:07:23', '2016-11-28 02:06:00', '', '2016-11-29 02:06:43', '9825593374', '2016-11-29 02:07:23', 'sneha', 0, 1, NULL, 1, '2016-11-29 02:06:43', NULL, NULL, b'0', NULL),
(139, '1', 20000, NULL, NULL, NULL, '2016-11-29 02:24:17', '2016-11-29 02:23:36', '', '2016-11-29 02:23:36', '9645153321', '2016-11-29 02:24:17', 'sanjeev', 0, 1, NULL, 1, '2016-11-29 02:23:36', NULL, NULL, b'0', NULL),
(140, '1', 6000, NULL, NULL, NULL, '2016-11-29 02:38:40', '2016-11-29 02:37:54', '', '2016-11-29 02:37:54', '9730777756', '2016-11-29 02:38:40', 'surbhi', 0, 1, NULL, 1, '2016-11-29 02:37:54', NULL, NULL, b'0', NULL),
(141, '1', 18000, NULL, NULL, NULL, '2016-12-01 00:26:49', '2016-12-01 00:26:00', '', '2016-12-01 00:26:00', '9545118007', '2016-12-01 00:26:49', 'darshan', 0, 1, NULL, 1, '2016-12-01 00:26:00', NULL, NULL, b'0', NULL),
(142, '1', 20000, NULL, NULL, NULL, '2016-12-01 00:56:24', '2016-12-01 00:55:39', '', '2016-12-01 00:55:39', '7758889879', '2016-12-01 00:56:24', 'Rajesh Singh', 0, 1, NULL, 1, '2016-12-01 00:55:39', NULL, NULL, b'0', NULL),
(143, '1', 14000, NULL, NULL, NULL, '2016-12-01 01:05:42', '2016-12-01 01:04:20', '', '2016-12-01 01:04:20', '9021131317', '2016-12-01 01:05:42', 'sanket', 0, 1, NULL, 1, '2016-12-01 01:04:20', NULL, NULL, b'0', NULL),
(144, '1', 17000, NULL, NULL, NULL, '2016-12-01 01:13:52', '2016-12-01 01:13:09', '', '2016-12-01 01:13:09', '9926007610', '2016-12-01 01:13:52', 'dinesh', 0, 1, NULL, 1, '2016-12-01 01:13:09', NULL, NULL, b'0', NULL),
(145, '1', 14000, NULL, NULL, NULL, '2016-12-01 05:19:31', '2016-12-01 05:18:38', '', '2016-12-01 05:18:38', '9987841874', '2016-12-01 05:19:31', 'Siddharth Chorawala', 0, 1, NULL, 1, '2016-12-01 05:18:38', NULL, NULL, b'0', NULL),
(146, '1', 20000, NULL, NULL, NULL, '2016-12-01 05:28:03', '2016-12-01 05:26:13', '', '2016-12-01 05:26:13', '7507910393', '2016-12-01 05:28:03', 'nandini', 0, 1, NULL, 1, '2016-12-01 05:26:13', NULL, NULL, b'0', NULL),
(147, '1', 6000, NULL, NULL, NULL, '2016-12-02 00:36:29', '2016-12-02 00:35:48', '', '2016-12-02 00:35:48', '7028559033', '2016-12-02 00:36:29', 'vikki', 0, 1, NULL, 1, '2016-12-02 00:35:48', NULL, NULL, b'0', NULL),
(148, '1', 15000, NULL, NULL, NULL, '2016-12-02 00:40:54', '2016-12-02 00:40:13', '', '2016-12-02 00:40:13', '9405912340', '2016-12-02 00:40:54', 'a m nandedkar', 0, 1, NULL, 1, '2016-12-02 00:40:13', NULL, NULL, b'0', NULL),
(149, '1', 11000, NULL, NULL, NULL, '2016-12-02 00:44:56', '2016-12-02 00:44:16', '', '2016-12-02 00:44:16', '9766374696', '2016-12-02 00:44:56', 'Deepanshu', 0, 1, NULL, 1, '2016-12-02 00:44:16', NULL, NULL, b'0', NULL),
(150, '1', 15000, NULL, NULL, NULL, '2016-12-02 01:15:51', '2016-12-02 01:15:03', '', '2016-12-02 01:15:03', '9922996745', '2016-12-02 01:15:51', 'Suryasen Desai', 0, 1, NULL, 1, '2016-12-02 01:15:03', NULL, NULL, b'0', NULL),
(151, '1', 15000, NULL, NULL, NULL, '2016-12-03 01:20:59', '2016-12-03 01:19:57', '', '2016-12-03 01:19:57', '7083130676', '2016-12-03 01:20:59', 'abhishek', 0, 1, NULL, 1, '2016-12-03 01:19:57', NULL, NULL, b'0', NULL),
(152, '1', 10000, NULL, NULL, NULL, '2016-12-03 01:27:29', '2016-12-03 01:24:20', '', '2016-12-03 01:24:20', '9403863152', '2016-12-03 01:27:29', 'mane', 0, 1, NULL, 1, '2016-12-03 01:24:20', NULL, NULL, b'0', NULL),
(153, '1', 14000, NULL, NULL, NULL, '2016-12-03 01:34:21', '2016-12-03 01:33:13', '', '2016-12-03 01:33:13', '9168651941', '2016-12-03 01:34:21', 'Sushant Singh', 0, 1, NULL, 1, '2016-12-03 01:33:13', NULL, NULL, b'0', NULL),
(154, '1', 16000, NULL, NULL, NULL, '2016-12-03 01:42:02', '2016-12-03 01:40:46', '', '2016-12-03 01:40:46', '9922990006', '2016-12-03 01:42:02', 'ankit', 0, 1, NULL, 1, '2016-12-03 01:40:46', NULL, NULL, b'0', NULL),
(155, '1', 15000, NULL, NULL, NULL, '2016-12-03 01:53:13', '2016-12-03 01:51:55', '', '2016-12-03 01:51:55', '9158900398', '2016-12-03 01:53:13', 'shruti', 0, 1, NULL, 1, '2016-12-03 01:51:55', NULL, NULL, b'0', NULL),
(156, '1', 22000, NULL, NULL, NULL, '2016-12-05 00:22:55', '2016-12-05 00:21:59', '', '2016-12-05 00:21:59', '7448188260', '2016-12-05 00:22:55', 'MEGHA', 0, 1, NULL, 1, '2016-12-05 00:21:59', NULL, NULL, b'0', NULL),
(157, '1', 20000, NULL, NULL, NULL, '2016-12-05 23:54:08', '2016-12-05 23:52:33', '', '2016-12-05 23:52:33', '9168683790', '2016-12-05 23:54:08', 'sharad', 0, 1, NULL, 1, '2016-12-05 23:52:33', NULL, NULL, b'0', NULL),
(158, '1', 20000, NULL, NULL, NULL, '2016-12-06 02:18:03', '2016-12-06 02:17:13', '', '2016-12-06 02:17:13', '9321012396', '2016-12-06 02:18:03', 'ashutosh shah', 0, 1, NULL, 1, '2016-12-06 02:17:13', NULL, NULL, b'0', NULL),
(159, '1', 15000, NULL, NULL, NULL, '2016-12-06 04:28:36', '2016-12-06 04:27:45', '', '2016-12-06 04:27:45', '8698141100', '2016-12-06 04:28:36', 'rubina', 0, 1, NULL, 1, '2016-12-06 04:27:45', NULL, NULL, b'0', NULL),
(160, '1', 6000, NULL, NULL, NULL, '2016-12-06 05:50:42', '2016-12-06 05:49:39', '', '2016-12-06 05:49:39', '9730367397', '2016-12-06 05:50:42', 'SHRIKANT', 0, 1, NULL, 1, '2016-12-06 05:49:39', NULL, NULL, b'0', NULL),
(161, '1', 25000, NULL, NULL, NULL, '2016-12-06 06:15:21', '2016-12-06 06:14:19', '', '2016-12-06 06:14:19', '9158700225', '2016-12-06 06:15:21', 'kruti', 0, 1, NULL, 1, '2016-12-06 06:14:19', NULL, NULL, b'0', NULL),
(162, '1', 13000, NULL, NULL, NULL, '2016-12-06 06:27:40', '2016-12-06 06:26:13', '', '2016-12-06 06:26:13', '9604570088', '2016-12-06 06:27:40', 'sagar gaidhani', 0, 1, NULL, 1, '2016-12-06 06:26:13', NULL, NULL, b'0', NULL),
(163, '1', 18000, NULL, NULL, NULL, '2016-12-07 00:14:50', '2016-12-07 00:14:10', '', '2016-12-07 00:14:10', '9561639208', '2016-12-07 00:14:50', 'Saurabh', 0, 1, NULL, 1, '2016-12-07 00:14:10', NULL, NULL, b'0', NULL),
(164, '1', 17000, NULL, NULL, NULL, '2016-12-07 00:22:20', '2016-12-07 00:21:36', '', '2016-12-07 00:21:36', '9422521557', '2016-12-07 00:22:20', 'bhavani', 0, 1, NULL, 1, '2016-12-07 00:21:36', NULL, NULL, b'0', NULL),
(165, '1', 16000, NULL, NULL, NULL, '2016-12-07 00:30:27', '2016-12-07 00:29:46', '', '2016-12-07 00:29:46', '9423129727', '2016-12-07 00:30:27', 'smita', 0, 1, NULL, 1, '2016-12-07 00:29:46', NULL, NULL, b'0', NULL),
(166, '1', 13000, NULL, NULL, NULL, '2016-12-07 02:03:39', '2016-12-07 02:02:58', '', '2016-12-07 02:02:58', '7304709444', '2016-12-07 02:03:39', 'lalit', 0, 1, NULL, 1, '2016-12-07 02:02:58', NULL, NULL, b'0', NULL),
(167, '1', 6000, NULL, NULL, NULL, '2016-12-07 02:12:16', '2016-12-07 02:11:16', '', '2016-12-07 02:11:16', '8087132076', '2016-12-07 02:12:16', 'ajinkya', 0, 1, NULL, 1, '2016-12-07 02:11:16', NULL, NULL, b'0', NULL),
(168, '1', 15000, NULL, NULL, NULL, '2016-12-08 00:12:09', '2016-12-08 00:11:20', '', '2016-12-08 00:11:20', '9753331117', '2016-12-08 00:12:09', 'Ayush Tiwari', 0, 1, NULL, 1, '2016-12-08 00:11:20', NULL, NULL, b'0', NULL),
(169, '1', 14000, NULL, NULL, NULL, '2016-12-08 00:17:04', '2016-12-08 00:16:06', '', '2016-12-08 00:16:06', '8956014570', '2016-12-08 00:17:04', 'amrita', 0, 1, NULL, 1, '2016-12-08 00:16:06', NULL, NULL, b'0', NULL),
(170, '1', 13000, NULL, NULL, NULL, '2016-12-08 00:29:58', '2016-12-08 00:29:10', '', '2016-12-08 00:29:10', '9552509501', '2016-12-08 00:29:58', 'Amit Dukane', 0, 1, NULL, 1, '2016-12-08 00:29:10', NULL, NULL, b'0', NULL),
(171, '1', 11000, NULL, NULL, NULL, '2016-12-08 00:34:46', '2016-12-08 00:34:03', '', '2016-12-08 00:34:03', '9049681599', '2016-12-08 00:34:46', 'Nilkanth', 0, 1, NULL, 1, '2016-12-08 00:34:03', NULL, NULL, b'0', NULL),
(172, '1', 12000, NULL, NULL, NULL, '2016-12-08 00:45:11', '2016-12-08 00:44:29', '', '2016-12-08 00:44:29', '7276268906', '2016-12-08 00:45:11', 'Chandrakant', 0, 1, NULL, 1, '2016-12-08 00:44:29', NULL, NULL, b'0', NULL),
(173, '1', 22000, NULL, NULL, NULL, '2016-12-08 00:54:23', '2016-12-08 00:53:43', '', '2016-12-08 00:53:43', '9665370265', '2016-12-08 00:54:23', 'Ajinkya Boraste', 0, 1, NULL, 1, '2016-12-08 00:53:43', NULL, NULL, b'0', NULL),
(174, '1', 13000, NULL, NULL, NULL, '2016-12-08 02:05:47', '2016-12-08 02:04:57', '', '2016-12-08 02:04:57', '9011020962', '2016-12-08 02:05:47', 'pravin', 0, 1, NULL, 1, '2016-12-08 02:04:57', NULL, NULL, b'0', NULL),
(175, '1', 13000, NULL, NULL, NULL, '2016-12-08 02:13:24', '2016-12-08 02:11:57', '', '2016-12-08 02:11:57', '7768888787', '2016-12-08 02:13:24', 'giriraj', 0, 1, NULL, 1, '2016-12-08 02:11:57', NULL, NULL, b'0', NULL),
(176, '1', 30000, NULL, NULL, NULL, '2016-12-08 02:31:15', '2016-12-08 02:30:33', '', '2016-12-08 02:30:33', '9011072451', '2016-12-08 02:31:15', 'Rawat', 0, 1, NULL, 1, '2016-12-08 02:30:33', NULL, NULL, b'0', NULL),
(177, '1', 15000, NULL, NULL, NULL, '2016-12-08 23:56:52', '2016-12-08 23:56:02', '', '2016-12-08 23:56:02', '9822468196', '2016-12-08 23:56:52', 'R ndongre', 0, 1, NULL, 1, '2016-12-08 23:56:02', NULL, NULL, b'0', NULL),
(178, '1', 16000, NULL, NULL, NULL, '2016-12-09 00:03:49', '2016-12-09 00:03:01', '', '2016-12-09 00:03:01', '9892769092', '2016-12-09 00:03:49', 'Ria ahuja', 0, 1, NULL, 1, '2016-12-09 00:03:01', NULL, NULL, b'0', NULL),
(179, '1', 12000, NULL, NULL, NULL, '2016-12-09 00:10:55', '2016-12-09 00:10:02', '', '2016-12-09 00:10:02', '8806679389', '2016-12-09 00:10:55', 'ganesh', 0, 1, NULL, 1, '2016-12-09 00:10:02', NULL, NULL, b'0', NULL),
(180, '1', 10000, NULL, NULL, NULL, '2016-12-09 01:53:38', '2016-12-09 01:52:48', '', '2016-12-09 01:52:48', '9420671773', '2016-12-09 01:53:38', 'dinesh rane', 0, 1, NULL, 1, '2016-12-09 01:52:48', NULL, NULL, b'0', NULL),
(181, '1', 25000, NULL, NULL, NULL, '2016-12-09 01:59:31', '2016-12-09 01:58:35', '', '2016-12-09 01:58:35', '9764472416', '2016-12-09 01:59:31', 'monali', 0, 1, NULL, 1, '2016-12-09 01:58:35', NULL, NULL, b'0', NULL),
(182, '1', 13000, NULL, NULL, NULL, '2016-12-09 03:27:36', '2016-12-09 03:26:26', '', '2016-12-09 03:26:26', '9765967670', '2016-12-09 03:27:36', 'prashant', 0, 1, NULL, 1, '2016-12-09 03:26:26', NULL, NULL, b'0', NULL),
(183, '1', 15000, NULL, NULL, NULL, '2016-12-09 03:48:38', '2016-12-09 03:48:01', '', '2016-12-09 03:48:01', '7875059775', '2016-12-09 03:48:38', 'Aditya Upadhyay', 0, 1, NULL, 1, '2016-12-09 03:48:01', NULL, NULL, b'0', NULL),
(184, '1', 13000, NULL, NULL, NULL, '2016-12-09 05:21:44', '2016-12-09 05:20:27', '', '2016-12-09 05:20:27', '9892607619', '2016-12-09 05:21:44', 'Shankar Sachdev', 0, 1, NULL, 1, '2016-12-09 05:20:27', NULL, NULL, b'0', NULL),
(185, '1', 18000, NULL, NULL, NULL, '2016-12-09 23:21:38', '2016-12-09 23:20:23', '', '2016-12-09 23:20:23', '9823476399', '2016-12-09 23:21:38', 'Komal Shah', 0, 1, NULL, 1, '2016-12-09 23:20:23', NULL, NULL, b'0', NULL),
(186, '1', 13000, NULL, NULL, NULL, '2016-12-09 23:36:38', '2016-12-09 23:35:48', '', '2016-12-09 23:35:48', '9975930094', '2016-12-09 23:36:38', 'Shraddha', 0, 1, NULL, 1, '2016-12-09 23:35:48', NULL, NULL, b'0', NULL),
(187, '1', 20000, NULL, NULL, NULL, '2016-12-10 00:03:16', '2016-12-10 00:02:33', '', '2016-12-10 00:02:33', '8055674872', '2016-12-10 00:03:16', 'varun', 0, 1, NULL, 1, '2016-12-10 00:02:33', NULL, NULL, b'0', NULL),
(188, '1', 14000, NULL, NULL, NULL, '2016-12-10 00:07:09', '2016-12-10 00:06:30', '', '2016-12-10 00:06:30', '9764447761', '2016-12-10 00:07:09', 'megha', 0, 1, NULL, 1, '2016-12-10 00:06:30', NULL, NULL, b'0', NULL),
(189, '1', 18000, NULL, NULL, NULL, '2016-12-10 00:13:51', '2016-12-10 00:13:01', '', '2016-12-10 00:13:01', '9850424730', '2016-12-10 00:13:51', 'Anita Rohekar', 0, 1, NULL, 1, '2016-12-10 00:13:01', NULL, NULL, b'0', NULL),
(190, '1', 16000, NULL, NULL, NULL, '2016-12-10 00:35:07', '2016-12-10 00:33:34', '', '2016-12-10 00:33:34', '9920927231', '2016-12-10 00:35:07', 'Sanjeev Nair', 0, 1, NULL, 1, '2016-12-10 00:33:34', NULL, NULL, b'0', NULL),
(191, '1', 8000, NULL, NULL, NULL, '2016-12-10 00:38:56', '2016-12-10 00:38:14', '', '2016-12-10 00:38:14', '9975075558', '2016-12-10 00:38:56', 'Suraksha', 0, 1, NULL, 1, '2016-12-10 00:38:14', NULL, NULL, b'0', NULL),
(192, '1', 6000, NULL, NULL, NULL, '2016-12-10 00:47:01', '2016-12-10 00:46:22', '', '2016-12-10 00:46:22', '+919766983541', '2016-12-10 00:47:01', 'sushant wagh', 0, 1, NULL, 1, '2016-12-10 00:46:22', NULL, NULL, b'0', NULL),
(193, '1', 14000, NULL, NULL, NULL, '2016-12-10 02:26:51', '2016-12-10 02:26:11', '', '2016-12-10 02:26:11', '7769063007', '2016-12-10 02:26:51', 'Nikhil Bhoyar', 0, 1, NULL, 1, '2016-12-10 02:26:11', NULL, NULL, b'0', NULL),
(194, '1', 12000, NULL, NULL, NULL, '2016-12-12 00:15:28', '2016-12-12 00:14:38', '', '2016-12-12 00:14:38', '9130070980', '2016-12-12 00:15:28', 'SACHIN', 0, 1, NULL, 1, '2016-12-12 00:14:38', NULL, NULL, b'0', NULL),
(195, '1', 12000, NULL, NULL, NULL, '2016-12-12 00:27:05', '2016-12-12 00:26:27', '', '2016-12-12 00:26:27', '8928644118', '2016-12-12 00:27:05', 'anuj', 0, 1, NULL, 1, '2016-12-12 00:26:27', NULL, NULL, b'0', NULL),
(196, '1', 15000, NULL, NULL, NULL, '2016-12-12 00:36:18', '2016-12-12 00:35:23', '', '2016-12-12 00:35:23', '9689115204', '2016-12-12 00:36:18', 'Vijay Apte', 0, 1, NULL, 1, '2016-12-12 00:35:23', NULL, NULL, b'0', NULL),
(197, '1', 7000, NULL, NULL, NULL, '2016-12-12 00:58:25', '2016-12-12 00:57:33', '', '2016-12-12 00:57:33', '9921471309', '2016-12-12 00:58:25', 'akshay shete', 0, 1, NULL, 1, '2016-12-12 00:57:33', NULL, NULL, b'0', NULL),
(198, '1', 14000, NULL, NULL, NULL, '2016-12-12 05:31:01', '2016-12-12 05:29:50', '', '2016-12-12 05:29:50', '9665400011', '2016-12-12 05:31:01', 'Rituraj', 0, 1, NULL, 1, '2016-12-12 05:29:50', NULL, NULL, b'0', NULL),
(199, '1', 15000, NULL, NULL, NULL, '2016-12-12 06:09:46', '2016-12-12 06:08:59', '', '2016-12-12 06:08:59', '8892250773', '2016-12-12 06:09:46', 'suprit', 0, 1, NULL, 1, '2016-12-12 06:08:59', NULL, NULL, b'0', NULL),
(200, '1', 15000, NULL, NULL, NULL, '2016-12-12 06:38:44', '2016-12-12 06:37:27', '', '2016-12-12 06:37:27', '9881491209', '2016-12-12 06:38:44', 'RAMESH REGE', 0, 1, NULL, 1, '2016-12-12 06:37:27', NULL, NULL, b'0', NULL),
(201, '1', 50000, NULL, NULL, NULL, '2016-12-12 06:57:30', '2016-12-12 06:53:44', '', '2016-12-12 06:53:44', '9960543018', '2016-12-12 06:57:30', 'hemant', 0, 1, NULL, 1, '2016-12-12 06:53:44', NULL, NULL, b'0', NULL),
(202, '1', 15000, NULL, NULL, NULL, '2016-12-13 00:16:03', '2016-12-13 00:15:14', '', '2016-12-13 00:15:14', '9158888573', '2016-12-13 00:16:03', 'Chetan Kshirsagar', 0, 1, NULL, 1, '2016-12-13 00:15:14', NULL, NULL, b'0', NULL),
(203, '1', 17000, NULL, NULL, NULL, '2016-12-13 00:20:01', '2016-12-13 00:19:04', '', '2016-12-13 00:19:04', '8390000404', '2016-12-13 00:20:01', 'Sunil Chavan', 0, 1, NULL, 1, '2016-12-13 00:19:04', NULL, NULL, b'0', NULL),
(204, '1', 17000, NULL, NULL, NULL, '2016-12-13 00:36:44', '2016-12-13 00:36:05', '', '2016-12-13 00:36:05', '9890662575', '2016-12-13 00:36:44', 'Abhinav', 0, 1, NULL, 1, '2016-12-13 00:36:05', NULL, NULL, b'0', NULL),
(205, '1', 12000, NULL, NULL, NULL, '2016-12-13 01:39:49', '2016-12-13 01:38:41', '', '2016-12-13 01:38:41', '9920039157', '2016-12-13 01:39:49', 'ajay', 0, 1, NULL, 1, '2016-12-13 01:38:41', NULL, NULL, b'0', NULL),
(206, '1', 18000, NULL, NULL, NULL, '2016-12-13 03:16:45', '2016-12-13 03:15:38', '', '2016-12-13 03:15:38', '7709105424', '2016-12-13 03:16:45', 'gazala', 0, 1, NULL, 1, '2016-12-13 03:15:38', NULL, NULL, b'0', NULL),
(207, '1', 20000, NULL, NULL, NULL, '2016-12-19 00:23:48', '2016-12-19 00:22:50', '', '2016-12-19 00:22:50', '9027218047', '2016-12-19 00:23:48', 'anil agnihotri', 0, 1, NULL, 1, '2016-12-19 00:22:50', NULL, NULL, b'0', NULL),
(208, '1', 11000, NULL, NULL, NULL, '2016-12-19 01:54:19', '2016-12-19 01:53:17', '', '2016-12-19 01:53:17', '7304920005', '2016-12-19 01:54:19', 'SOUMEN', 0, 1, NULL, 1, '2016-12-19 01:53:17', NULL, NULL, b'0', NULL),
(209, '1', 20000, NULL, NULL, NULL, '2016-12-20 00:21:25', '2016-12-20 00:20:48', '', '2016-12-20 00:20:48', '9899023382', '2016-12-20 00:21:25', 'Harshul Vats', 0, 1, NULL, 1, '2016-12-20 00:20:48', NULL, NULL, b'0', NULL),
(210, '1', 25000, NULL, NULL, NULL, '2016-12-21 01:35:52', '2016-12-21 01:35:08', '', '2016-12-21 01:35:08', '8888699399', '2016-12-21 01:35:52', 'Abhedya', 0, 1, NULL, 1, '2016-12-21 01:35:08', NULL, NULL, b'0', NULL),
(211, '1', 19000, NULL, NULL, NULL, '2016-12-22 00:06:59', '2016-12-22 00:06:23', '', '2016-12-22 00:06:23', '8411007771', '2016-12-22 00:06:59', 'LALIT', 0, 1, NULL, 1, '2016-12-22 00:06:23', NULL, NULL, b'0', NULL),
(212, '1', 15000, NULL, NULL, NULL, '2016-12-22 00:13:47', '2016-12-22 00:12:58', '', '2016-12-22 00:12:58', '9890079955', '2016-12-22 00:13:47', 'Vishruti Navadgi', 0, 1, NULL, 1, '2016-12-22 00:12:58', NULL, NULL, b'0', NULL),
(213, '1', 12000, NULL, NULL, NULL, '2016-12-22 00:22:01', '2016-12-22 00:21:10', '', '2016-12-22 00:21:10', '9822847932', '2016-12-22 00:22:01', 'DEVANG', 0, 1, NULL, 1, '2016-12-22 00:21:10', NULL, NULL, b'0', NULL),
(214, '1', 15000, NULL, NULL, NULL, '2016-12-22 02:42:40', '2016-12-22 02:40:48', '', '2016-12-22 02:40:48', '8855030318', '2016-12-22 02:42:40', 'Tanmay Padalikar', 0, 1, NULL, 1, '2016-12-22 02:40:48', NULL, NULL, b'0', NULL),
(215, '1', 13000, NULL, NULL, NULL, '2016-12-22 04:37:53', '2016-12-22 04:37:08', '', '2016-12-22 04:37:08', '9561933999', '2016-12-22 04:37:53', 'shailesh', 0, 1, NULL, 1, '2016-12-22 04:37:08', NULL, NULL, b'0', NULL),
(216, '1', 18000, NULL, NULL, NULL, '2016-12-23 02:41:38', '2016-12-23 02:40:37', '', '2016-12-23 02:40:37', '9405765381', '2016-12-23 02:41:38', 'chirag', 0, 1, NULL, 1, '2016-12-23 02:40:37', NULL, NULL, b'0', NULL),
(217, '1', 8000, NULL, NULL, NULL, '2016-12-23 02:46:38', '2016-12-23 02:45:52', '', '2016-12-23 02:45:52', '9503678597', '2016-12-23 02:46:38', 'Avnish jha', 0, 1, NULL, 1, '2016-12-23 02:45:52', NULL, NULL, b'0', NULL),
(218, '1', 25000, NULL, NULL, NULL, '2016-12-24 00:28:09', '2016-12-24 00:27:23', '', '2016-12-24 00:27:23', '9960271361', '2016-12-24 00:28:09', 'Gauri Shelke', 0, 1, NULL, 1, '2016-12-24 00:27:23', NULL, NULL, b'0', NULL),
(219, '1', 24000, NULL, NULL, NULL, '2016-12-24 00:35:51', '2016-12-24 00:35:07', '', '2016-12-24 00:35:07', '8624975619', '2016-12-24 00:35:51', 'Deep Singh', 0, 1, NULL, 1, '2016-12-24 00:35:07', NULL, NULL, b'0', NULL),
(220, '1', 22000, NULL, NULL, NULL, '2016-12-26 05:59:36', '2016-12-26 05:58:43', '', '2016-12-26 05:58:43', '9850209993', '2016-12-26 05:59:36', 'yogesh', 0, 1, NULL, 1, '2016-12-26 05:58:43', NULL, NULL, b'0', NULL),
(221, '1', 15000, NULL, NULL, NULL, '2016-12-27 00:32:59', '2016-12-27 00:32:15', '', '2016-12-27 00:32:15', '9673271710', '2016-12-27 00:32:59', 'Amit gaur', 0, 1, NULL, 1, '2016-12-27 00:32:15', NULL, NULL, b'0', NULL),
(222, '1', 25000, NULL, NULL, NULL, '2016-12-27 00:43:47', '2016-12-27 00:42:07', '', '2016-12-27 00:42:07', '9881230127', '2016-12-27 00:43:47', 'Sukanya', 0, 1, NULL, 1, '2016-12-27 00:42:07', NULL, NULL, b'0', NULL);
INSERT INTO `inquiry` (`INQUIRYID`, `ACTIVE`, `BUDGET`, `CONTACT1`, `CONTACT2`, `CONTACT3`, `CREATEDDATE`, `DATEOFINQUIRY`, `EMAIL`, `FROMPERIOD`, `MOBILENO`, `MODIFYDDATE`, `NAME`, `RECORDORDER`, `CITYID`, `PROPERTYFACINGID`, `USERID`, `NEXTDATE`, `REMARKS`, `CLOSEBY`, `CLOSEFLAG`, `EXECUTIV`) VALUES
(223, '1', 15000, NULL, NULL, NULL, '2016-12-27 02:12:44', '2016-12-27 02:11:56', '', '2016-12-27 02:11:56', '9130910000', '2016-12-27 02:12:44', 'Shraddha', 0, 1, NULL, 1, '2016-12-27 02:11:56', NULL, NULL, b'0', NULL),
(224, '1', 22000, NULL, NULL, NULL, '2016-12-27 04:26:39', '2016-12-27 04:25:42', '', '2016-12-27 04:25:42', '9503412582', '2016-12-27 04:26:39', 'akash kumar', 0, 1, NULL, 1, '2016-12-27 04:25:42', NULL, NULL, b'0', NULL),
(225, '1', 20000, NULL, NULL, NULL, '2016-12-27 04:44:08', '2016-12-27 04:43:12', '', '2016-12-27 04:43:12', '9822117702', '2016-12-27 04:44:08', 'R B Shinde', 0, 1, NULL, 1, '2016-12-27 04:43:12', NULL, NULL, b'0', NULL),
(226, '1', 25000, NULL, NULL, NULL, '2016-12-28 04:02:04', '2016-12-28 04:01:09', '', '2016-12-28 04:01:09', '9822436668', '2016-12-28 04:02:04', 'Gauri', 0, 1, NULL, 1, '2016-12-28 04:01:09', NULL, NULL, b'0', NULL),
(227, '1', 20000, NULL, NULL, NULL, '2017-01-02 01:13:22', '2017-01-02 01:12:25', '', '2017-01-02 01:12:25', '9503749056', '2017-01-02 01:13:22', 'sonal mishra', 0, 1, NULL, 1, '2017-01-02 01:12:25', NULL, NULL, b'0', NULL),
(228, '1', 35000, NULL, NULL, NULL, '2017-01-02 01:25:53', '2017-01-02 01:25:02', '', '2017-01-02 01:25:02', '9167744220', '2017-01-02 01:25:53', 'Namrata Shaunak Chavan', 0, 1, NULL, 1, '2017-01-02 01:25:02', NULL, NULL, b'0', NULL),
(229, '1', 30000, NULL, NULL, NULL, '2017-01-02 05:07:21', '2017-01-02 05:06:25', '', '2017-01-02 05:06:25', '8380053363', '2017-01-02 05:07:21', 'ganesh k', 0, 1, NULL, 1, '2017-01-02 05:06:25', NULL, NULL, b'0', NULL),
(230, '1', 17000, NULL, NULL, NULL, '2017-01-02 05:11:13', '2017-01-02 05:10:20', '', '2017-01-02 05:10:20', '9970392147', '2017-01-02 05:11:13', 'ganesh', 0, 1, NULL, 1, '2017-01-02 05:10:20', NULL, NULL, b'0', NULL),
(231, '1', 22000, NULL, NULL, NULL, '2017-01-03 00:19:48', '2017-01-03 00:19:02', '', '2017-01-03 00:19:02', '7760899966', '2017-01-03 00:19:48', 'Priyadabhosale', 0, 1, NULL, 1, '2017-01-03 00:19:02', NULL, NULL, b'0', NULL),
(232, '1', 24000, NULL, NULL, NULL, '2017-01-03 00:31:11', '2017-01-03 00:30:24', '', '2017-01-03 00:30:24', '9975525545', '2017-01-03 00:31:11', 'SUKESHANI', 0, 1, NULL, 1, '2017-01-03 00:30:24', NULL, NULL, b'0', NULL),
(233, '1', 20000, NULL, NULL, NULL, '2017-01-03 03:51:05', '2017-01-03 03:50:16', '', '2017-01-03 03:50:16', '7030021515', '2017-01-03 03:51:05', 'vikas', 0, 1, NULL, 1, '2017-01-03 03:50:16', NULL, NULL, b'0', NULL),
(234, '1', 15000, NULL, NULL, NULL, '2017-01-03 03:53:55', '2017-01-03 03:53:14', '', '2017-01-03 03:53:14', '8956223444', '2017-01-03 03:53:55', 'poonam', 0, 1, NULL, 1, '2017-01-03 03:53:14', NULL, NULL, b'0', NULL),
(235, '1', 20000, NULL, NULL, NULL, '2017-01-04 00:30:06', '2017-01-04 00:28:55', '', '2017-01-04 00:28:55', '9595516245', '2017-01-04 00:30:06', 'disha', 0, 1, NULL, 1, '2017-01-04 00:28:55', NULL, NULL, b'0', NULL),
(236, '1', 24000, NULL, NULL, NULL, '2017-01-06 23:49:52', '2017-01-06 23:49:09', '', '2017-01-06 23:49:09', '9423507775', '2017-01-06 23:49:52', 'archana', 0, 1, NULL, 1, '2017-01-06 23:49:09', NULL, NULL, b'0', NULL),
(237, '1', 25000, NULL, NULL, NULL, '2017-01-06 23:58:45', '2017-01-06 23:57:43', '', '2017-01-06 23:57:43', '9767023942', '2017-01-06 23:58:45', 'Mandar Vaidya', 0, 1, NULL, 1, '2017-01-06 23:57:43', NULL, NULL, b'0', NULL),
(238, '1', 17000, NULL, NULL, NULL, '2017-01-09 00:41:03', '2017-01-09 00:40:15', '', '2017-01-09 00:40:15', '9969025741', '2017-01-09 00:41:03', 'prashant', 0, 1, NULL, 1, '2017-01-09 00:40:15', NULL, NULL, b'0', NULL),
(239, '1', 13000, NULL, NULL, NULL, '2017-01-09 00:46:13', '2017-01-09 00:45:02', '', '2017-01-09 00:45:02', '9503355724', '2017-01-09 00:46:13', 'Rutuja Kulkarni', 0, 1, NULL, 1, '2017-01-09 00:45:02', NULL, NULL, b'0', NULL),
(240, '1', 30000, NULL, NULL, NULL, '2017-01-09 00:58:22', '2017-01-09 00:57:24', '', '2017-01-09 00:57:24', '9867729930', '2017-01-09 00:58:22', 'Kavita Satish', 0, 1, NULL, 1, '2017-01-09 00:57:24', NULL, NULL, b'0', NULL),
(241, '1', 21000, NULL, NULL, NULL, '2017-01-09 03:00:30', '2017-01-09 02:58:00', '', '2017-01-09 02:58:00', '9553556655', '2017-01-09 03:00:30', 'sai', 0, 1, NULL, 1, '2017-01-09 02:58:00', NULL, NULL, b'0', NULL),
(242, '1', 14000, NULL, NULL, NULL, '2017-01-10 00:09:30', '2017-01-10 00:08:44', '', '2017-01-10 00:08:44', '9823719319', '2017-01-10 00:09:30', 'Rahul kamble', 0, 1, NULL, 1, '2017-01-10 00:08:44', NULL, NULL, b'0', NULL),
(243, '1', 24000, NULL, NULL, NULL, '2017-01-10 00:12:37', '2017-01-10 00:11:49', '', '2017-01-10 00:11:49', '9096971330', '2017-01-10 00:12:37', 'krishnanand kamath', 0, 1, NULL, 1, '2017-01-10 00:11:49', NULL, NULL, b'0', NULL),
(244, '1', 25000, NULL, NULL, NULL, '2017-01-10 00:15:50', '2017-01-10 00:15:04', '', '2017-01-10 00:15:04', '9890909087', '2017-01-10 00:15:50', 'Abhijeet Gade', 0, 1, NULL, 1, '2017-01-10 00:15:04', NULL, NULL, b'0', NULL),
(245, '1', 30000, NULL, NULL, NULL, '2017-01-10 00:19:35', '2017-01-10 00:18:39', '', '2017-01-10 00:18:39', '8657161861', '2017-01-10 00:19:35', 'amit', 0, 1, NULL, 1, '2017-01-10 00:18:39', NULL, NULL, b'0', NULL),
(246, '1', 45000, NULL, NULL, NULL, '2017-01-10 02:08:39', '2017-01-10 02:07:36', '', '2017-01-10 02:07:36', '7387000328', '2017-01-10 02:08:39', 'Ravi Shankar', 0, 1, NULL, 1, '2017-01-10 02:07:36', NULL, NULL, b'0', NULL),
(247, '1', 25000, NULL, NULL, NULL, '2017-01-12 00:06:30', '2017-01-12 00:05:32', '', '2017-01-12 00:05:32', '9822533360', '2017-01-12 00:06:30', 'Avantika Mane', 0, 1, NULL, 1, '2017-01-12 00:05:32', NULL, NULL, b'0', NULL),
(248, '1', 15000, NULL, NULL, NULL, '2017-01-12 00:44:19', '2017-01-12 00:42:56', '', '2017-01-12 00:42:56', '9831013551', '2017-01-12 00:44:19', 'ashim', 0, 1, NULL, 1, '2017-01-12 00:42:56', NULL, NULL, b'0', NULL),
(249, '1', 16000, NULL, NULL, NULL, '2017-01-13 01:00:13', '2017-01-13 00:58:58', '', '2017-01-13 00:58:58', '9146006981', '2017-01-13 01:00:13', 'Namrata', 0, 1, NULL, 1, '2017-01-13 00:58:58', NULL, NULL, b'0', NULL),
(250, '1', 40000, NULL, NULL, NULL, '2017-01-14 00:43:09', '2017-01-14 00:42:05', '', '2017-01-14 00:42:05', '9433031537', '2017-01-14 00:43:09', 'ak nath', 0, 1, NULL, 1, '2017-01-14 00:42:05', NULL, NULL, b'0', NULL),
(251, '1', 17000, NULL, NULL, NULL, '2017-01-14 02:28:36', '2017-01-14 02:27:56', '', '2017-01-14 02:27:56', '7028924242', '2017-01-14 02:28:36', 'sudam', 0, 1, NULL, 1, '2017-01-14 02:27:56', NULL, NULL, b'0', NULL),
(252, '1', 17000, NULL, NULL, NULL, '2017-01-16 00:20:40', '2017-01-16 00:20:09', '', '2017-01-16 00:20:09', '9028396898', '2017-01-16 00:20:40', 'rahul', 0, 1, NULL, 1, '2017-01-16 00:20:09', NULL, NULL, b'0', NULL),
(253, '1', 20000, NULL, NULL, NULL, '2017-01-16 00:25:47', '2017-01-16 00:25:01', '', '2017-01-16 00:25:01', '9764457775', '2017-01-16 00:25:47', 'Leena Khanke', 0, 1, NULL, 1, '2017-01-16 00:25:01', NULL, NULL, b'0', NULL),
(254, '1', 22000, NULL, NULL, NULL, '2017-01-16 00:34:38', '2017-01-16 00:32:58', '', '2017-01-16 00:32:58', '7755972217', '2017-01-16 00:34:38', 'harshad', 0, 1, NULL, 1, '2017-01-16 00:32:58', NULL, NULL, b'0', NULL),
(255, '1', 30000, NULL, NULL, NULL, '2017-01-17 00:04:54', '2017-01-17 00:03:11', '', '2017-01-17 00:03:11', '9764003844', '2017-01-17 00:04:54', 'Chheda', 0, 1, NULL, 1, '2017-01-17 00:03:11', NULL, NULL, b'0', NULL),
(256, '1', 25000, NULL, NULL, NULL, '2017-01-17 00:23:15', '2017-01-17 00:22:28', '', '2017-01-17 00:22:28', '9158989433', '2017-01-17 00:23:15', 'vishal', 0, 1, NULL, 1, '2017-01-17 00:22:28', NULL, NULL, b'0', NULL),
(257, '1', 16000, NULL, NULL, NULL, '2017-01-17 00:28:23', '2017-01-17 00:27:32', '', '2017-01-17 00:27:32', '7069038170', '2017-01-17 00:28:23', 'Bhim Singh', 0, 1, NULL, 1, '2017-01-17 00:27:32', NULL, NULL, b'0', NULL),
(258, '1', 20000, NULL, NULL, NULL, '2017-01-17 00:35:17', '2017-01-17 00:34:31', '', '2017-01-17 00:34:31', '8378988019', '2017-01-17 00:35:17', 'Dheeraj Mishra', 0, 1, NULL, 1, '2017-01-17 00:34:31', NULL, NULL, b'0', NULL),
(259, '1', 16000, NULL, NULL, NULL, '2017-01-17 04:54:21', '2017-01-17 04:53:44', '', '2017-01-17 04:53:44', '9552511820', '2017-01-17 04:54:21', 'ritu', 0, 1, NULL, 1, '2017-01-17 04:53:44', NULL, NULL, b'0', NULL),
(260, '1', 13000, NULL, NULL, NULL, '2017-01-17 05:03:57', '2017-01-17 05:02:59', '', '2017-01-17 05:02:59', '8600992997', '2017-01-17 05:03:57', 'Indranik Ray', 0, 1, NULL, 1, '2017-01-17 05:02:59', NULL, NULL, b'0', NULL),
(261, '1', 19000, NULL, NULL, NULL, '2017-01-17 05:32:28', '2017-01-17 05:31:51', '', '2017-01-17 05:31:51', '9923800169', '2017-01-17 05:32:28', 'shweta', 0, 1, NULL, 1, '2017-01-17 05:31:51', NULL, NULL, b'0', NULL),
(262, '1', 13000, NULL, NULL, NULL, '2017-01-17 06:01:06', '2017-01-17 06:00:01', '', '2017-01-17 06:00:01', '9890692334', '2017-01-17 06:01:06', 'nachiket', 0, 1, NULL, 1, '2017-01-17 06:00:01', NULL, NULL, b'0', NULL),
(263, '1', 13000, NULL, NULL, NULL, '2017-01-17 23:45:42', '2017-01-17 23:44:58', '', '2017-01-17 23:44:58', '8652077423', '2017-01-17 23:45:42', 'seema', 0, 1, NULL, 1, '2017-01-17 23:44:58', NULL, NULL, b'0', NULL),
(264, '1', 25000, NULL, NULL, NULL, '2017-01-17 23:51:06', '2017-01-17 23:50:20', '', '2017-01-17 23:50:20', '9718002942', '2017-01-17 23:51:06', 'ajay', 0, 1, NULL, 1, '2017-01-17 23:50:20', NULL, NULL, b'0', NULL),
(265, '1', 45000, NULL, NULL, NULL, '2017-01-17 23:59:09', '2017-01-17 23:58:33', '', '2017-01-17 23:58:33', '9823172020', '2017-01-17 23:59:09', 'neelesh', 0, 1, NULL, 1, '2017-01-17 23:58:33', NULL, NULL, b'0', NULL),
(266, '1', 12000, NULL, NULL, NULL, '2017-01-19 00:07:30', '2017-01-19 00:06:33', '', '2017-01-19 00:06:33', '9730096439', '2017-01-19 00:07:30', 'priyanka', 0, 1, NULL, 1, '2017-01-19 00:06:33', NULL, NULL, b'0', NULL),
(267, '1', 12000, NULL, NULL, NULL, '2017-01-19 00:16:59', '2017-01-19 00:15:16', '', '2017-01-19 00:15:16', '9766729972', '2017-01-19 00:16:59', 'siddhesh', 0, 1, NULL, 1, '2017-01-19 00:15:16', NULL, NULL, b'0', NULL),
(268, '1', 50000, NULL, NULL, NULL, '2017-01-20 00:28:49', '2017-01-20 00:26:35', 'PoojaGharat@Eaton.com', '2017-01-20 00:26:35', '9860044011', '2017-01-20 00:28:49', 'Amol gharat', 0, 1, 1, 1, '2017-01-20 00:26:35', NULL, '', b'0', ''),
(269, '1', 17000, NULL, NULL, NULL, '2017-01-20 00:39:59', '2017-01-20 00:39:00', '', '2017-01-20 00:39:00', '8275055441', '2017-01-20 00:39:59', 'VIDYASAGAR', 0, 1, 1, 1, '2017-01-20 00:39:00', NULL, '', b'0', ''),
(270, '1', 45000, NULL, NULL, NULL, '2017-01-20 00:45:54', '2017-01-20 00:44:49', '', '2017-01-20 00:44:49', '9000013840', '2017-01-20 00:45:54', 'Harpreet', 0, 1, 1, 1, '2017-01-20 00:44:49', NULL, '', b'0', ''),
(271, '1', 15000, NULL, NULL, NULL, '2017-01-20 02:15:35', '2017-01-20 02:14:42', '', '2017-01-20 02:14:42', '7066084234', '2017-01-20 02:15:35', 'dipesh', 0, 1, 1, 1, '2017-01-20 02:14:42', NULL, '', b'0', ''),
(272, '1', 16000, NULL, NULL, NULL, '2017-01-20 06:52:24', '2017-01-20 06:51:30', '', '2017-01-20 06:51:30', '9075013937', '2017-01-20 06:52:24', 'Prashant Nandi', 0, 1, 1, 1, '2017-01-20 06:51:30', NULL, '', b'0', ''),
(273, '1', 25000, NULL, NULL, NULL, '2017-01-21 00:30:38', '2017-01-21 00:29:35', '', '2017-01-21 00:29:35', '8446602534', '2017-01-21 00:30:38', 'Priyanka Thube', 0, 1, 1, 1, '2017-01-21 00:29:35', NULL, '', b'0', ''),
(274, '1', 14000, NULL, NULL, NULL, '2017-01-21 02:44:58', '2017-01-21 02:44:07', '', '2017-01-21 02:44:07', '9886126539', '2017-01-21 02:44:58', 'shashank', 0, 1, 1, 1, '2017-01-21 02:44:07', NULL, '', b'0', ''),
(275, '1', 13000, NULL, NULL, NULL, '2017-01-23 05:18:26', '2017-01-23 05:17:44', '', '2017-01-23 05:17:44', '8237453866', '2017-01-23 05:18:26', 'dipak kulkarni', 0, 1, 1, 1, '2017-01-23 05:17:44', NULL, '', b'0', ''),
(276, '1', 18000, NULL, NULL, NULL, '2017-01-23 05:23:02', '2017-01-23 05:22:19', '', '2017-01-23 05:22:19', '9860637221', '2017-01-23 05:23:02', 'venkatram', 0, 1, 1, 1, '2017-01-23 05:22:19', NULL, '', b'0', ''),
(277, '1', 15000, NULL, NULL, NULL, '2017-01-23 06:22:28', '2017-01-23 06:21:45', '', '2017-01-23 06:21:45', '9823376584', '2017-01-23 06:22:28', 'anish', 0, 1, 1, 1, '2017-01-23 06:21:45', NULL, '', b'0', ''),
(278, '1', 15000, NULL, NULL, NULL, '2017-01-23 06:36:05', '2017-01-23 06:35:18', '', '2017-01-23 06:35:18', '9890048895', '2017-01-23 06:36:05', 'Anesh Paul', 0, 1, 1, 1, '2017-01-23 06:35:18', NULL, '', b'0', ''),
(279, '1', 15000, NULL, NULL, NULL, '2017-01-25 00:12:13', '2017-01-25 00:11:40', '', '2017-01-25 00:11:40', '9167368928', '2017-01-25 00:12:13', 'anita', 0, 1, 1, 1, '2017-01-25 00:11:40', NULL, '', b'0', ''),
(280, '1', 20000, NULL, NULL, NULL, '2017-01-25 00:18:07', '2017-01-25 00:17:20', '', '2017-01-25 00:17:20', '9881258537', '2017-01-25 00:18:07', 'Aniruddha Pathak', 0, 1, 1, 1, '2017-01-25 00:17:20', NULL, '', b'0', ''),
(281, '1', 25000, NULL, NULL, NULL, '2017-01-25 00:28:17', '2017-01-25 00:27:25', '', '2017-01-25 00:27:25', '9881378056', '2017-01-25 00:28:17', 'Madhuri Shirole', 0, 1, 1, 1, '2017-01-25 00:27:25', NULL, '', b'0', ''),
(282, '1', 24000, NULL, NULL, NULL, '2017-01-27 00:07:49', '2017-01-27 00:07:09', '', '2017-01-27 00:07:09', '8009000022', '2017-01-27 00:07:49', 'neeta', 0, 1, 1, 1, '2017-01-27 00:07:09', NULL, '', b'0', ''),
(283, '1', 25000, NULL, NULL, NULL, '2017-01-27 00:21:41', '2017-01-27 00:20:42', '', '2017-01-27 00:20:42', '9623452521', '2017-01-27 00:21:41', 'NILESH SUTAR', 0, 1, 1, 1, '2017-01-27 00:20:42', NULL, '', b'0', ''),
(284, '1', 35000, NULL, NULL, NULL, '2017-01-27 00:26:20', '2017-01-27 00:25:22', '', '2017-01-27 00:25:22', '9167516494', '2017-01-27 00:26:20', 'Amit ramani', 0, 1, 1, 1, '2017-01-27 00:25:22', NULL, '', b'0', ''),
(285, '1', 15000, NULL, NULL, NULL, '2017-01-27 00:37:06', '2017-01-27 00:36:25', '', '2017-01-27 00:36:25', '8450966733', '2017-01-27 00:37:06', 'soniya', 0, 1, 1, 1, '2017-01-27 00:36:25', NULL, '', b'0', ''),
(286, '1', 15000, NULL, NULL, NULL, '2017-01-27 02:35:46', '2017-01-27 02:35:00', '', '2017-01-27 02:35:00', '8108073839', '2017-01-27 02:35:46', 'vivek', 0, 1, 1, 1, '2017-01-27 02:35:00', NULL, '', b'0', ''),
(287, '1', 15000, NULL, NULL, NULL, '2017-01-27 03:57:28', '2017-01-27 03:56:41', '', '2017-01-27 03:56:41', '9899160222', '2017-01-27 03:57:28', 'SAIGAL', 0, 1, 1, 1, '2017-01-27 03:56:41', NULL, '', b'0', ''),
(288, '1', 30000, NULL, NULL, NULL, '2017-01-28 00:09:43', '2017-01-28 00:08:47', '', '2017-01-28 00:08:47', '9850959036', '2017-01-28 00:09:43', 'Dipti Desai', 0, 1, 1, 1, '2017-01-28 00:08:47', NULL, '', b'0', ''),
(289, '1', 15000, NULL, NULL, NULL, '2017-01-28 00:13:15', '2017-01-28 00:12:29', '', '2017-01-28 00:12:29', '9449879033', '2017-01-28 00:13:15', 'Kishor More', 0, 1, 1, 1, '2017-01-28 00:12:29', NULL, '', b'0', ''),
(290, '1', 12000, NULL, NULL, NULL, '2017-01-28 00:18:11', '2017-01-28 00:17:30', '', '2017-01-28 00:17:30', '7447331122', '2017-01-28 00:18:11', 'nandita', 0, 1, 1, 1, '2017-01-28 00:17:30', NULL, '', b'0', ''),
(291, '1', 21000, NULL, NULL, NULL, '2017-01-28 00:21:38', '2017-01-28 00:20:45', '', '2017-01-28 00:20:45', '9764009757', '2017-01-28 00:21:38', 'Arshvinder Bhatia', 0, 1, 1, 1, '2017-01-28 00:20:45', NULL, '', b'0', ''),
(292, '1', 25000, NULL, NULL, NULL, '2017-01-28 01:41:30', '2017-01-28 01:40:46', '', '2017-01-28 01:40:46', '9819751503', '2017-01-28 01:41:30', 'chandan', 0, 1, 1, 1, '2017-01-28 01:40:46', NULL, '', b'0', ''),
(293, '1', 18000, NULL, NULL, NULL, '2017-01-29 23:59:56', '2017-01-29 23:58:56', '', '2017-01-29 23:58:56', '9769114624', '2017-01-29 23:59:56', 'Vishwesh', 0, 1, 1, 1, '2017-01-29 23:58:56', NULL, '', b'0', ''),
(294, '1', 12000, NULL, NULL, NULL, '2017-01-30 00:07:02', '2017-01-30 00:06:23', '', '2017-01-30 00:06:23', '9004056605', '2017-01-30 00:07:02', 'gopal', 0, 1, 1, 1, '2017-01-30 00:06:23', NULL, '', b'0', ''),
(295, '1', 15000, NULL, NULL, NULL, '2017-01-30 00:10:47', '2017-01-30 00:09:39', '', '2017-01-30 00:09:39', '9764498867', '2017-01-30 00:10:47', 'Prachi Gade', 0, 1, 1, 1, '2017-01-30 00:09:39', NULL, '', b'0', ''),
(296, '1', 15000, NULL, NULL, NULL, '2017-01-30 00:25:58', '2017-01-30 00:24:49', '', '2017-01-30 00:24:49', '9175181277', '2017-01-30 00:25:58', 'jaiswal', 0, 1, 1, 1, '2017-01-30 00:24:49', NULL, '', b'0', ''),
(297, '1', 13000, NULL, NULL, NULL, '2017-01-30 05:39:23', '2017-01-30 05:38:35', '', '2017-01-30 05:38:35', '8623900669', '2017-01-30 05:39:23', 'kavit', 0, 1, 1, 1, '2017-01-30 05:38:35', NULL, '', b'0', ''),
(298, '1', 14000, NULL, NULL, NULL, '2017-01-30 05:49:21', '2017-01-30 05:48:29', '', '2017-01-30 05:48:29', '7588849014', '2017-01-30 05:49:21', 'rutuja pawar', 0, 1, 1, 1, '2017-01-30 05:48:29', NULL, '', b'0', ''),
(299, '1', 13000, NULL, NULL, NULL, '2017-01-30 06:03:48', '2017-01-30 06:02:40', '', '2017-01-30 06:02:40', '9175081256', '2017-01-30 06:03:48', 'Nehal Tanna', 0, 1, 1, 1, '2017-01-30 06:02:40', NULL, '', b'0', ''),
(300, '1', 30000, NULL, NULL, NULL, '2017-01-31 00:32:22', '2017-01-31 00:31:27', '', '2017-01-31 00:31:27', '9226151515', '2017-01-31 00:32:22', 'Ankush Agarwal', 0, 1, 1, 1, '2017-01-31 00:31:27', NULL, '', b'0', ''),
(301, '1', 13000, NULL, NULL, NULL, '2017-01-31 00:39:53', '2017-01-31 00:38:53', '', '2017-01-31 00:38:53', '9049233934', '2017-01-31 00:39:53', 'suryavanshi', 0, 1, 1, 1, '2017-01-31 00:38:53', NULL, '', b'0', ''),
(302, '1', 30000, NULL, NULL, NULL, '2017-01-31 03:55:59', '2017-01-31 03:54:45', '', '2017-01-31 03:54:45', '9762384561', '2017-01-31 03:55:59', 'Ashwini shinde', 0, 1, 1, 1, '2017-01-31 03:54:45', NULL, '', b'0', ''),
(303, '1', 26000, NULL, NULL, NULL, '2017-01-31 04:54:46', '2017-01-31 04:53:58', '', '2017-01-31 04:53:58', '9665572113', '2017-01-31 04:54:46', 'amruta', 0, 1, 1, 1, '2017-01-31 04:53:58', NULL, '', b'0', ''),
(304, '1', 15000, NULL, NULL, NULL, '2017-02-01 00:00:27', '2017-01-31 23:59:48', '', '2017-01-31 23:59:48', '9860333036', '2017-02-01 00:00:27', 'Mrs gautam', 0, 1, 1, 1, '2017-01-31 23:59:48', NULL, '', b'0', ''),
(305, '1', 30000, NULL, NULL, NULL, '2017-02-01 00:25:12', '2017-02-01 00:24:05', '', '2017-02-01 00:24:05', '7757071799', '2017-02-01 00:25:12', 'Rajendra', 0, 1, 1, 1, '2017-02-01 00:24:05', NULL, '', b'0', ''),
(306, '1', 12000, NULL, NULL, NULL, '2017-02-01 06:06:46', '2017-02-01 06:06:04', '', '2017-02-01 06:06:04', '9004056605', '2017-02-01 06:06:46', 'gopal', 0, 1, 1, 1, '2017-02-01 06:06:04', NULL, '', b'0', ''),
(307, '1', 20000, NULL, NULL, NULL, '2017-02-01 23:57:01', '2017-02-01 23:56:26', '', '2017-02-01 23:56:26', '9730040230', '2017-02-01 23:57:01', 'ajay', 0, 1, 1, 1, '2017-02-01 23:56:26', NULL, '', b'0', ''),
(308, '1', 25000, NULL, NULL, NULL, '2017-02-02 00:07:18', '2017-02-02 00:06:26', '', '2017-02-02 00:06:26', '9561767883', '2017-02-02 00:07:18', 'mayank', 0, 1, 1, 1, '2017-02-02 00:06:26', NULL, '', b'0', ''),
(309, '1', 25000, NULL, NULL, NULL, '2017-02-02 00:16:59', '2017-02-02 00:15:16', '', '2017-02-02 00:15:16', '9890048281', '2017-02-02 00:16:59', 'paresh', 0, 1, 1, 1, '2017-02-02 00:15:16', NULL, '', b'0', ''),
(310, '1', 13000, NULL, NULL, NULL, '2017-02-02 01:03:46', '2017-02-02 01:03:06', '', '2017-02-02 01:03:06', '9975602681', '2017-02-02 01:03:46', 'vinit', 0, 1, 1, 1, '2017-02-02 01:03:06', NULL, '', b'0', ''),
(311, '1', 19000, NULL, NULL, NULL, '2017-02-02 01:09:28', '2017-02-02 01:08:39', '', '2017-02-02 01:08:39', '8308691300', '2017-02-02 01:09:28', 'Sayali Latad', 0, 1, 1, 1, '2017-02-02 01:08:39', NULL, '', b'0', ''),
(312, '1', 15000, NULL, NULL, NULL, '2017-02-02 01:13:25', '2017-02-02 01:12:39', '', '2017-02-02 01:12:39', '9420949215', '2017-02-02 01:13:25', 'Tanpure', 0, 1, 1, 1, '2017-02-02 01:12:39', NULL, '', b'0', ''),
(313, '1', 30000, NULL, NULL, NULL, '2017-02-02 05:28:17', '2017-02-02 05:27:16', '', '2017-02-02 05:27:16', '9890585007', '2017-02-02 05:28:17', 'KULDIP', 0, 1, 1, 1, '2017-02-02 05:27:16', NULL, '', b'0', ''),
(314, '1', 16000, NULL, NULL, NULL, '2017-02-04 00:30:35', '2017-02-04 00:29:50', '', '2017-02-04 00:29:50', '9552530260', '2017-02-04 00:30:35', 'Poonam Raut', 0, 1, 1, 1, '2017-02-04 00:29:50', NULL, '', b'0', ''),
(315, '1', 20000, NULL, NULL, NULL, '2017-02-06 00:54:24', '2017-02-06 00:53:36', '', '2017-02-06 00:53:36', '9619724736', '2017-02-06 00:54:24', 'Amaravati', 0, 1, 1, 1, '2017-02-06 00:53:36', NULL, '', b'0', ''),
(316, '1', 15000, NULL, NULL, NULL, '2017-02-06 01:01:33', '2017-02-06 00:59:04', '', '2017-02-06 00:59:04', '8796591945', '2017-02-06 01:01:33', 'akash', 0, 1, 1, 1, '2017-02-06 00:59:04', NULL, '', b'0', ''),
(317, '1', 15000, NULL, NULL, NULL, '2017-02-06 02:16:06', '2017-02-06 02:15:24', '', '2017-02-06 02:15:24', '9729783038', '2017-02-06 02:16:06', 'aastha', 0, 1, 1, 1, '2017-02-06 02:15:24', NULL, '', b'0', ''),
(318, '1', 18000, NULL, NULL, NULL, '2017-02-06 04:25:40', '2017-02-06 04:24:48', '', '2017-02-06 04:24:48', '9427797198', '2017-02-06 04:25:40', 'Sanjeev Verma', 0, 1, 1, 1, '2017-02-06 04:24:48', NULL, '', b'0', ''),
(319, '1', 17000, NULL, NULL, NULL, '2017-02-06 06:28:04', '2017-02-06 06:27:20', '', '2017-02-06 06:27:20', '7038025205', '2017-02-06 06:28:04', 'manas', 0, 1, 1, 1, '2017-02-06 06:27:20', NULL, '', b'0', ''),
(320, '1', 15000, NULL, NULL, NULL, '2017-02-07 00:02:17', '2017-02-07 00:01:33', '', '2017-02-07 00:01:33', '8698949158', '2017-02-07 00:02:17', 'Satish Patil', 0, 1, 1, 1, '2017-02-07 00:01:33', NULL, '', b'0', ''),
(321, '1', 30000, NULL, NULL, NULL, '2017-02-07 01:04:36', '2017-02-07 01:03:50', '', '2017-02-07 01:03:50', '9860328590', '2017-02-07 01:04:36', 'Shantanu', 0, 1, 1, 1, '2017-02-07 01:03:50', NULL, '', b'0', ''),
(322, '1', 15000, NULL, NULL, NULL, '2017-02-08 00:00:50', '2017-02-07 23:59:36', '', '2017-02-07 23:59:36', '9130113536', '2017-02-08 00:00:50', 'Nikita Gugale', 0, 1, 1, 1, '2017-02-07 23:59:36', NULL, '', b'0', ''),
(323, '1', 24000, NULL, NULL, NULL, '2017-02-08 00:16:49', '2017-02-08 00:16:01', '', '2017-02-08 00:16:01', '9987731012', '2017-02-08 00:16:49', 'Kranti Nagpurkar', 0, 1, 1, 1, '2017-02-08 00:16:01', NULL, '', b'0', ''),
(324, '1', 17000, NULL, NULL, NULL, '2017-02-09 00:21:50', '2017-02-09 00:20:53', '', '2017-02-09 00:20:53', '9958530000', '2017-02-09 00:21:50', 'Raghavendra Ware', 0, 1, 1, 1, '2017-02-09 00:20:53', NULL, '', b'0', ''),
(325, '1', 20000, NULL, NULL, NULL, '2017-02-09 00:36:43', '2017-02-09 00:36:00', '', '2017-02-09 00:36:00', '8007900334', '2017-02-09 00:36:43', 'Suman Guha', 0, 1, 1, 1, '2017-02-09 00:36:00', NULL, '', b'0', ''),
(326, '1', 20000, NULL, NULL, NULL, '2017-02-09 01:26:35', '2017-02-09 01:25:47', '', '2017-02-09 01:25:47', '9871245444', '2017-02-09 01:26:35', 'Tejas', 0, 1, 1, 1, '2017-02-09 01:25:47', NULL, '', b'0', ''),
(327, '1', 25000, NULL, NULL, NULL, '2017-02-09 05:23:46', '2017-02-09 05:22:43', '', '2017-02-09 05:22:43', '9975746846', '2017-02-09 05:23:46', 'sanchita', 0, 1, 1, 1, '2017-02-09 05:22:43', NULL, '', b'0', ''),
(328, '1', 16000, NULL, NULL, NULL, '2017-02-10 00:31:06', '2017-02-10 00:30:19', '', '2017-02-10 00:30:19', '9586155813', '2017-02-10 00:31:06', 'pinal desai', 0, 1, 1, 1, '2017-02-10 00:30:19', NULL, '', b'0', ''),
(329, '1', 12000, NULL, NULL, NULL, '2017-02-10 01:41:46', '2017-02-10 01:41:02', '', '2017-02-10 01:41:02', '9975729178', '2017-02-10 01:41:46', 'kishor', 0, 1, 1, 1, '2017-02-10 01:41:02', NULL, '', b'0', ''),
(330, '1', 16000, NULL, NULL, NULL, '2017-02-10 23:55:03', '2017-02-10 23:54:25', '', '2017-02-10 23:54:25', '9028271902', '2017-02-10 23:55:03', 'ravi', 0, 1, 1, 1, '2017-02-10 23:54:25', NULL, '', b'0', ''),
(331, '1', 15000, NULL, NULL, NULL, '2017-02-11 00:17:42', '2017-02-11 00:16:57', '', '2017-02-11 00:16:57', '9820204350', '2017-02-11 00:17:42', 'shekhar', 0, 1, 1, 1, '2017-02-11 00:16:57', NULL, '', b'0', ''),
(332, '1', 22000, NULL, NULL, NULL, '2017-02-13 00:20:33', '2017-02-13 00:19:13', '', '2017-02-13 00:19:13', '8007200116', '2017-02-13 00:20:33', 'kabir', 0, 1, 1, 1, '2017-02-13 00:19:13', NULL, '', b'0', ''),
(333, '1', 14000, NULL, NULL, NULL, '2017-02-13 03:42:09', '2017-02-13 03:41:28', '', '2017-02-13 03:41:28', '8888990369', '2017-02-13 03:42:09', 'Vaishnavi', 0, 1, 1, 1, '2017-02-13 03:41:28', NULL, '', b'0', ''),
(334, '1', 15000, NULL, NULL, NULL, '2017-02-15 01:07:03', '2017-02-15 01:06:16', '', '2017-02-15 01:06:16', '9823233479', '2017-02-15 01:07:03', 'SHUBHAM', 0, 1, 1, 1, '2017-02-15 01:06:16', NULL, '', b'0', ''),
(335, '1', 12000, NULL, NULL, NULL, '2017-02-15 01:13:14', '2017-02-15 01:12:20', '', '2017-02-15 01:12:20', '9767317602', '2017-02-15 01:13:14', 'sanket', 0, 1, 1, 1, '2017-02-15 01:12:20', NULL, '', b'0', ''),
(336, '1', 15000, NULL, NULL, NULL, '2017-02-15 04:56:01', '2017-02-15 04:55:08', '', '2017-02-15 04:55:08', '7620067046', '2017-02-15 04:56:01', 'Jitendra Rana', 0, 1, 1, 1, '2017-02-15 04:55:08', NULL, '', b'0', ''),
(337, '1', 15000, NULL, NULL, NULL, '2017-02-15 05:08:10', '2017-02-15 05:07:32', '', '2017-02-15 05:07:32', '8379976427', '2017-02-15 05:08:10', 'Swati kode', 0, 1, 1, 1, '2017-02-15 05:07:32', NULL, '', b'0', ''),
(338, '1', 15000, NULL, NULL, NULL, '2017-02-17 00:05:16', '2017-02-17 00:03:59', '', '2017-02-17 00:03:59', '7588539591', '2017-02-17 00:05:16', 'pranod', 0, 1, 1, 1, '2017-02-17 00:03:59', NULL, '', b'0', ''),
(339, '1', 15000, NULL, NULL, NULL, '2017-02-17 00:15:45', '2017-02-17 00:15:06', '', '2017-02-17 00:15:06', '9096268281', '2017-02-17 00:15:45', 'Atul Edate', 0, 1, 1, 1, '2017-02-17 00:15:06', NULL, '', b'0', ''),
(340, '1', 12000, NULL, NULL, NULL, '2017-02-17 00:21:19', '2017-02-17 00:20:00', '', '2017-02-17 00:20:00', '8830091643', '2017-02-17 00:21:19', 'Amit Palve', 0, 1, 1, 1, '2017-02-17 00:20:00', NULL, '', b'0', ''),
(341, '1', 20000, NULL, NULL, NULL, '2017-02-17 03:36:30', '2017-02-17 03:35:33', '', '2017-02-17 03:35:33', '9923340803', '2017-02-17 03:36:30', 'sameer chavan', 0, 1, 1, 1, '2017-02-17 03:35:33', NULL, '', b'0', ''),
(342, '1', 15000, NULL, NULL, NULL, '2017-02-20 00:28:38', '2017-02-20 00:26:40', '', '2017-02-20 00:26:40', '8605957510', '2017-02-20 00:28:38', 'Akanksha', 0, 1, 1, 1, '2017-02-20 00:26:40', NULL, '', b'0', ''),
(343, '1', 20000, NULL, NULL, NULL, '2017-02-20 06:38:53', '2017-02-20 06:38:03', '', '2017-02-20 06:38:03', '7021210452', '2017-02-20 06:38:53', 'mayuri', 0, 1, 1, 1, '2017-02-20 06:38:03', NULL, '', b'0', ''),
(344, '1', 20000, NULL, NULL, NULL, '2017-02-21 23:57:51', '2017-02-21 23:57:09', '', '2017-02-21 23:57:09', '7829182777', '2017-02-21 23:57:51', 'tushar', 0, 1, 1, 1, '2017-02-21 23:57:09', NULL, '', b'0', ''),
(345, '1', 15000, NULL, NULL, NULL, '2017-02-22 00:09:53', '2017-02-22 00:09:10', '', '2017-02-22 00:09:10', '8956789771', '2017-02-22 00:09:53', 'Shubham', 0, 1, 1, 1, '2017-02-22 00:09:10', NULL, '', b'0', ''),
(346, '1', 30000, NULL, NULL, NULL, '2017-02-22 00:24:34', '2017-02-22 00:23:51', '', '2017-02-22 00:23:51', '9971174089', '2017-02-22 00:24:34', 'Dhruv', 0, 1, 1, 1, '2017-02-22 00:23:51', NULL, '', b'0', ''),
(347, '1', 17000, NULL, NULL, NULL, '2017-02-22 00:30:10', '2017-02-22 00:29:23', '', '2017-02-22 00:29:23', '9822268956', '2017-02-22 00:30:10', 'sangram', 0, 1, 1, 1, '2017-02-22 00:29:23', NULL, '', b'0', ''),
(348, '1', 16000, NULL, NULL, NULL, '2017-02-22 03:13:44', '2017-02-22 03:13:01', '', '2017-02-22 03:13:01', '7507000172', '2017-02-22 03:13:44', 'ashish.mohnot', 0, 1, 1, 1, '2017-02-22 03:13:01', NULL, '', b'0', ''),
(349, '1', 15000, NULL, NULL, NULL, '2017-02-22 04:59:56', '2017-02-22 04:58:59', '', '2017-02-22 04:58:59', '9004687458', '2017-02-22 04:59:56', 'Ramesh Narayan Gunjal', 0, 1, 1, 1, '2017-02-22 04:58:59', NULL, '', b'0', ''),
(350, '1', 20000, NULL, NULL, NULL, '2017-02-24 00:22:51', '2017-02-24 00:22:05', '', '2017-02-24 00:22:05', '9920775370', '2017-02-24 00:22:51', 'Darshit', 0, 1, 1, 1, '2017-02-24 00:22:05', NULL, '', b'0', '');

-- --------------------------------------------------------

--
-- Table structure for table `modeoperation`
--

CREATE TABLE `modeoperation` (
  `MODEOPERATIONID` int(11) NOT NULL,
  `ACTIVE` varchar(1) DEFAULT NULL,
  `CREATEDDATE` datetime DEFAULT NULL,
  `MODIFYDDATE` datetime DEFAULT NULL,
  `NAME` longtext,
  `RECORDORDER` int(11) DEFAULT NULL,
  `USERID` int(11) DEFAULT NULL
) ENGINE=MyISAM DEFAULT CHARSET=latin1;

--
-- Dumping data for table `modeoperation`
--

INSERT INTO `modeoperation` (`MODEOPERATIONID`, `ACTIVE`, `CREATEDDATE`, `MODIFYDDATE`, `NAME`, `RECORDORDER`, `USERID`) VALUES
(1, '1', '2016-07-30 06:00:42', '2016-07-30 06:00:42', 'Rent', 0, 1),
(2, '1', '2016-07-30 06:01:03', '2016-07-30 06:01:03', 'Sale', 0, 1),
(3, '1', '2016-07-09 07:39:52', '2016-07-09 07:39:52', 'New Sale', 0, 1),
(4, '1', '2016-08-04 23:42:47', '2016-08-04 23:42:47', 'Plots', 0, 1),
(5, '1', '2016-08-04 23:43:02', '2016-08-04 23:43:02', 'Commercial', 0, 1);

-- --------------------------------------------------------

--
-- Table structure for table `occupation`
--

CREATE TABLE `occupation` (
  `OCCUPATIONID` int(11) NOT NULL,
  `ACTIVE` varchar(1) DEFAULT NULL,
  `CREATEDDATE` datetime DEFAULT NULL,
  `MODIFYDDATE` datetime DEFAULT NULL,
  `NAME` longtext,
  `RECORDORDER` int(11) DEFAULT NULL,
  `USERID` int(11) DEFAULT NULL
) ENGINE=MyISAM DEFAULT CHARSET=latin1;

--
-- Dumping data for table `occupation`
--

INSERT INTO `occupation` (`OCCUPATIONID`, `ACTIVE`, `CREATEDDATE`, `MODIFYDDATE`, `NAME`, `RECORDORDER`, `USERID`) VALUES
(1, '1', '2016-07-09 07:34:51', '2016-07-09 07:34:51', 'Business', 1, 1),
(2, '1', '2016-07-30 05:39:59', '2016-07-30 05:39:59', 'Job', 2, 1),
(3, '0', '2016-06-21 23:43:58', '2016-06-21 23:43:58', 'naukeri1', 0, 1),
(4, '0', '2016-06-21 23:44:04', '2016-06-21 23:44:04', 'asd', 0, 1);

-- --------------------------------------------------------

--
-- Table structure for table `operation`
--

CREATE TABLE `operation` (
  `OPERATIONID` int(11) NOT NULL,
  `ACTIVE` varchar(1) DEFAULT NULL,
  `CREATEDDATE` datetime DEFAULT NULL,
  `FUNNAME` longtext,
  `MODIFYDDATE` datetime DEFAULT NULL,
  `NAME` longtext,
  `RECORDORDER` int(11) DEFAULT NULL,
  `URL` longtext,
  `USERID` int(11) DEFAULT NULL
) ENGINE=MyISAM DEFAULT CHARSET=latin1;

--
-- Dumping data for table `operation`
--

INSERT INTO `operation` (`OPERATIONID`, `ACTIVE`, `CREATEDDATE`, `FUNNAME`, `MODIFYDDATE`, `NAME`, `RECORDORDER`, `URL`, `USERID`) VALUES
(1, '1', NULL, 'Menu', NULL, 'Property Furnished', 0, '#', 1),
(2, '1', NULL, 'Grid', NULL, 'Property Furnished', 0, '/getpropertyfurnishedlist.json', 1),
(3, '1', NULL, 'Filter', NULL, 'Property Furnished', 0, '/getPropertyfurnishedFormFilterlist.json', 1),
(4, '1', NULL, 'Export', NULL, 'Property Furnished', 0, '/getPropertyfurnishedFormExportlist.json', 1),
(5, '1', NULL, 'Add', NULL, 'Property Furnished', 0, '/savePropertyfurnished.json', 1),
(6, '1', NULL, 'Edit', NULL, 'Property Furnished', 0, '/editpropertyfurnished.json', 1),
(7, '1', NULL, 'Delete', NULL, 'Property Furnished', 0, '/deletepropertyfurnished.json', 1),
(8, '1', NULL, 'Combo', NULL, 'Property Furnished', 0, '/getPropertyfurnishedFormcombolist.json', 1),
(9, '1', NULL, 'Report', NULL, 'Property Furnished', 0, '#', 1),
(10, '1', '2016-06-22 00:45:38', 'Menu', '2016-06-22 00:45:38', 'Agent', 0, '##', 1),
(11, '1', NULL, 'Grid', NULL, 'Agent', 0, '/getagentlist.json', 1),
(12, '1', NULL, 'Filter', NULL, 'Agent', 0, '/getAgentFormFilterlist.json', 1),
(13, '1', NULL, 'Export', NULL, 'Agent', 0, '/getAgentFormExportlist.json', 1),
(14, '1', NULL, 'Add', NULL, 'Agent', 0, '/saveAgent.json', 1),
(15, '1', NULL, 'Edit', NULL, 'Agent', 0, '/editagent.json', 1),
(16, '1', NULL, 'Delete', NULL, 'Agent', 0, '/deleteagent.json', 1),
(17, '1', NULL, 'Combo', NULL, 'Agent', 0, '/getAgentFormcombolist.json', 1),
(18, '1', NULL, 'Report', NULL, 'Agent', 0, '#', 1),
(19, '1', NULL, 'Menu', NULL, 'Role', 0, '#', 1),
(20, '1', NULL, 'Grid', NULL, 'Role', 0, '/getrolelist.json', 1),
(21, '1', NULL, 'Filter', NULL, 'Role', 0, '/getRoleFormFilterlist.json', 1),
(22, '1', NULL, 'Export', NULL, 'Role', 0, '/getRoleFormExportlist.json', 1),
(23, '1', NULL, 'Add', NULL, 'Role', 0, '/saveRole.json', 1),
(24, '1', NULL, 'Edit', NULL, 'Role', 0, '/editrole.json', 1),
(25, '1', NULL, 'Delete', NULL, 'Role', 0, '/deleterole.json', 1),
(26, '1', NULL, 'Combo', NULL, 'Role', 0, '/getRoleFormcombolist.json', 1),
(27, '1', NULL, 'Report', NULL, 'Role', 0, '#', 1),
(28, '1', NULL, 'Menu', NULL, 'Occupation', 0, '#', 1),
(29, '1', NULL, 'Grid', NULL, 'Occupation', 0, '/getoccupationlist.json', 1),
(30, '1', NULL, 'Filter', NULL, 'Occupation', 0, '/getOccupationFormFilterlist.json', 1),
(31, '1', NULL, 'Export', NULL, 'Occupation', 0, '/getOccupationFormExportlist.json', 1),
(32, '1', NULL, 'Add', NULL, 'Occupation', 0, '/saveOccupation.json', 1),
(33, '1', NULL, 'Edit', NULL, 'Occupation', 0, '/editoccupation.json', 1),
(34, '1', NULL, 'Delete', NULL, 'Occupation', 0, '/deleteoccupation.json', 1),
(35, '1', NULL, 'Combo', NULL, 'Occupation', 0, '/getOccupationFormcombolist.json', 1),
(36, '1', NULL, 'Report', NULL, 'Occupation', 0, '#', 1),
(37, '1', NULL, 'Menu', NULL, 'Gender', 0, '#', 1),
(38, '1', NULL, 'Grid', NULL, 'Gender', 0, '/getgenderlist.json', 1),
(39, '1', NULL, 'Filter', NULL, 'Gender', 0, '/getGenderFormFilterlist.json', 1),
(40, '1', NULL, 'Export', NULL, 'Gender', 0, '/getGenderFormExportlist.json', 1),
(41, '1', NULL, 'Add', NULL, 'Gender', 0, '/saveGender.json', 1),
(42, '1', NULL, 'Edit', NULL, 'Gender', 0, '/editgender.json', 1),
(43, '1', NULL, 'Delete', NULL, 'Gender', 0, '/deletegender.json', 1),
(44, '1', NULL, 'Combo', NULL, 'Gender', 0, '/getGenderFormcombolist.json', 1),
(45, '1', NULL, 'Report', NULL, 'Gender', 0, '#', 1),
(46, '1', NULL, 'Menu', NULL, 'City', 0, '#', 1),
(47, '1', NULL, 'Grid', NULL, 'City', 0, '/getcitylist.json', 1),
(48, '1', NULL, 'Filter', NULL, 'City', 0, '/getCityFormFilterlist.json', 1),
(49, '1', NULL, 'Export', NULL, 'City', 0, '/getCityFormExportlist.json', 1),
(50, '1', NULL, 'Add', NULL, 'City', 0, '/saveCity.json', 1),
(51, '1', NULL, 'Edit', NULL, 'City', 0, '/editcity.json', 1),
(52, '1', NULL, 'Delete', NULL, 'City', 0, '/deletecity.json', 1),
(53, '1', NULL, 'Combo', NULL, 'City', 0, '/getCityFormcombolist.json', 1),
(54, '1', NULL, 'Report', NULL, 'City', 0, '#', 1),
(55, '1', NULL, 'Menu', NULL, 'Property Type', 0, '#', 1),
(56, '1', NULL, 'Grid', NULL, 'Property Type', 0, '/getpropertytypelist.json', 1),
(57, '1', NULL, 'Filter', NULL, 'Property Type', 0, '/getPropertytypeFormFilterlist.json', 1),
(58, '1', NULL, 'Export', NULL, 'Property Type', 0, '/getPropertytypeFormExportlist.json', 1),
(59, '1', NULL, 'Add', NULL, 'Property Type', 0, '/savePropertytype.json', 1),
(60, '1', NULL, 'Edit', NULL, 'Property Type', 0, '/editpropertytype.json', 1),
(61, '1', NULL, 'Delete', NULL, 'Property Type', 0, '/deletepropertytype.json', 1),
(62, '1', NULL, 'Combo', NULL, 'Property Type', 0, '/getPropertytypeFormcombolist.json', 1),
(63, '1', NULL, 'Report', NULL, 'Property Type', 0, '#', 1),
(64, '1', NULL, 'Menu', NULL, 'Property Bed Rooms', 0, '#', 1),
(65, '1', NULL, 'Grid', NULL, 'Property Bed Rooms', 0, '/getpropertylbedroomslist.json', 1),
(66, '1', NULL, 'Filter', NULL, 'Property Bed Rooms', 0, '/getPropertylbedroomsFormFilterlist.json', 1),
(67, '1', NULL, 'Export', NULL, 'Property Bed Rooms', 0, '/getPropertylbedroomsFormExportlist.json', 1),
(68, '1', NULL, 'Add', NULL, 'Property Bed Rooms', 0, '/savePropertylbedrooms.json', 1),
(69, '1', NULL, 'Edit', NULL, 'Property Bed Rooms', 0, '/editpropertylbedrooms.json', 1),
(70, '1', NULL, 'Delete', NULL, 'Property Bed Rooms', 0, '/deletepropertylbedrooms.json', 1),
(71, '1', NULL, 'Combo', NULL, 'Property Bed Rooms', 0, '/getPropertylbedroomsFormcombolist.json', 1),
(72, '1', NULL, 'Report', NULL, 'Property Bed Rooms', 0, '#', 1),
(73, '1', NULL, 'Menu', NULL, 'Budget Rent', 0, '#', 1),
(74, '1', NULL, 'Grid', NULL, 'Budget Rent', 0, '/getbudgetrentlist.json', 1),
(75, '1', NULL, 'Filter', NULL, 'Budget Rent', 0, '/getBudgetrentFormFilterlist.json', 1),
(76, '1', NULL, 'Export', NULL, 'Budget Rent', 0, '/getBudgetrentFormExportlist.json', 1),
(77, '1', NULL, 'Add', NULL, 'Budget Rent', 0, '/saveBudgetrent.json', 1),
(78, '1', NULL, 'Edit', NULL, 'Budget Rent', 0, '/editbudgetrent.json', 1),
(79, '1', NULL, 'Delete', NULL, 'Budget Rent', 0, '/deletebudgetrent.json', 1),
(80, '1', NULL, 'Combo', NULL, 'Budget Rent', 0, '/getBudgetrentFormcombolist.json', 1),
(81, '1', NULL, 'Report', NULL, 'Budget Rent', 0, '#', 1),
(82, '1', NULL, 'Menu', NULL, 'File', 0, '#', 1),
(83, '1', NULL, 'Grid', NULL, 'File', 0, '/getfilelist.json', 1),
(84, '1', NULL, 'Filter', NULL, 'File', 0, '/getFileFormFilterlist.json', 1),
(85, '1', NULL, 'Export', NULL, 'File', 0, '/getFileFormExportlist.json', 1),
(86, '1', NULL, 'Add', NULL, 'File', 0, '/saveFile.json', 1),
(87, '1', NULL, 'Edit', NULL, 'File', 0, '/editfile.json', 1),
(88, '1', NULL, 'Delete', NULL, 'File', 0, '/deletefile.json', 1),
(89, '1', NULL, 'Combo', NULL, 'File', 0, '/getFileFormcombolist.json', 1),
(90, '1', NULL, 'Report', NULL, 'File', 0, '#', 1),
(91, '1', NULL, 'Menu', NULL, 'Property To be', 0, '#', 1),
(92, '1', NULL, 'Grid', NULL, 'Property To be', 0, '/getpropertytobelist.json', 1),
(93, '1', NULL, 'Filter', NULL, 'Property To be', 0, '/getPropertytobeFormFilterlist.json', 1),
(94, '1', NULL, 'Export', NULL, 'Property To be', 0, '/getPropertytobeFormExportlist.json', 1),
(95, '1', NULL, 'Add', NULL, 'Property To be', 0, '/savePropertytobe.json', 1),
(96, '1', NULL, 'Edit', NULL, 'Property To be', 0, '/editpropertytobe.json', 1),
(97, '1', NULL, 'Delete', NULL, 'Property To be', 0, '/deletepropertytobe.json', 1),
(98, '1', NULL, 'Combo', NULL, 'Property To be', 0, '/getPropertytobeFormcombolist.json', 1),
(99, '1', NULL, 'Report', NULL, 'Property To be', 0, '#', 1),
(100, '1', NULL, 'Menu', NULL, 'Inquiry', 0, '#', 1),
(101, '1', NULL, 'Grid', NULL, 'Inquiry', 0, '/getinquirylist.json', 1),
(102, '1', NULL, 'Filter', NULL, 'Inquiry', 0, '/getInquiryFormFilterlist.json', 1),
(103, '1', NULL, 'Export', NULL, 'Inquiry', 0, '/getInquiryFormExportlist.json', 1),
(104, '1', NULL, 'Add', NULL, 'Inquiry', 0, '/saveInquiry.json', 1),
(105, '1', NULL, 'Edit', NULL, 'Inquiry', 0, '/editinquiry.json', 1),
(106, '1', NULL, 'Delete', NULL, 'Inquiry', 0, '/deleteinquiry.json', 1),
(107, '1', NULL, 'Combo', NULL, 'Inquiry', 0, '/getInquiryFormcombolist.json', 1),
(108, '1', NULL, 'Report', NULL, 'Inquiry', 0, '#', 1),
(109, '1', NULL, 'Menu', NULL, 'Flat Amenities', 0, '#', 1),
(110, '1', NULL, 'Grid', NULL, 'Flat Amenities', 0, '/getflatamenitieslist.json', 1),
(111, '1', NULL, 'Filter', NULL, 'Flat Amenities', 0, '/getFlatamenitiesFormFilterlist.json', 1),
(112, '1', NULL, 'Export', NULL, 'Flat Amenities', 0, '/getFlatamenitiesFormExportlist.json', 1),
(113, '1', NULL, 'Add', NULL, 'Flat Amenities', 0, '/saveFlatamenities.json', 1),
(114, '1', NULL, 'Edit', NULL, 'Flat Amenities', 0, '/editflatamenities.json', 1),
(115, '1', NULL, 'Delete', NULL, 'Flat Amenities', 0, '/deleteflatamenities.json', 1),
(116, '1', NULL, 'Combo', NULL, 'Flat Amenities', 0, '/getFlatamenitiesFormcombolist.json', 1),
(117, '1', NULL, 'Report', NULL, 'Flat Amenities', 0, '#', 1),
(118, '1', NULL, 'Menu', NULL, 'Property', 0, '#', 1),
(119, '1', NULL, 'Grid', NULL, 'Property', 0, '/getpropertylist.json', 1),
(120, '1', NULL, 'Filter', NULL, 'Property', 0, '/getPropertyFormFilterlist.json', 1),
(121, '1', NULL, 'Export', NULL, 'Property', 0, '/getPropertyFormExportlist.json', 1),
(122, '1', NULL, 'Add', NULL, 'Property', 0, '/saveProperty.json', 1),
(123, '1', NULL, 'Edit', NULL, 'Property', 0, '/editproperty.json', 1),
(124, '1', NULL, 'Delete', NULL, 'Property', 0, '/deleteproperty.json', 1),
(125, '1', NULL, 'Combo', NULL, 'Property', 0, '/getPropertyFormcombolist.json', 1),
(126, '1', NULL, 'Report', NULL, 'Property', 0, '#', 1),
(127, '1', NULL, 'Menu', NULL, 'Mode of Operation', 0, '#', 1),
(128, '1', NULL, 'Grid', NULL, 'Mode of Operation', 0, '/getmodeoperationlist.json', 1),
(129, '1', NULL, 'Filter', NULL, 'Mode of Operation', 0, '/getModeoperationFormFilterlist.json', 1),
(130, '1', NULL, 'Export', NULL, 'Mode of Operation', 0, '/getModeoperationFormExportlist.json', 1),
(131, '1', NULL, 'Add', NULL, 'Mode of Operation', 0, '/saveModeoperation.json', 1),
(132, '1', NULL, 'Edit', NULL, 'Mode of Operation', 0, '/editmodeoperation.json', 1),
(133, '1', NULL, 'Delete', NULL, 'Mode of Operation', 0, '/deletemodeoperation.json', 1),
(134, '1', NULL, 'Combo', NULL, 'Mode of Operation', 0, '/getModeoperationFormcombolist.json', 1),
(135, '1', NULL, 'Report', NULL, 'Mode of Operation', 0, '#', 1),
(136, '1', NULL, 'Menu', NULL, 'Data Recovery', 0, '#', 1),
(137, '1', NULL, 'Grid', NULL, 'Data Recovery', 0, '/getdatarecoverylist.json', 1),
(138, '1', NULL, 'Filter', NULL, 'Data Recovery', 0, '/getDatarecoveryFormFilterlist.json', 1),
(139, '1', NULL, 'Export', NULL, 'Data Recovery', 0, '/getDatarecoveryFormExportlist.json', 1),
(140, '1', NULL, 'Add', NULL, 'Data Recovery', 0, '/saveDatarecovery.json', 1),
(141, '1', NULL, 'Edit', NULL, 'Data Recovery', 0, '/editdatarecovery.json', 1),
(142, '1', NULL, 'Delete', NULL, 'Data Recovery', 0, '/deletedatarecovery.json', 1),
(143, '1', NULL, 'Combo', NULL, 'Data Recovery', 0, '/getDatarecoveryFormcombolist.json', 1),
(144, '1', NULL, 'Report', NULL, 'Data Recovery', 0, '#', 1),
(145, '1', NULL, 'Menu', NULL, 'Society Amenities', 0, '#', 1),
(146, '1', NULL, 'Grid', NULL, 'Society Amenities', 0, '/getsocietyamenitieslist.json', 1),
(147, '1', NULL, 'Filter', NULL, 'Society Amenities', 0, '/getSocietyamenitiesFormFilterlist.json', 1),
(148, '1', NULL, 'Export', NULL, 'Society Amenities', 0, '/getSocietyamenitiesFormExportlist.json', 1),
(149, '1', NULL, 'Add', NULL, 'Society Amenities', 0, '/saveSocietyamenities.json', 1),
(150, '1', NULL, 'Edit', NULL, 'Society Amenities', 0, '/editsocietyamenities.json', 1),
(151, '1', NULL, 'Delete', NULL, 'Society Amenities', 0, '/deletesocietyamenities.json', 1),
(152, '1', NULL, 'Combo', NULL, 'Society Amenities', 0, '/getSocietyamenitiesFormcombolist.json', 1),
(153, '1', NULL, 'Report', NULL, 'Society Amenities', 0, '#', 1),
(154, '1', NULL, 'Menu', NULL, 'Customer Type', 0, '#', 1),
(155, '1', NULL, 'Grid', NULL, 'Customer Type', 0, '/getcustomertypelist.json', 1),
(156, '1', NULL, 'Filter', NULL, 'Customer Type', 0, '/getCustomertypeFormFilterlist.json', 1),
(157, '1', NULL, 'Export', NULL, 'Customer Type', 0, '/getCustomertypeFormExportlist.json', 1),
(158, '1', NULL, 'Add', NULL, 'Customer Type', 0, '/saveCustomertype.json', 1),
(159, '1', NULL, 'Edit', NULL, 'Customer Type', 0, '/editcustomertype.json', 1),
(160, '1', NULL, 'Delete', NULL, 'Customer Type', 0, '/deletecustomertype.json', 1),
(161, '1', NULL, 'Combo', NULL, 'Customer Type', 0, '/getCustomertypeFormcombolist.json', 1),
(162, '1', NULL, 'Report', NULL, 'Customer Type', 0, '#', 1),
(163, '1', NULL, 'Menu', NULL, 'Property Priority', 0, '#', 1),
(164, '1', NULL, 'Grid', NULL, 'Property Priority', 0, '/getpropertyprioritylist.json', 1),
(165, '1', NULL, 'Filter', NULL, 'Property Priority', 0, '/getPropertypriorityFormFilterlist.json', 1),
(166, '1', NULL, 'Export', NULL, 'Property Priority', 0, '/getPropertypriorityFormExportlist.json', 1),
(167, '1', NULL, 'Add', NULL, 'Property Priority', 0, '/savePropertypriority.json', 1),
(168, '1', NULL, 'Edit', NULL, 'Property Priority', 0, '/editpropertypriority.json', 1),
(169, '1', NULL, 'Delete', NULL, 'Property Priority', 0, '/deletepropertypriority.json', 1),
(170, '1', NULL, 'Combo', NULL, 'Property Priority', 0, '/getPropertypriorityFormcombolist.json', 1),
(171, '1', NULL, 'Report', NULL, 'Property Priority', 0, '#', 1),
(172, '1', NULL, 'Menu', NULL, 'Role Permission', 0, '#', 1),
(173, '1', NULL, 'Grid', NULL, 'Role Permission', 0, '/getrolepermissionlist.json', 1),
(174, '1', NULL, 'Filter', NULL, 'Role Permission', 0, '/getRolepermissionFormFilterlist.json', 1),
(175, '1', NULL, 'Export', NULL, 'Role Permission', 0, '/getRolepermissionFormExportlist.json', 1),
(176, '1', NULL, 'Add', NULL, 'Role Permission', 0, '/saveRolepermission.json', 1),
(177, '1', NULL, 'Edit', NULL, 'Role Permission', 0, '/editrolepermission.json', 1),
(178, '1', NULL, 'Delete', NULL, 'Role Permission', 0, '/deleterolepermission.json', 1),
(179, '1', NULL, 'Combo', NULL, 'Role Permission', 0, '/getRolepermissionFormcombolist.json', 1),
(180, '1', NULL, 'Report', NULL, 'Role Permission', 0, '#', 1),
(181, '1', NULL, 'Menu', NULL, 'Budget Sale', 0, '#', 1),
(182, '1', NULL, 'Grid', NULL, 'Budget Sale', 0, '/getbudgetsalelist.json', 1),
(183, '1', NULL, 'Filter', NULL, 'Budget Sale', 0, '/getBudgetsaleFormFilterlist.json', 1),
(184, '1', NULL, 'Export', NULL, 'Budget Sale', 0, '/getBudgetsaleFormExportlist.json', 1),
(185, '1', NULL, 'Add', NULL, 'Budget Sale', 0, '/saveBudgetsale.json', 1),
(186, '1', NULL, 'Edit', NULL, 'Budget Sale', 0, '/editbudgetsale.json', 1),
(187, '1', NULL, 'Delete', NULL, 'Budget Sale', 0, '/deletebudgetsale.json', 1),
(188, '1', NULL, 'Combo', NULL, 'Budget Sale', 0, '/getBudgetsaleFormcombolist.json', 1),
(189, '1', NULL, 'Report', NULL, 'Budget Sale', 0, '#', 1),
(190, '1', NULL, 'Menu', NULL, 'Test', 0, '#', 1),
(191, '1', NULL, 'Grid', NULL, 'Test', 0, '/gettestlist.json', 1),
(192, '1', NULL, 'Filter', NULL, 'Test', 0, '/getTestFormFilterlist.json', 1),
(193, '1', NULL, 'Export', NULL, 'Test', 0, '/getTestFormExportlist.json', 1),
(194, '1', NULL, 'Add', NULL, 'Test', 0, '/saveTest.json', 1),
(195, '1', NULL, 'Edit', NULL, 'Test', 0, '/edittest.json', 1),
(196, '1', NULL, 'Delete', NULL, 'Test', 0, '/deletetest.json', 1),
(197, '1', NULL, 'Combo', NULL, 'Test', 0, '/getTestFormcombolist.json', 1),
(198, '1', NULL, 'Report', NULL, 'Test', 0, '#', 1),
(199, '1', NULL, 'Menu', NULL, 'Property Locality', 0, '#', 1),
(200, '1', NULL, 'Grid', NULL, 'Property Locality', 0, '/getpropertylocalitylist.json', 1),
(201, '1', NULL, 'Filter', NULL, 'Property Locality', 0, '/getPropertylocalityFormFilterlist.json', 1),
(202, '1', NULL, 'Export', NULL, 'Property Locality', 0, '/getPropertylocalityFormExportlist.json', 1),
(203, '1', NULL, 'Add', NULL, 'Property Locality', 0, '/savePropertylocality.json', 1),
(204, '1', NULL, 'Edit', NULL, 'Property Locality', 0, '/editpropertylocality.json', 1),
(205, '1', NULL, 'Delete', NULL, 'Property Locality', 0, '/deletepropertylocality.json', 1),
(206, '1', NULL, 'Combo', NULL, 'Property Locality', 0, '/getPropertylocalityFormcombolist.json', 1),
(207, '1', NULL, 'Report', NULL, 'Property Locality', 0, '#', 1),
(208, '1', NULL, 'Menu', NULL, 'Property Facing', 0, '#', 1),
(209, '1', NULL, 'Grid', NULL, 'Property Facing', 0, '/getpropertyfacinglist.json', 1),
(210, '1', NULL, 'Filter', NULL, 'Property Facing', 0, '/getPropertyfacingFormFilterlist.json', 1),
(211, '1', NULL, 'Export', NULL, 'Property Facing', 0, '/getPropertyfacingFormExportlist.json', 1),
(212, '1', NULL, 'Add', NULL, 'Property Facing', 0, '/savePropertyfacing.json', 1),
(213, '1', NULL, 'Edit', NULL, 'Property Facing', 0, '/editpropertyfacing.json', 1),
(214, '1', NULL, 'Delete', NULL, 'Property Facing', 0, '/deletepropertyfacing.json', 1),
(215, '1', NULL, 'Combo', NULL, 'Property Facing', 0, '/getPropertyfacingFormcombolist.json', 1),
(216, '1', NULL, 'Report', NULL, 'Property Facing', 0, '#', 1),
(217, '1', NULL, 'Menu', NULL, 'User', 0, '#', 1),
(218, '1', NULL, 'Grid', NULL, 'User', 0, '/getuserlist.json', 1),
(219, '1', NULL, 'Filter', NULL, 'User', 0, '/getUserFormFilterlist.json', 1),
(220, '1', NULL, 'Export', NULL, 'User', 0, '/getUserFormExportlist.json', 1),
(221, '1', NULL, 'Add', NULL, 'User', 0, '/saveUser.json', 1),
(222, '1', NULL, 'Edit', NULL, 'User', 0, '/edituser.json', 1),
(223, '1', NULL, 'Delete', NULL, 'User', 0, '/deleteuser.json', 1),
(224, '1', NULL, 'Combo', NULL, 'User', 0, '/getUserFormcombolist.json', 1),
(225, '1', NULL, 'Report', NULL, 'User', 0, '#', 1),
(226, '1', NULL, 'Menu', NULL, 'Operation', 0, '#', 1),
(227, '1', NULL, 'Grid', NULL, 'Operation', 0, '/getoperationlist.json', 1),
(228, '1', NULL, 'Filter', NULL, 'Operation', 0, '/getOperationFormFilterlist.json', 1),
(229, '1', NULL, 'Export', NULL, 'Operation', 0, '/getOperationFormExportlist.json', 1),
(230, '1', NULL, 'Add', NULL, 'Operation', 0, '/saveOperation.json', 1),
(231, '1', NULL, 'Edit', NULL, 'Operation', 0, '/editoperation.json', 1),
(232, '1', NULL, 'Delete', NULL, 'Operation', 0, '/deleteoperation.json', 1),
(233, '1', NULL, 'Combo', NULL, 'Operation', 0, '/getOperationFormcombolist.json', 1),
(234, '1', NULL, 'Report', NULL, 'Operation', 0, '#', 1),
(235, '1', NULL, 'Menu', NULL, 'Customer', 0, '#', 1),
(236, '1', NULL, 'Grid', NULL, 'Customer', 0, '/getcustomerlist.json', 1),
(237, '1', NULL, 'Filter', NULL, 'Customer', 0, '/getCustomerFormFilterlist.json', 1),
(238, '1', NULL, 'Export', NULL, 'Customer', 0, '/getCustomerFormExportlist.json', 1),
(239, '1', NULL, 'Add', NULL, 'Customer', 0, '/saveCustomer.json', 1),
(240, '1', NULL, 'Edit', NULL, 'Customer', 0, '/editcustomer.json', 1),
(241, '1', NULL, 'Delete', NULL, 'Customer', 0, '/deletecustomer.json', 1),
(242, '1', NULL, 'Combo', NULL, 'Customer', 0, '/getCustomerFormcombolist.json', 1),
(243, '1', NULL, 'Report', NULL, 'Customer', 0, '#', 1);

-- --------------------------------------------------------

--
-- Table structure for table `property`
--

CREATE TABLE `property` (
  `PROPERTYID` int(11) NOT NULL,
  `ACTIVE` varchar(1) DEFAULT NULL,
  `ADDRESS` longtext,
  `AMOUNT` float DEFAULT NULL,
  `APT` longtext,
  `AVAILABLEFROM` datetime DEFAULT NULL,
  `BALCONY` longtext,
  `BATHROOM` longtext,
  `CLOSEBY` varchar(100) DEFAULT NULL,
  `CLOSEDATE` datetime DEFAULT NULL,
  `CREATEDDATE` datetime DEFAULT NULL,
  `DEPOSIT` float DEFAULT NULL,
  `FLATNO` longtext,
  `FLOORNO` varchar(100) DEFAULT NULL,
  `KEYADDRESS` longtext,
  `KEYAVAILABILITY` longtext,
  `KEYMOBILE` longtext,
  `KEYNAME` longtext,
  `LANDMARK` longtext,
  `LEASEPERIOD` varchar(100) DEFAULT NULL,
  `MODIFYDDATE` datetime DEFAULT NULL,
  `NEXTAVAILABLEDATE` datetime DEFAULT NULL,
  `PARKING` bit(1) DEFAULT NULL,
  `POSTEDON` datetime DEFAULT NULL,
  `PREVID` int(11) DEFAULT NULL,
  `PROPERTYAGE` varchar(100) DEFAULT NULL,
  `RECORDORDER` int(11) DEFAULT NULL,
  `REMARK` longtext,
  `SQFEETRATE` longtext,
  `STATUS` bit(1) DEFAULT NULL,
  `TOTALAREA` varchar(100) DEFAULT NULL,
  `TOTALFLOORNO` longtext,
  `CITYID` int(11) DEFAULT NULL,
  `CUSTOMERID` int(11) DEFAULT NULL,
  `IMAGE1` int(11) DEFAULT NULL,
  `IMAGE10` int(11) DEFAULT NULL,
  `IMAGE2` int(11) DEFAULT NULL,
  `IMAGE3` int(11) DEFAULT NULL,
  `IMAGE4` int(11) DEFAULT NULL,
  `IMAGE5` int(11) DEFAULT NULL,
  `IMAGE6` int(11) DEFAULT NULL,
  `IMAGE7` int(11) DEFAULT NULL,
  `IMAGE8` int(11) DEFAULT NULL,
  `IMAGE9` int(11) DEFAULT NULL,
  `PROPERTYFACINGID` int(11) DEFAULT NULL,
  `PROPERTYFURNISHEDID` int(11) DEFAULT NULL,
  `PROPERTYLBEDROOMSID` int(11) DEFAULT NULL,
  `PROPERTYLOCALITYID` int(11) DEFAULT NULL,
  `PROPERTYTOBEID` int(11) DEFAULT NULL,
  `PROPERTYTYPEID` int(11) DEFAULT NULL,
  `USERID` int(11) DEFAULT NULL,
  `PARKiNGTYPE` longtext
) ENGINE=MyISAM DEFAULT CHARSET=latin1;

--
-- Dumping data for table `property`
--

INSERT INTO `property` (`PROPERTYID`, `ACTIVE`, `ADDRESS`, `AMOUNT`, `APT`, `AVAILABLEFROM`, `BALCONY`, `BATHROOM`, `CLOSEBY`, `CLOSEDATE`, `CREATEDDATE`, `DEPOSIT`, `FLATNO`, `FLOORNO`, `KEYADDRESS`, `KEYAVAILABILITY`, `KEYMOBILE`, `KEYNAME`, `LANDMARK`, `LEASEPERIOD`, `MODIFYDDATE`, `NEXTAVAILABLEDATE`, `PARKING`, `POSTEDON`, `PREVID`, `PROPERTYAGE`, `RECORDORDER`, `REMARK`, `SQFEETRATE`, `STATUS`, `TOTALAREA`, `TOTALFLOORNO`, `CITYID`, `CUSTOMERID`, `IMAGE1`, `IMAGE10`, `IMAGE2`, `IMAGE3`, `IMAGE4`, `IMAGE5`, `IMAGE6`, `IMAGE7`, `IMAGE8`, `IMAGE9`, `PROPERTYFACINGID`, `PROPERTYFURNISHEDID`, `PROPERTYLBEDROOMSID`, `PROPERTYLOCALITYID`, `PROPERTYTOBEID`, `PROPERTYTYPEID`, `USERID`, `PARKiNGTYPE`) VALUES
(1, '0', 'Ragdhari Apartment, Wing - B4, Flat No -16 , Floor - 5 to 7 ,Dp Road, Near Life Line Hospital,Aundh, Pune 411007.', 20000000, 'Ragdhari Apartment', '2016-07-09 07:41:50', '', '', 'Auto', '2017-01-06 23:48:19', '2016-07-09 08:01:29', 0, '', '5', 'Call Before visit, owner will personally  get keys.', 'With Owner', '', '', 'Life Line Hospital', '', '2016-07-09 08:01:29', '2017-12-06 23:48:19', b'1', '2016-07-09 07:41:50', 0, '', 0, 'Ready for brokerage.\nCovered and Open car park.', '9,091', b'1', '2200', '7', 1, NULL, NULL, NULL, NULL, NULL, NULL, NULL, NULL, NULL, NULL, NULL, 1, 7, 2, 9, 2, NULL, 1, NULL),
(2, '1', 'Ragdhari Apartment, Wing - B4, Flat No -16 , Floor - 5 to 7 ,Dp Road, Near Life Line Hospital,Aundh, Pune 411007.', 20000000, 'Ragdhari Apartment', '2016-07-09 07:41:50', '', '', 'Auto', '2017-01-06 23:48:19', '2016-07-09 08:03:30', 0, '', '5', 'Call Before visit, owner will personally  get keys.', 'With Owner', '', '', 'Life Line Hospital', '', '2016-07-09 08:03:30', '2017-12-06 23:48:19', b'1', '2016-07-09 07:41:50', 0, '', 0, 'Ready for brokerage.\nCovered and Open car park.', '9,091', b'1', '2200', '7', 1, 1, NULL, NULL, NULL, NULL, NULL, NULL, NULL, NULL, NULL, NULL, 1, 7, 2, 9, 2, NULL, 1, NULL),
(3, '1', 'Ragdhari Apartment, Wing - B4, Flat No -16, Floor - 5 to 7, Dp Road, Near Life Line Hospital, Aundh, Pune', 20000000, 'Ragdhari Apartment', '2016-07-09 08:07:38', '', '', 'Auto', '2017-01-06 23:48:19', '2016-07-09 08:13:40', 0, '', '5', 'Call before visit.', 'With Owner', '', '', 'Near Life Line Hospital', '', '2016-07-09 08:13:40', '2017-12-06 23:48:19', b'1', '2016-07-09 08:07:38', 0, '', 0, 'Ready for brokerage', '9,091', b'1', '2200', '7', 1, NULL, NULL, NULL, NULL, NULL, NULL, NULL, NULL, NULL, NULL, NULL, 1, 7, 2, 9, 2, NULL, 1, NULL),
(4, '1', 'Ragdhari Apartment, Wing - B4, Flat No -16, Floor - 5 to 7, Dp Road, Near Life Line Hospital, Aundh, Pune', 20000000, 'Ragdhari Apartment', '2016-07-09 08:07:38', '', '', 'Auto', '2017-01-06 23:48:19', '2016-07-09 08:15:25', 0, '', '5', 'Call before visit.', 'With Owner', '', '', 'Near Life Line Hospital', '', '2016-07-09 08:15:25', '2017-12-06 23:48:19', b'1', '2016-07-09 08:07:38', 0, '', 0, 'Ready for brokerage', '9,091', b'1', '2200', '7', 1, 2, NULL, NULL, NULL, NULL, NULL, NULL, NULL, NULL, NULL, NULL, 1, 7, 2, 9, 2, NULL, 1, NULL),
(5, '0', '10 Kasturkunj, E-Wing, 9th Floor, Flat No. 901,  Near Cosmos Bank Head Office, ICS Colony, Bhosale Nagar,', 75000, '10 Kasturkunj', '2016-07-31 14:30:00', '', '4', 'Auto', '2016-09-30 01:37:42', '2016-07-30 08:04:07', 450000, '', '9', '', '', '', '', 'Near Cosmos Bank Head Office', '', '2016-07-30 08:04:07', '2017-08-30 01:37:42', b'1', '2016-07-30 07:50:15', 0, '', 0, 'Call before site visit to owner', '?', b'1', '', '12', 1, NULL, NULL, NULL, NULL, NULL, NULL, NULL, NULL, NULL, NULL, NULL, NULL, 6, 23, 26, 1, NULL, 1, NULL),
(6, '0', '10 Kasturkunj, E-Wing, 9th Floor, Flat No. 901,  Near Cosmos Bank Head Office, ICS Colony, Bhosale Nagar,', 75000, '10 Kasturkunj', '2016-07-31 14:30:00', '', '4', 'Auto', '2016-09-30 01:37:42', '2016-07-30 08:07:43', 450000, '', '9', '', '', '', '', 'Near Cosmos Bank Head Office', '', '2016-07-30 08:07:43', '2017-08-30 01:37:42', b'1', '2016-07-30 07:50:15', 0, '', 0, 'Call before site visit to owner', '?', b'1', '', '12', 1, 3, NULL, NULL, NULL, NULL, NULL, NULL, NULL, NULL, NULL, NULL, NULL, 6, 23, 26, 1, NULL, 1, NULL),
(7, '0', 'Mandke Abhushan, 4th Floor, Symbiosis College, Model Colony.', 32000, 'Mandke Abhushan', '2016-07-31 14:30:00', '', '', 'Auto', '2016-09-30 01:37:42', '2016-08-01 10:30:01', 75000, '', '4', '', '', '', '', 'Symbiosis College', '', '2016-08-01 10:30:01', '2017-08-30 01:37:42', b'1', '2016-08-01 10:22:30', 0, '', 0, '', '?', b'1', '', '4', 1, NULL, NULL, NULL, NULL, NULL, NULL, NULL, NULL, NULL, NULL, NULL, NULL, 5, 21, 25, 1, NULL, 1, NULL),
(8, '0', 'Mandke Abhushan, 4th Floor, Symbiosis College, Model Colony.', 32000, 'Mandke Abhushan', '2016-07-31 14:30:00', '', '', 'Auto', '2016-09-30 01:37:42', '2016-08-01 10:33:26', 75000, '', '4', '', '', '', '', 'Symbiosis College', '', '2016-08-01 10:33:26', '2017-08-30 01:37:42', b'1', '2016-08-01 10:22:30', 0, '', 0, '', '?', b'1', '', '4', 1, 4, NULL, NULL, NULL, NULL, NULL, NULL, NULL, NULL, NULL, NULL, NULL, 5, 21, 25, 1, NULL, 1, NULL),
(9, '0', 'Rohan Leher, 2nd Floor , Flat No.202, Near Highway, Aditya Green Zone.', 8700000, 'Rohan Leher', '2016-08-01 22:39:17', '', '2', 'Auto', '2017-01-29 23:58:14', '2016-08-01 22:51:26', 0, '', '2', '', '', '', '', '', '', '2016-08-01 22:51:26', '2017-12-29 23:58:14', b'1', '2016-08-01 22:39:17', 0, 'Less than 5 Yrs', 0, 'Key with owner call before site visit.\nOwner: Ajay      Mobile:9921578787', '6,493', b'1', '1340', '11', 1, NULL, NULL, NULL, NULL, NULL, NULL, NULL, NULL, NULL, NULL, NULL, NULL, 6, 19, 1, 2, 7, 1, NULL),
(10, '0', 'Rohan Leher, 2nd Floor , Flat No.202, Near Highway, Aditya Green Zone.', 8700000, 'Rohan Leher', '2016-08-01 22:39:17', '', '2', 'Auto', '2017-01-29 23:58:14', '2016-08-01 22:53:32', 0, '', '2', '', '', '', '', '', '', '2016-08-01 22:53:32', '2017-12-29 23:58:14', b'1', '2016-08-01 22:39:17', 0, 'Less than 5 Yrs', 0, 'Key with owner call before site visit.\nOwner: Ajay      Mobile:9921578787', '6,493', b'1', '1340', '11', 1, 5, NULL, NULL, NULL, NULL, NULL, NULL, NULL, NULL, NULL, NULL, NULL, 6, 19, 1, 2, 7, 1, NULL),
(11, '0', '', 2000, 'test owner', '2016-08-02 06:12:18', '', '', 'Auto', '2016-10-04 01:43:51', '2016-08-02 06:13:36', 21000, '', '', '', '', '', '', 'dlks', '', '2016-08-02 06:13:36', '2017-09-04 01:43:51', b'1', '2016-08-02 06:12:18', 0, '', 0, '', '10', b'1', '200', '', 1, NULL, NULL, NULL, NULL, NULL, NULL, NULL, NULL, NULL, NULL, NULL, 4, 7, 16, 38, 1, 1, 1, NULL),
(12, '0', '', 2000, 'test owner', '2016-08-02 06:12:18', '', '', 'Auto', '2016-10-04 01:43:51', '2016-08-10 02:40:11', 21000, '', '', '', '', '', '', 'dlks', '', '2016-08-10 02:40:11', '2017-09-04 01:43:51', b'1', '2016-08-02 06:12:18', 0, '', 0, '', '10', b'1', '200', '', 1, 6, NULL, NULL, NULL, NULL, NULL, NULL, NULL, NULL, NULL, NULL, 1, 7, 16, 38, 1, 2, 1, NULL),
(13, '0', 'aunsh pune', 18000, 'priyali', '2016-08-21 08:41:21', '2', '2', 'Auto', '2016-10-21 07:34:41', '2016-08-21 08:48:50', 75000, '', '9', '', '', '', '', 'sakalnagar', '', '2016-08-21 08:48:50', '2017-09-21 07:34:41', b'1', '2016-08-21 08:41:21', 0, '15', 0, '', '?', b'1', '', '11', 1, 7, NULL, NULL, NULL, NULL, NULL, NULL, NULL, NULL, NULL, NULL, 1, 6, 19, 9, 1, 7, 1, NULL),
(14, '1', 'Infront of BOM, Yashoda Apt, Bavdhan, Pune', 12000, 'Yashoda Apartment', '2016-04-14 14:30:00', '', '', 'Auto', '2016-08-23 04:28:08', '2016-08-23 02:41:57', 45000, '', '2', '', '', '', '', 'Infront of BOM', '11', '2016-08-23 02:41:57', '2017-07-23 04:28:08', b'0', '2016-08-23 02:26:50', 0, '', 0, '', '14', b'1', '850', '', 1, 8, NULL, NULL, NULL, NULL, NULL, NULL, NULL, NULL, NULL, NULL, NULL, NULL, 19, 39, 1, NULL, 1, NULL),
(15, '1', 'Aundh', 22000, 'Aundh', '2017-01-31 13:30:00', '', '', 'Auto', '2017-04-04 05:08:16', '2016-08-24 01:13:46', 0, '', '', '', '', '', '', '', '', '2016-08-24 01:13:46', '2018-03-04 05:08:16', b'0', '2016-08-24 01:07:53', 0, '', 0, '', '17', b'1', '1300', '', 1, 9, NULL, NULL, NULL, NULL, NULL, NULL, NULL, NULL, NULL, NULL, NULL, 6, 21, 9, 1, 1, 1, NULL),
(16, '1', '', 12000, 'Yashoda Apartment', '2016-04-14 14:30:00', '', '', 'Auto', '2016-08-24 04:30:31', '2016-08-24 02:55:15', 45000, '', '2', '', '', '', '', 'Infront of BOM', '', '2016-08-24 02:55:15', '2017-07-24 04:30:31', b'0', '2016-08-24 01:14:23', 0, '', 0, '', '14', b'1', '850', '', 1, 8, NULL, NULL, NULL, NULL, NULL, NULL, NULL, NULL, NULL, NULL, NULL, NULL, 19, 39, 1, 1, 1, NULL),
(17, '1', '', 24000, 'Rohan Garima', '2016-08-24 01:18:25', '', '', 'Auto', '2016-10-24 02:26:50', '2016-08-24 01:26:37', 0, '', '2', '', '', '', '', '', '', '2016-08-24 01:26:37', '2017-09-24 02:26:50', b'0', '2016-08-24 01:18:25', 0, '', 0, '', '18', b'1', '1300', '', 1, 10, NULL, NULL, NULL, NULL, NULL, NULL, NULL, NULL, NULL, NULL, NULL, NULL, 19, 28, 1, 1, 1, NULL),
(18, '1', '', 20000, 'Model Colony', '2016-08-24 01:28:44', '', '', 'Auto', '2016-10-24 02:26:50', '2016-08-24 01:31:28', 0, '', '', '', '', '', '', 'Model Colony', '', '2016-08-24 01:31:28', '2017-09-24 02:26:50', b'0', '2016-08-24 01:28:44', 0, '', 0, '', '22', b'1', '900', '', 1, 11, NULL, NULL, NULL, NULL, NULL, NULL, NULL, NULL, NULL, NULL, NULL, NULL, 19, 25, 1, 1, 1, NULL),
(19, '0', '', 15000, 'Baner Road', '2017-05-14 14:30:00', '', '', NULL, NULL, '2016-08-24 02:28:31', 0, '', '', '', '', '', '', 'Near Bharti Vidya Peeth School', '', '2016-08-24 02:28:31', NULL, b'0', '2016-08-24 01:32:22', 0, '', 0, '', '16', b'0', '960', '', 1, 20, NULL, NULL, NULL, NULL, NULL, NULL, NULL, NULL, NULL, NULL, NULL, NULL, 19, 1, 1, 1, 1, NULL),
(20, '1', '', 20000, 'Aundh', '2017-04-30 14:30:00', '', '', NULL, NULL, '2016-08-24 01:41:10', 0, '', '', '', '', '', '', 'New D.P.Road, Nagras Road, Near Medipoint Hospital', '', '2016-08-24 01:41:10', NULL, b'0', '2016-08-24 01:35:57', 0, '', 0, '', '18', b'0', '1125', '', 1, 13, NULL, NULL, NULL, NULL, NULL, NULL, NULL, NULL, NULL, NULL, NULL, NULL, 19, 9, 1, 1, 1, NULL),
(21, '0', '', 17000, 'Bavdhan', '2017-01-31 13:30:00', '', '', 'Auto', '2017-04-04 05:08:16', '2016-08-24 01:45:59', 0, '', '', '', '', '', '', 'Behind Maratha Mandir', '', '2016-08-24 01:45:59', '2018-03-04 05:08:16', b'0', '2016-08-24 01:41:28', 0, '', 0, '', '17', b'1', '1000', '', 1, 8, NULL, NULL, NULL, NULL, NULL, NULL, NULL, NULL, NULL, NULL, NULL, NULL, 19, 39, 1, 1, 1, NULL),
(22, '1', '', 25000, 'Prizm Society', '2016-08-15 14:30:00', '', '', 'Auto', '2016-10-15 00:49:38', '2016-08-24 01:56:50', 150000, '', '5', '', '', '', '', '', '11', '2016-08-24 01:56:50', '2017-09-15 00:49:38', b'0', '2016-08-24 01:52:19', 0, '10', 0, '', '16', b'1', '1550', '11', 1, 14, NULL, NULL, NULL, NULL, NULL, NULL, NULL, NULL, NULL, NULL, NULL, NULL, 21, 9, 1, 1, 1, NULL),
(23, '1', '', 14000, 'Bavdhan', '2016-05-31 14:30:00', '', '', 'Auto', '2016-08-24 04:30:31', '2016-08-24 02:03:06', 0, '', '', '', '', '', '', 'Near Chandni Chouk', '', '2016-08-24 02:03:06', '2017-07-24 04:30:31', b'0', '2016-08-24 01:57:38', 0, '', 0, '', '18', b'1', '800', '', 1, 15, NULL, NULL, NULL, NULL, NULL, NULL, NULL, NULL, NULL, NULL, NULL, 6, 17, 39, 1, 1, 1, NULL),
(24, '1', '', 17000, 'Bavdhan', '2016-08-24 02:03:15', '', '', 'Auto', '2016-10-24 02:26:50', '2016-08-24 02:06:49', 0, '', '', '', '', '', '', 'DSK Ranwara Pashan Road', '', '2016-08-24 02:06:49', '2017-09-24 02:26:50', b'0', '2016-08-24 02:03:15', 0, '', 0, '', '17', b'1', '1000', '', 1, 16, NULL, NULL, NULL, NULL, NULL, NULL, NULL, NULL, NULL, NULL, NULL, NULL, 19, 39, 1, 1, 1, NULL),
(25, '1', '', 23000, 'Ram Nagar Colony', '2016-08-24 02:07:07', '', '', 'Auto', '2016-10-24 02:26:50', '2016-08-24 02:13:33', 100000, '', '', '', '', '', '', '', '', '2016-08-24 02:13:33', '2017-09-24 02:26:50', b'0', '2016-08-24 02:07:07', 0, '', 0, '', '15', b'1', '1560', '', 1, 17, NULL, NULL, NULL, NULL, NULL, NULL, NULL, NULL, NULL, NULL, NULL, NULL, 21, 39, 1, 1, 1, NULL),
(26, '1', '', 22000, 'Ram Nagar Colony', '2016-05-31 14:30:00', '', '', 'Auto', '2016-08-24 04:30:31', '2016-08-24 02:16:22', 50000, '', '', '', '', '', '', 'NDA Rd', '', '2016-08-24 02:16:22', '2017-07-24 04:30:31', b'0', '2016-08-24 02:13:49', 0, '', 0, '', '18', b'1', '1200', '', 1, 18, NULL, NULL, NULL, NULL, NULL, NULL, NULL, NULL, NULL, NULL, NULL, 5, 19, 39, 1, 1, 1, NULL),
(27, '1', '', 15000, 'Marigold Avenue', '2016-09-30 14:30:00', '', '', 'Auto', '2016-12-01 00:25:04', '2016-08-24 02:20:06', 0, '', '', '', '', '', '', '', '', '2016-08-24 02:20:06', '2017-11-01 00:25:04', b'0', '2016-08-24 02:16:37', 0, '', 0, '', '13', b'1', '1140', '', 1, 19, NULL, NULL, NULL, NULL, NULL, NULL, NULL, NULL, NULL, NULL, NULL, 5, 21, 39, 1, 1, 1, NULL),
(28, '0', '', 15000, 'Bavdhan', '2016-10-31 14:30:00', '', '', 'Auto', '2017-01-02 00:51:51', '2016-08-24 02:23:49', 0, '', '', '', '', '', '', '', '', '2016-08-24 02:23:49', '2017-12-02 00:51:51', b'0', '2016-08-24 02:20:19', 0, '', 0, '', '18', b'1', '850', '', 1, NULL, NULL, NULL, NULL, NULL, NULL, NULL, NULL, NULL, NULL, NULL, NULL, 5, 19, 39, 1, 1, 1, NULL),
(29, '0', '', 15000, 'Bavdhan', '2016-10-31 14:30:00', '', '', 'Auto', '2017-01-02 00:51:51', '2016-08-24 02:36:52', 0, '', '', '', '', '', '', '', '', '2016-08-24 02:36:52', '2017-12-02 00:51:51', b'0', '2016-08-24 02:33:07', 0, '', 0, '', '18', b'1', '850', '', 1, NULL, NULL, NULL, NULL, NULL, NULL, NULL, NULL, NULL, NULL, NULL, NULL, 5, 19, 39, 1, 1, 1, NULL),
(30, '1', '', 15000, 'Bavdhan', '2016-10-31 14:30:00', '', '', 'Auto', '2017-01-02 00:51:51', '2016-08-24 02:43:43', 0, '', '', '', '', '', '', '', '', '2016-08-24 02:43:43', '2017-12-02 00:51:51', b'0', '2016-08-24 02:37:45', 0, '', 0, '', '18', b'1', '850', '', 1, NULL, NULL, NULL, NULL, NULL, NULL, NULL, NULL, NULL, NULL, NULL, NULL, 5, 19, 39, 1, 1, 1, NULL),
(31, '1', '', 18000, 'Bavdhan', '2016-03-31 14:30:00', '', '', 'Auto', '2016-08-24 04:30:31', '2016-08-24 03:00:29', 60000, '', '', '', '', '', '', '', '', '2016-08-24 03:00:29', '2017-07-24 04:30:31', b'0', '2016-08-24 02:57:16', 0, '', 0, '', '16', b'1', '1124', '', 1, 21, NULL, NULL, NULL, NULL, NULL, NULL, NULL, NULL, NULL, NULL, NULL, 6, 21, 39, 1, 1, 1, NULL),
(32, '1', '', 18000, 'C-502, Elite Empire', '2016-08-24 03:01:19', '', '', 'Auto', '2016-10-24 02:26:50', '2016-08-24 03:04:29', 0, '', '5', '', '', '', '', '', '', '2016-08-24 03:04:29', '2017-09-24 02:26:50', b'0', '2016-08-24 03:01:19', 0, '', 0, '', '23', b'1', '800', '', 1, 22, NULL, NULL, NULL, NULL, NULL, NULL, NULL, NULL, NULL, NULL, NULL, NULL, 19, 7, 1, 1, 1, NULL),
(33, '1', '', 15000, 'Park Express', '2016-08-31 14:30:00', '', '', 'Auto', '2016-11-03 02:27:20', '2016-08-24 03:08:32', 0, '', '', '', '', '', '', '', '', '2016-08-24 03:08:32', '2017-10-03 02:27:20', b'0', '2016-08-24 03:05:35', 0, '', 0, '', '?', b'1', '', '', 1, 23, NULL, NULL, NULL, NULL, NULL, NULL, NULL, NULL, NULL, NULL, NULL, 6, 19, 7, 1, 1, 1, NULL),
(34, '1', '', 16000, 'Park Express', '2016-08-24 03:08:46', '', '', 'Auto', '2016-10-24 02:26:50', '2016-08-24 03:10:29', 0, '', '', '', '', '', '', '', '', '2016-08-24 03:10:29', '2017-09-24 02:26:50', b'0', '2016-08-24 03:08:46', 0, '', 0, '', '?', b'1', '', '', 1, 24, NULL, NULL, NULL, NULL, NULL, NULL, NULL, NULL, NULL, NULL, NULL, 6, 20, 7, 1, 1, 1, NULL),
(35, '1', '', 13000, 'Blosam Society', '2016-08-24 03:11:01', '', '', 'Auto', '2016-10-24 02:26:50', '2016-08-24 03:16:56', 60000, '', '2', '', '', '', '', '', '', '2016-08-24 03:16:56', '2017-09-24 02:26:50', b'0', '2016-08-24 03:11:01', 0, '', 0, '', '22', b'1', '600', '', 1, 26, NULL, NULL, NULL, NULL, NULL, NULL, NULL, NULL, NULL, NULL, NULL, 5, 17, 1, 1, 1, 1, NULL),
(36, '1', '', 8000, 'sadaphule park,', '2016-06-30 14:30:00', '', '', 'Auto', '2016-08-30 03:59:25', '2016-08-24 03:21:44', 20000, '', '', '', '', '', '', '', '', '2016-08-24 03:21:44', '2017-07-30 03:59:25', b'0', '2016-08-24 03:17:47', 0, '', 0, '', '?', b'1', '', '', 1, 27, NULL, NULL, NULL, NULL, NULL, NULL, NULL, NULL, NULL, NULL, NULL, 5, 16, 9, 1, 7, 1, NULL),
(37, '1', '', 22000, 'Magnolia', '2017-02-28 13:30:00', '', '', NULL, NULL, '2016-08-24 03:35:26', 0, '', '', '', '', '', '', '', '', '2016-08-24 03:35:26', NULL, b'0', '2016-08-24 03:22:21', 0, '', 0, '', '17', b'0', '1264', '', 1, 30, NULL, NULL, NULL, NULL, NULL, NULL, NULL, NULL, NULL, NULL, NULL, 6, 19, 5, 1, 7, 1, NULL),
(38, '1', 'Venkatesh Park, S.No. 5/2, Sutarwadi', 18000, 'Venkatesh Park', '2016-08-31 14:30:00', '', '', 'Auto', '2016-11-03 02:27:20', '2016-08-24 03:33:16', 0, '', '', '', '', '', '', '', '', '2016-08-24 03:33:16', '2017-10-03 02:27:20', b'0', '2016-08-24 03:26:29', 0, '', 0, '', '13', b'1', '1368', '', 1, 29, NULL, NULL, NULL, NULL, NULL, NULL, NULL, NULL, NULL, NULL, NULL, 5, 21, 40, 1, 7, 1, NULL),
(39, '1', '', 18000, 'Balewadi', '2016-08-24 03:39:56', '', '', 'Auto', '2016-10-24 02:26:50', '2016-08-24 03:46:09', 0, '', '', '', '', '', '', '', '', '2016-08-24 03:46:09', '2017-09-24 02:26:50', b'0', '2016-08-24 03:39:56', 0, '', 0, 'All modern facilities', '20', b'1', '920', '', 1, 31, NULL, NULL, NULL, NULL, NULL, NULL, NULL, NULL, NULL, NULL, NULL, 5, 19, 7, 1, 1, 1, NULL),
(40, '1', 'A-503, Pristine Fontana', 18000, 'Pristine Fontana', '2016-08-24 03:46:22', '', '', 'Auto', '2016-10-24 02:26:50', '2016-08-24 03:49:01', 50000, '', '', '', '', '', '', '', '', '2016-08-24 03:49:01', '2017-09-24 02:26:50', b'0', '2016-08-24 03:46:22', 0, '', 0, '', '15', b'1', '1200', '', 1, 32, NULL, NULL, NULL, NULL, NULL, NULL, NULL, NULL, NULL, NULL, NULL, 5, 19, 39, 1, 7, 1, NULL),
(41, '1', '708, Sindh Soceity', 350000, 'Sindh Soceity', '2016-04-30 14:30:00', '', '', 'Auto', '2016-08-24 04:30:31', '2016-08-24 03:56:45', 210000, '', '', '', '', '', '', '', '', '2016-08-24 03:56:45', '2017-07-24 04:30:31', b'0', '2016-08-24 03:49:19', 0, '', 0, 'generator back, family', '35', b'1', '10000', '', 1, 33, NULL, NULL, NULL, NULL, NULL, NULL, NULL, NULL, NULL, NULL, NULL, 5, 25, 9, 1, 6, 1, NULL),
(42, '1', '', 12000, 'Bhosale Nagar', '2016-08-24 03:57:05', '', '', 'Auto', '2016-10-24 02:26:50', '2016-08-24 04:00:22', 0, '', '', '', '', '', '', 'Near E-Square', '', '2016-08-24 04:00:22', '2017-09-24 02:26:50', b'0', '2016-08-24 03:57:05', 0, '', 0, '', '21', b'1', '560', '', 1, 34, NULL, NULL, NULL, NULL, NULL, NULL, NULL, NULL, NULL, NULL, NULL, 5, 17, 26, 1, 7, 1, NULL),
(43, '1', '', 26000, 'Baner', '2017-03-31 14:30:00', '', '', NULL, NULL, '2016-08-25 00:56:55', 0, '', '', '', '', '', '', 'Near Krishna Garden', '', '2016-08-25 00:56:55', NULL, b'0', '2016-08-25 00:43:58', 0, '', 0, '', '14', b'0', '1802', '', 1, 35, NULL, NULL, NULL, NULL, NULL, NULL, NULL, NULL, NULL, NULL, NULL, 5, 21, 1, 1, 7, 1, NULL),
(44, '1', '', 20000, 'Pride Platinum', '2017-03-31 14:30:00', '', '', NULL, NULL, '2016-08-25 00:59:39', 120000, '', '', '', '', '', '', 'Next to PAN Card Club', '', '2016-08-25 00:59:39', NULL, b'0', '2016-08-25 00:57:14', 0, '', 0, '', '17', b'0', '1200', '', 1, 36, NULL, NULL, NULL, NULL, NULL, NULL, NULL, NULL, NULL, NULL, NULL, 5, 19, 1, 1, 7, 1, NULL),
(45, '1', '', 22000, 'Aundh', '2017-03-31 14:30:00', '', '', NULL, NULL, '2016-08-25 01:15:18', 0, '', '', '', '', '', '', '', '', '2016-08-25 01:15:18', NULL, b'0', '2016-08-25 01:08:14', 0, '', 0, '', '22', b'0', '1000', '', 1, 37, NULL, NULL, NULL, NULL, NULL, NULL, NULL, NULL, NULL, NULL, NULL, NULL, 19, 9, 1, 7, 1, NULL),
(46, '1', '', 0, 'Baner', '2018-02-28 13:30:00', '', '', NULL, NULL, '2016-08-25 01:18:56', 0, '', '', '', '', '', '', '', '', '2016-08-25 01:18:56', NULL, b'0', '2016-08-25 01:15:26', 0, '', 0, 'on rent for 2 years for commercial', '0', b'0', '2200', '', 1, NULL, NULL, NULL, NULL, NULL, NULL, NULL, NULL, NULL, NULL, NULL, NULL, NULL, 23, 1, 1, 7, 1, NULL),
(47, '1', '', 20000, 'Baner', '2017-03-31 14:30:00', '', '', NULL, NULL, '2016-08-25 01:28:20', 0, '', '10', '', '', '', '', '', '', '2016-08-25 01:28:20', NULL, b'1', '2016-08-25 01:21:04', 0, '', 0, '', '15', b'0', '1329', '', 1, 38, NULL, NULL, NULL, NULL, NULL, NULL, NULL, NULL, NULL, NULL, NULL, 6, 21, 1, 1, 1, 1, NULL),
(48, '1', '', 18000, 'Pashan Sus Rd', '2017-02-28 13:30:00', '', '', NULL, NULL, '2016-08-25 01:31:43', 0, '', '', '', '', '', '', '', '', '2016-08-25 01:31:43', NULL, b'1', '2016-08-25 01:28:42', 0, '', 0, '', '18', b'0', '1000', '', 1, 39, NULL, NULL, NULL, NULL, NULL, NULL, NULL, NULL, NULL, NULL, NULL, 7, 19, 40, 1, 1, 1, NULL),
(49, '1', '', 20000, 'Baner', '2018-01-31 13:30:00', '', '', NULL, NULL, '2016-08-25 01:40:38', 0, '', '', '', '', '', '', '', '', '2016-08-25 01:40:38', NULL, b'1', '2016-08-25 01:36:48', 0, '', 0, '', '13', b'0', '1500', '', 1, 40, NULL, NULL, NULL, NULL, NULL, NULL, NULL, NULL, NULL, NULL, NULL, NULL, 21, 1, 1, 7, 1, NULL),
(50, '1', '', 12000, 'madhuban soceity', '2017-04-30 14:30:00', '', '', NULL, NULL, '2016-08-25 01:47:12', 0, '', '', '', '', '', '', 'near spicer school', '', '2016-08-25 01:47:12', NULL, b'0', '2016-08-25 01:40:56', 0, '', 0, '', '22', b'0', '550', '', 1, 42, NULL, NULL, NULL, NULL, NULL, NULL, NULL, NULL, NULL, NULL, NULL, 7, 17, 9, 1, NULL, 1, NULL),
(51, '1', '', 22000, 'Aundh', '2016-09-30 14:30:00', '', '', 'Auto', '2016-12-01 00:25:04', '2016-08-25 01:50:51', 0, '', '', '', '', '', '', '', '', '2016-08-25 01:50:51', '2017-11-01 00:25:04', b'0', '2016-08-25 01:47:48', 0, '', 0, '', '18', b'1', '1250', '', 1, 43, NULL, NULL, NULL, NULL, NULL, NULL, NULL, NULL, NULL, NULL, NULL, 5, 21, 9, 1, 13, 1, NULL),
(52, '1', '', 18000, 'Aundh', '2016-06-30 14:30:00', '', '', 'Auto', '2016-08-30 03:59:25', '2016-08-25 01:59:12', 0, '', '', '', '', '', '', 'Near Parihar Chowk', '', '2016-08-25 01:59:12', '2017-07-30 03:59:25', b'0', '2016-08-25 01:56:04', 0, '', 0, '', '24', b'1', '750', '', 1, 44, NULL, NULL, NULL, NULL, NULL, NULL, NULL, NULL, NULL, NULL, NULL, 5, 19, 9, 1, 7, 1, NULL),
(53, '1', '', 22000, 'Baner', '2017-02-28 13:30:00', '', '', NULL, NULL, '2016-08-25 02:03:46', 0, '', '', '', '', '', '', '', '', '2016-08-25 02:03:46', NULL, b'0', '2016-08-25 02:01:02', 0, '', 0, '', '15', b'0', '1425', '', 1, 45, NULL, NULL, NULL, NULL, NULL, NULL, NULL, NULL, NULL, NULL, NULL, 7, 21, 1, 1, 7, 1, NULL),
(54, '1', '', 15000, 'Dharmesh Soceity', '2016-05-31 14:30:00', '', '', 'Auto', '2016-08-26 00:49:56', '2016-08-25 02:05:47', 0, '', '', '', '', '', '', '', '', '2016-08-25 02:05:47', '2017-07-26 00:49:56', b'0', '2016-08-25 02:03:59', 0, '', 0, '', '21', b'1', '700', '', 1, 46, NULL, NULL, NULL, NULL, NULL, NULL, NULL, NULL, NULL, NULL, NULL, 5, 17, 25, 1, 7, 1, NULL),
(55, '1', '', 30000, 'Baner', '2016-06-30 14:30:00', '', '', 'Auto', '2016-08-30 03:59:25', '2016-08-25 02:08:01', 0, '', '', '', '', '', '', '', '', '2016-08-25 02:08:01', '2017-07-30 03:59:25', b'0', '2016-08-25 02:05:59', 0, '', 0, '', '17', b'1', '1806', '', 1, 47, NULL, NULL, NULL, NULL, NULL, NULL, NULL, NULL, NULL, NULL, NULL, 5, 21, 1, 1, 1, 1, NULL),
(56, '1', '', 12000, 'Balewadi', '2016-04-30 14:30:00', '', '', 'Auto', '2016-08-26 00:49:56', '2016-08-25 02:10:50', 0, '', '', '', '', '', '', '', '', '2016-08-25 02:10:50', '2017-07-26 00:49:56', b'0', '2016-08-25 02:08:35', 0, '', 0, '', '18', b'1', '659', '', 1, 48, NULL, NULL, NULL, NULL, NULL, NULL, NULL, NULL, NULL, NULL, NULL, 5, 17, 7, 1, 1, 1, NULL),
(57, '1', '', 20000, 'Pashan Sus Rd', '2016-08-31 14:30:00', '', '', 'Auto', '2016-11-03 02:27:20', '2016-08-25 02:13:39', 0, '', '', '', '', '', '', '', '', '2016-08-25 02:13:39', '2017-10-03 02:27:20', b'0', '2016-08-25 02:11:04', 0, '', 0, '', '16', b'1', '1250', '', 1, 49, NULL, NULL, NULL, NULL, NULL, NULL, NULL, NULL, NULL, NULL, NULL, 5, 21, 40, 1, 1, 1, NULL),
(58, '1', '', 15000, 'Pashan', '2018-01-31 13:30:00', '', '', NULL, NULL, '2016-08-25 02:16:14', 0, '', '', '', '', '', '', '', '', '2016-08-25 02:16:14', NULL, b'0', '2016-08-25 02:13:58', 0, '', 0, '', '24', b'0', '630', '', 1, 50, NULL, NULL, NULL, NULL, NULL, NULL, NULL, NULL, NULL, NULL, NULL, 7, 17, 15, 1, 1, 1, NULL),
(59, '1', '', 30000, 'Baner', '2018-01-31 13:30:00', '', '', NULL, NULL, '2016-08-25 02:19:25', 0, '', '', '', '', '', '', '', '', '2016-08-25 02:19:25', NULL, b'0', '2016-08-25 02:17:14', 0, '', 0, '', '19', b'0', '1620', '', 1, 51, NULL, NULL, NULL, NULL, NULL, NULL, NULL, NULL, NULL, NULL, NULL, 5, 21, 1, 1, 1, 1, NULL),
(60, '1', '', 40000, 'Baner', '2016-09-30 14:30:00', '', '', 'Auto', '2016-12-01 00:25:04', '2016-08-25 02:33:22', 150000, '', '', '', '', '', '', '', '', '2016-08-25 02:33:22', '2017-11-01 00:25:04', b'0', '2016-08-25 02:30:17', 0, '', 0, '', '17', b'1', '2400', '', 1, 52, NULL, NULL, NULL, NULL, NULL, NULL, NULL, NULL, NULL, NULL, NULL, 5, 25, 1, 1, 1, 1, NULL),
(61, '1', '', 0, 'Balewadi', '2016-05-31 14:30:00', '', '', 'Auto', '2016-08-26 00:49:56', '2016-08-25 02:35:40', 0, '', '', '', '', '', '', '', '', '2016-08-25 02:35:40', '2017-07-26 00:49:56', b'0', '2016-08-25 02:33:32', 0, '', 0, '', '', b'1', '', '', 1, 53, NULL, NULL, NULL, NULL, NULL, NULL, NULL, NULL, NULL, NULL, NULL, 5, 19, 7, 1, 1, 1, NULL),
(62, '1', '', 20000, 'Paranjape Gloria Apts', '2016-10-31 14:30:00', '', '', 'Auto', '2017-01-02 00:51:51', '2016-08-25 02:39:57', 100000, '', '', '', '', '', '', 'Ahead Toll Plaza', '', '2016-08-25 02:39:57', '2017-12-02 00:51:51', b'0', '2016-08-25 02:35:50', 0, '', 0, '', '15', b'1', '1300', '', 1, 54, NULL, NULL, NULL, NULL, NULL, NULL, NULL, NULL, NULL, NULL, NULL, 5, 21, 39, 1, 1, 1, NULL),
(63, '1', '', 15000, 'Baner', '2018-01-31 13:30:00', '', '', NULL, NULL, '2016-08-25 02:42:12', 60000, '', '', '', '', '', '', '', '', '2016-08-25 02:42:12', NULL, b'0', '2016-08-25 02:40:05', 0, '', 0, '', '17', b'0', '900', '', 1, 55, NULL, NULL, NULL, NULL, NULL, NULL, NULL, NULL, NULL, NULL, NULL, 5, 19, 1, 1, 1, 1, NULL),
(64, '1', '', 15000, 'Baner', '2017-02-28 13:30:00', '', '', NULL, NULL, '2016-08-25 02:44:33', 60000, '', '', '', '', '', '', '', '', '2016-08-25 02:44:33', NULL, b'0', '2016-08-25 02:42:39', 0, '', 0, '', '11', b'0', '1379', '', 1, 56, NULL, NULL, NULL, NULL, NULL, NULL, NULL, NULL, NULL, NULL, NULL, 5, 21, 1, 1, 1, 1, NULL),
(65, '1', '', 12000, 'Bavdhan', '2017-09-30 14:30:00', '', '', NULL, NULL, '2016-08-25 02:46:48', 50000, '', '', '', '', '', '', '', '', '2016-08-25 02:46:48', NULL, b'0', '2016-08-25 02:44:59', 0, '', 0, '', '11', b'0', '1100', '', 1, 57, NULL, NULL, NULL, NULL, NULL, NULL, NULL, NULL, NULL, NULL, NULL, 5, 19, 39, 1, 1, 1, NULL),
(66, '1', '', 32000, 'Aundh', '2017-02-28 13:30:00', '', '', NULL, NULL, '2016-08-25 03:09:10', 150000, '', 'G', '', '', '', '', '', '', '2016-08-25 03:09:10', NULL, b'0', '2016-08-25 02:48:32', 0, '', 0, '', '11', b'0', '3000', '', 1, 58, NULL, NULL, NULL, NULL, NULL, NULL, NULL, NULL, NULL, NULL, NULL, 6, 23, 9, 1, 6, 1, NULL),
(67, '1', '', 18000, 'Aundh', '2016-10-31 14:30:00', '', '', 'Auto', '2017-01-02 00:51:51', '2016-08-25 03:19:37', 60000, '', '', '', '', '', '', '', '', '2016-08-25 03:19:37', '2017-12-02 00:51:51', b'0', '2016-08-25 03:09:37', 0, '', 0, '', '24', b'1', '753', '', 1, 59, NULL, NULL, NULL, NULL, NULL, NULL, NULL, NULL, NULL, NULL, NULL, 7, 19, 9, 1, 7, 1, NULL),
(68, '1', 'A-502, Pride Platinum', 22000, 'Pride Platinum', '2017-04-30 14:30:00', '', '', NULL, NULL, '2016-08-25 03:52:04', 100000, '', '', '', '', '', '', '', '', '2016-08-25 03:52:04', NULL, b'0', '2016-08-25 03:19:51', 0, '', 0, '', '14', b'0', '1620', '', 1, 60, NULL, NULL, NULL, NULL, NULL, NULL, NULL, NULL, NULL, NULL, NULL, 5, 19, 1, 1, 7, 1, NULL),
(69, '1', 'Opp.Symentic, Elysion, 6th flr, 602', 18000, 'Elysion', '2017-01-31 13:30:00', '', '', 'Auto', '2017-04-04 05:08:16', '2016-08-25 03:56:15', 60000, '', '', '', '', '', '', 'Opp.Symentic', '', '2016-08-25 03:56:15', '2018-03-04 05:08:16', b'0', '2016-08-25 03:52:25', 0, '', 0, '', '18', b'1', '1000', '', 1, 61, NULL, NULL, NULL, NULL, NULL, NULL, NULL, NULL, NULL, NULL, NULL, 5, 19, 1, 1, 7, 1, NULL),
(70, '1', '', 25000, 'Baner', '2018-02-28 13:30:00', '', '', NULL, NULL, '2016-08-25 03:59:06', 100000, '', '', '', '', '', '', '', '', '2016-08-25 03:59:06', NULL, b'0', '2016-08-25 03:56:27', 0, '', 0, '', '17', b'0', '1495', '', 1, 62, NULL, NULL, NULL, NULL, NULL, NULL, NULL, NULL, NULL, NULL, NULL, 5, 22, 1, 1, 1, 1, NULL),
(71, '1', '', 25000, 'Baner', '2016-08-25 03:59:22', '', '', 'Auto', '2016-11-03 02:27:20', '2016-08-25 04:04:07', 100000, '', '', '', '', '', '', '', '', '2016-08-25 04:04:07', '2017-10-03 02:27:20', b'0', '2016-08-25 03:59:22', 0, '', 0, '', '16', b'1', '1600', '', 1, 63, NULL, NULL, NULL, NULL, NULL, NULL, NULL, NULL, NULL, NULL, NULL, 5, 21, 1, 1, 1, 1, NULL),
(72, '1', 'B-1/103, Nirmiti Horizon,', 27000, 'Nirmiti Horizon', '2016-03-31 14:30:00', '', '', 'Auto', '2016-08-26 00:49:56', '2016-08-25 04:07:46', 108000, '', '', '', '', '', '', 'New D.P.Road', '', '2016-08-25 04:07:46', '2017-07-26 00:49:56', b'0', '2016-08-25 04:04:20', 0, '', 0, '', '19', b'1', '1450', '', 1, 64, NULL, NULL, NULL, NULL, NULL, NULL, NULL, NULL, NULL, NULL, NULL, 6, 21, 9, 1, 7, 1, NULL),
(73, '1', 'Behind MITCON Institute', 16000, 'Balewadi', '2017-02-28 13:30:00', '', '', NULL, NULL, '2016-08-25 04:10:14', 50000, '', '', '', '', '', '', '', '', '2016-08-25 04:10:14', NULL, b'0', '2016-08-25 04:07:58', 0, '', 0, '', '15', b'0', '1059', '', 1, 65, NULL, NULL, NULL, NULL, NULL, NULL, NULL, NULL, NULL, NULL, NULL, 5, 19, 7, 1, 1, 1, NULL),
(74, '1', 'Bld-D3, Flat No.6,', 16000, 'Shambhu Vihar,', '2016-06-30 14:30:00', '', '', 'Auto', '2016-08-30 03:59:25', '2016-08-25 04:15:14', 75000, '', '3', '', '', '', 'Eknath watchman', 'Near DAV,', '', '2016-08-25 04:15:14', '2017-07-30 03:59:25', b'0', '2016-08-25 04:10:25', 0, '', 0, 'DAV school rd, then take right from Ambedkar chowk n 2-3 min run', '20', b'1', '800', '', 1, 66, NULL, NULL, NULL, NULL, NULL, NULL, NULL, NULL, NULL, NULL, NULL, 5, 19, 9, 1, 7, 1, NULL),
(75, '1', 'Park Xpress, 7 th floor', 16000, 'Park Xpress,', '2016-11-30 13:30:00', '', '', 'Auto', '2017-01-29 23:58:01', '2016-08-25 04:17:50', 60000, '', '7', '', '', '', '', '', '', '2016-08-25 04:17:50', '2017-12-29 23:58:01', b'0', '2016-08-25 04:15:41', 0, '', 0, '', '16', b'1', '985', '', 1, 67, NULL, NULL, NULL, NULL, NULL, NULL, NULL, NULL, NULL, NULL, NULL, 5, 19, 1, 1, 7, 1, NULL),
(76, '1', '', 20000, 'Bavdhan', '2016-05-31 14:30:00', '', '', 'Auto', '2016-08-26 00:49:56', '2016-08-25 04:19:53', 60000, '', '', '', '', '', '', '', '', '2016-08-25 04:19:53', '2017-07-26 00:49:56', b'0', '2016-08-25 04:18:01', 0, '', 0, '', '14', b'1', '1400', '', 1, NULL, NULL, NULL, NULL, NULL, NULL, NULL, NULL, NULL, NULL, NULL, NULL, 5, 21, 39, 1, 1, 1, NULL),
(77, '1', '', 15000, 'Aundh', '2017-10-31 14:30:00', '', '', NULL, NULL, '2016-08-25 04:22:51', 75000, '', '', '', '', '', '', '', '', '2016-08-25 04:22:51', NULL, b'0', '2016-08-25 04:20:57', 0, '', 0, '', '16', b'0', '950', '', 1, NULL, NULL, NULL, NULL, NULL, NULL, NULL, NULL, NULL, NULL, NULL, NULL, 5, 19, 9, 1, 1, 1, NULL),
(78, '1', 'B-7, Ramnagar Colony,', 30000, 'Defodil Park', '2017-04-30 14:30:00', '', '', NULL, NULL, '2016-08-25 04:25:46', 150000, '', '', '', '', '', '', '', '', '2016-08-25 04:25:46', NULL, b'0', '2016-08-25 04:23:20', 0, '', 0, '', '?', b'0', '', '', 1, 68, NULL, NULL, NULL, NULL, NULL, NULL, NULL, NULL, NULL, NULL, NULL, 5, NULL, 15, 1, 3, 1, NULL),
(79, '1', '', 15000, 'Bavdhan', '2017-04-30 14:30:00', '', '', NULL, NULL, '2016-08-25 04:28:15', 60000, '', '', '', '', '', '', '', '', '2016-08-25 04:28:15', NULL, b'0', '2016-08-25 04:26:11', 0, '', 0, '', '17', b'0', '880', '', 1, 69, NULL, NULL, NULL, NULL, NULL, NULL, NULL, NULL, NULL, NULL, NULL, 6, 19, 39, 1, 1, 1, NULL),
(80, '1', '4 flr, above State Bank of Patiyala', 16000, 'Aundh', '2016-07-31 14:30:00', '', '', 'Auto', '2016-09-30 01:37:42', '2016-08-25 04:30:55', 96000, '', '', '', '', '', '', '', '', '2016-08-25 04:30:55', '2017-08-30 01:37:42', b'0', '2016-08-25 04:28:28', 0, '', 0, '', '32', b'1', '500', '', 1, 70, NULL, NULL, NULL, NULL, NULL, NULL, NULL, NULL, NULL, NULL, NULL, 5, 16, 9, 1, 1, 1, NULL),
(81, '1', '', 15000, 'Baner', '2018-12-31 13:30:00', '', '', NULL, NULL, '2016-08-25 04:32:46', 60000, '', '', '', '', '', '', '', '', '2016-08-25 04:32:46', NULL, b'0', '2016-08-25 04:31:12', 0, '', 0, '', '17', b'0', '900', '', 1, 71, NULL, NULL, NULL, NULL, NULL, NULL, NULL, NULL, NULL, NULL, NULL, 5, 19, 1, 1, 1, 1, NULL),
(82, '1', '', 22000, 'Baner', '2017-04-30 14:30:00', '', '', NULL, NULL, '2016-08-25 04:34:30', 75000, '', '', '', '', '', '', '', '', '2016-08-25 04:34:30', NULL, b'0', '2016-08-25 04:33:03', 0, '', 0, '', '15', b'0', '1500', '', 1, 72, NULL, NULL, NULL, NULL, NULL, NULL, NULL, NULL, NULL, NULL, NULL, 6, 19, 1, 1, 1, 1, NULL),
(83, '1', 'Bunglow No. 11, S. No. 122/4 AB/5, Jitendra Heritage, Sutarwadi', 30000, 'Jitendra Heritage', '2018-04-30 14:30:00', '', '', NULL, NULL, '2016-08-25 04:37:33', 150000, '', '', '', '', '', '', '', '', '2016-08-25 04:37:33', NULL, b'0', '2016-08-25 04:34:43', 0, '', 0, '', '27', b'0', '1100', '', 1, 73, NULL, NULL, NULL, NULL, NULL, NULL, NULL, NULL, NULL, NULL, NULL, 5, 21, 23, 1, 6, 1, NULL),
(84, '1', '2C, Rachana Garden Estate', 20000, 'Rachana Garden Estate', '2017-02-28 13:30:00', '', '', NULL, NULL, '2016-08-26 01:03:20', 60000, '', '', '', '', '', '', '', '', '2016-08-26 01:03:20', NULL, b'0', '2016-08-26 00:59:45', 0, '', 0, '', '17', b'0', '1200', '', 1, 74, NULL, NULL, NULL, NULL, NULL, NULL, NULL, NULL, NULL, NULL, NULL, 5, 19, 9, 1, 7, 1, NULL),
(85, '1', '', 10000, 'Bavdhan', '2017-02-28 13:30:00', '', '', NULL, NULL, '2016-08-26 01:07:28', 40000, '', '', '', '', '', '', '', '', '2016-08-26 01:07:28', NULL, b'0', '2016-08-26 01:03:50', 0, '', 0, '', '18', b'0', '545', '', 1, 75, NULL, NULL, NULL, NULL, NULL, NULL, NULL, NULL, NULL, NULL, NULL, 5, 17, 39, 1, 1, 1, NULL),
(86, '1', '', 16000, 'Anjor Society', '2017-01-31 13:30:00', '', '', 'Auto', '2017-04-04 05:08:16', '2016-08-26 01:11:05', 60000, '', '', '', '', '', '', '', '', '2016-08-26 01:11:05', '2018-03-04 05:08:16', b'0', '2016-08-26 01:07:52', 0, '', 0, '', '15', b'1', '1100', '', 1, NULL, NULL, NULL, NULL, NULL, NULL, NULL, NULL, NULL, NULL, NULL, NULL, 5, 19, 1, 1, 7, 1, NULL),
(87, '1', '', 10000, 'Balewadi', '2016-08-26 01:11:36', '', '', 'Auto', '2016-11-03 02:27:20', '2016-08-26 01:17:55', 40000, '', '', '', '', '', '', 'Near Vibgyor School', '', '2016-08-26 01:17:55', '2017-10-03 02:27:20', b'0', '2016-08-26 01:11:36', 0, '', 0, '', '18', b'1', '550', '', 1, 76, NULL, NULL, NULL, NULL, NULL, NULL, NULL, NULL, NULL, NULL, NULL, 5, 17, 7, 1, 1, 1, NULL),
(88, '1', '', 40000, 'Baner', '2016-08-26 01:18:29', '', '', 'Auto', '2016-11-03 02:27:20', '2016-08-26 01:27:12', 160000, '', '', '', '', '', '', '', '', '2016-08-26 01:27:12', '2017-10-03 02:27:20', b'0', '2016-08-26 01:18:29', 0, '', 0, '', '17', b'1', '2360', '', 1, 77, NULL, NULL, NULL, NULL, NULL, NULL, NULL, NULL, NULL, NULL, NULL, 6, 22, 1, 1, 8, 1, NULL),
(89, '1', '', 28000, 'Aundh', '2016-08-26 01:27:29', '', '', 'Auto', '2016-11-03 02:27:20', '2016-08-26 01:29:23', 60000, '', '', '', '', '', '', '', '', '2016-08-26 01:29:23', '2017-10-03 02:27:20', b'0', '2016-08-26 01:27:29', 0, '', 0, '', '26', b'1', '1068', '', 1, 78, NULL, NULL, NULL, NULL, NULL, NULL, NULL, NULL, NULL, NULL, NULL, 5, 19, 9, 1, 7, 1, NULL),
(90, '1', 'Flat No. 102,  S. No. 90, Veerbhadra Nagar,', 20000, 'Swami Shilp Apartment', '2016-08-26 01:29:35', '', '', 'Auto', '2016-11-03 02:27:20', '2016-08-26 01:34:21', 80000, '', '', '', '', '', '', 'Behind Hotel Sadanand', '', '2016-08-26 01:34:21', '2017-10-03 02:27:20', b'0', '2016-08-26 01:29:35', 0, '', 0, '', '13', b'1', '1500', '', 1, 79, NULL, NULL, NULL, NULL, NULL, NULL, NULL, NULL, NULL, NULL, NULL, 5, 21, 1, 1, 1, 1, NULL),
(91, '1', '', 22000, 'Aundh', '2018-03-31 14:30:00', '', '', NULL, NULL, '2016-08-26 01:36:51', 60000, '', '', '', '', '', '', '', '', '2016-08-26 01:36:51', NULL, b'0', '2016-08-26 01:34:31', 0, '', 0, '', '18', b'0', '1200', '', 1, 80, NULL, NULL, NULL, NULL, NULL, NULL, NULL, NULL, NULL, NULL, NULL, 5, 19, 9, 1, 7, 1, NULL),
(92, '1', '', 20000, 'Bavdhan', '2016-08-26 01:37:03', '', '', 'Auto', '2016-11-03 02:27:20', '2016-08-26 01:39:45', 50000, '', '', '', '', '', '', '', '', '2016-08-26 01:39:45', '2017-10-03 02:27:20', b'0', '2016-08-26 01:37:03', 0, '', 0, '', '16', b'1', '1280', '', 1, 81, NULL, NULL, NULL, NULL, NULL, NULL, NULL, NULL, NULL, NULL, NULL, 5, 21, NULL, 1, 1, 1, NULL),
(93, '1', '', 12000, 'Baner', '2018-02-28 13:30:00', '', '', NULL, NULL, '2016-08-26 01:46:16', 40000, '', '', '', '', '', '', '', '', '2016-08-26 01:46:16', NULL, b'0', '2016-08-26 01:40:18', 0, '', 0, '', '16', b'0', '730', '', 1, 82, NULL, NULL, NULL, NULL, NULL, NULL, NULL, NULL, NULL, NULL, NULL, 5, 17, 1, 1, 2, 1, NULL),
(94, '1', '', 0, 'Bavdhan', '2016-08-26 01:46:26', '', '', 'Auto', '2016-11-03 02:27:20', '2016-08-26 01:48:36', 0, '', '', '', '', '', '', '', '', '2016-08-26 01:48:36', '2017-10-03 02:27:20', b'0', '2016-08-26 01:46:26', 0, '', 0, 'Owner staying out of station', '0', b'1', '3000', '', 1, 83, NULL, NULL, NULL, NULL, NULL, NULL, NULL, NULL, NULL, NULL, NULL, 5, 21, 39, 1, 6, 1, NULL),
(95, '1', '', 0, 'Baner', '2016-08-26 01:48:53', '', '', 'Auto', '2016-11-03 02:27:20', '2016-08-26 01:51:09', 0, '', '', '', '', '', '', '', '', '2016-08-26 01:51:09', '2017-10-03 02:27:20', b'0', '2016-08-26 01:48:53', 0, '', 0, '', '0', b'1', '1450', '', 1, NULL, NULL, NULL, NULL, NULL, NULL, NULL, NULL, NULL, NULL, NULL, NULL, NULL, 21, 1, 1, 1, 1, NULL),
(96, '1', '', 0, 'Balewadi', '2018-04-30 14:30:00', '', '', NULL, NULL, '2016-08-26 01:55:09', 0, '', '', '', '', '', '', '', '', '2016-08-26 01:55:09', NULL, b'0', '2016-08-26 01:51:39', 0, '', 0, '', '0', b'0', '1409', '', 1, 84, NULL, NULL, NULL, NULL, NULL, NULL, NULL, NULL, NULL, NULL, NULL, NULL, 21, 7, 1, 2, 1, NULL),
(97, '0', '', 0, 'Baner', '2017-03-31 14:30:00', '', '', NULL, NULL, '2016-08-26 02:10:51', 0, '', '', '', '', '', '', '', '', '2016-08-26 02:10:51', NULL, b'0', '2016-08-26 02:07:11', 0, '', 0, '', '0', b'0', '1407', '', 1, 15, NULL, NULL, NULL, NULL, NULL, NULL, NULL, NULL, NULL, NULL, NULL, NULL, 21, 1, 1, 7, 1, NULL),
(98, '1', '', 0, 'Baner', '2017-03-31 14:30:00', '', '', NULL, NULL, '2016-08-26 02:20:22', 0, '', '', '', '', '', '', '', '', '2016-08-26 02:20:22', NULL, b'0', '2016-08-26 02:18:39', 0, '', 0, '', '0', b'0', '1407', '', 1, NULL, NULL, NULL, NULL, NULL, NULL, NULL, NULL, NULL, NULL, NULL, NULL, NULL, 21, 1, 1, 1, 1, NULL),
(99, '1', '701, Kapil Green Tank,', 30000, 'Kapil Green Tank', '2016-07-31 14:30:00', '', '', 'Auto', '2016-09-30 01:37:42', '2016-08-26 02:24:23', 80000, '', '', '', '', '', '', 'Opp. Kapil Malhar', '', '2016-08-26 02:24:23', '2017-08-30 01:37:42', b'0', '2016-08-26 02:21:31', 0, '', 0, '', '17', b'1', '1800', '', 1, 85, NULL, NULL, NULL, NULL, NULL, NULL, NULL, NULL, NULL, NULL, NULL, 7, 21, 1, 1, 7, 1, NULL),
(100, '1', '4 flr, near IT Park', 25000, 'Baner', '2016-09-30 14:30:00', '', '', 'Auto', '2016-12-01 00:25:04', '2016-08-26 02:38:50', 75000, '', '', '', '', '', '', '', '', '2016-08-26 02:38:50', '2017-11-01 00:25:04', b'0', '2016-08-26 02:29:45', 0, '', 0, '', '14', b'1', '1758', '', 1, 86, NULL, NULL, NULL, NULL, NULL, NULL, NULL, NULL, NULL, NULL, NULL, 5, 19, 1, 1, 1, 1, NULL),
(101, '1', '', 25000, 'Balewadi Phata', '2016-08-26 02:38:59', '', '', 'Auto', '2016-11-03 02:27:20', '2016-08-26 02:40:39', 75000, '', '', '', '', '', '', 'Near Balewadi Phata', '', '2016-08-26 02:40:39', '2017-10-03 02:27:20', b'0', '2016-08-26 02:38:59', 0, '', 0, '', '10', b'1', '2400', '', 1, 87, NULL, NULL, NULL, NULL, NULL, NULL, NULL, NULL, NULL, NULL, NULL, NULL, 21, 1, 1, 1, 1, NULL),
(102, '1', '', 15000, 'Baner', '2018-03-31 14:30:00', '', '', NULL, NULL, '2016-08-26 02:47:40', 60000, '', '', '', '', '', '', '', '', '2016-08-26 02:47:40', NULL, b'0', '2016-08-26 02:42:44', 0, '', 0, '', '14', b'0', '1100', '', 1, 88, NULL, NULL, NULL, NULL, NULL, NULL, NULL, NULL, NULL, NULL, NULL, 5, 19, 1, 1, 1, 1, NULL),
(103, '1', '', 25000, 'Baner', '2018-03-31 14:30:00', '', '', NULL, NULL, '2016-08-26 02:50:13', 75000, '', '', '', '', '', '', '', '', '2016-08-26 02:50:13', NULL, b'0', '2016-08-26 02:47:50', 0, '', 0, '', '17', b'0', '1451', '', 1, 89, NULL, NULL, NULL, NULL, NULL, NULL, NULL, NULL, NULL, NULL, NULL, 5, 21, 1, 1, 1, 1, NULL),
(104, '1', '', 20000, 'Baner', '2016-09-30 14:30:00', '', '', 'Auto', '2016-12-01 00:25:04', '2016-08-26 02:52:40', 75000, '', '', '', '', '', '', '', '', '2016-08-26 02:52:40', '2017-11-01 00:25:04', b'0', '2016-08-26 02:50:29', 0, '', 0, '', '18', b'1', '1086', '', 1, 90, NULL, NULL, NULL, NULL, NULL, NULL, NULL, NULL, NULL, NULL, NULL, 5, 19, 1, 1, 6, 1, NULL),
(105, '1', '', 20000, 'Baner', '2017-11-30 13:30:00', '', '', NULL, NULL, '2016-08-26 02:55:26', 70000, '', '', '', '', '', '', '', '', '2016-08-26 02:55:26', NULL, b'0', '2016-08-26 02:53:25', 0, '', 0, '', '14', b'0', '1448', '', 1, 91, NULL, NULL, NULL, NULL, NULL, NULL, NULL, NULL, NULL, NULL, NULL, 5, 21, 1, 1, 1, 1, NULL),
(106, '1', '7 flr, 702 twin nest,', 18000, 'twin nest', '2017-03-31 14:30:00', '', '', NULL, NULL, '2016-08-26 03:00:35', 60000, '', '7', '', '', '', '', 'behind hotel rajwada', '', '2016-08-26 03:00:35', NULL, b'0', '2016-08-26 02:56:23', 0, '', 0, '402 and 702 flat no.(Two Flat)', '15', b'0', '1171', '', 1, 92, NULL, NULL, NULL, NULL, NULL, NULL, NULL, NULL, NULL, NULL, NULL, 5, 19, 1, 1, 7, 1, NULL),
(107, '1', 'Padmalya, Sus road,', 15000, 'Padmalya', '2016-03-31 14:30:00', '', '', 'Auto', '2016-08-27 00:54:14', '2016-08-26 03:04:19', 60000, '', '', '', '', '', '', 'next to SBI, Sai Chowk', '', '2016-08-26 03:04:19', '2017-07-27 00:54:14', b'0', '2016-08-26 03:00:59', 0, '', 0, '', '19', b'1', '800', '', 1, 93, NULL, NULL, NULL, NULL, NULL, NULL, NULL, NULL, NULL, NULL, NULL, 5, 19, 40, 1, 7, 1, NULL),
(108, '1', '', 15000, 'Balewadi', '2017-02-28 13:30:00', '', '', NULL, NULL, '2016-08-26 03:06:35', 60000, '', '', '', '', '', '', '', '', '2016-08-26 03:06:35', NULL, b'0', '2016-08-26 03:04:35', 0, '', 0, '', '15', b'0', '1000', '', 1, NULL, NULL, NULL, NULL, NULL, NULL, NULL, NULL, NULL, NULL, NULL, NULL, 5, 19, 7, 1, 1, 1, NULL),
(109, '1', '', 15000, 'Baner', '2016-10-31 14:30:00', '', '', 'Auto', '2017-01-02 00:51:51', '2016-08-26 03:08:40', 60000, '', '', '', '', '', '', '', '', '2016-08-26 03:08:40', '2017-12-02 00:51:51', b'0', '2016-08-26 03:07:10', 0, '', 0, '', '16', b'1', '915', '', 1, NULL, NULL, NULL, NULL, NULL, NULL, NULL, NULL, NULL, NULL, NULL, NULL, 5, 19, 1, 1, 1, 1, NULL),
(110, '1', '', 15000, 'Aundh', '2017-05-31 14:30:00', '', '', NULL, NULL, '2016-08-26 03:12:39', 60000, '', '', '', '', '', '', '', '', '2016-08-26 03:12:39', NULL, b'0', '2016-08-26 03:10:20', 0, '', 0, '', '13', b'0', '1200', '', 1, 94, NULL, NULL, NULL, NULL, NULL, NULL, NULL, NULL, NULL, NULL, NULL, 5, 19, 9, 1, 1, 1, NULL),
(111, '1', '', 10000, 'Baner', '2017-03-31 14:30:00', '', '', NULL, NULL, '2016-08-26 03:24:37', 40000, '', '', '', '', '', '', '', '', '2016-08-26 03:24:37', NULL, b'0', '2016-08-26 03:20:49', 0, '', 0, '', '29', b'0', '350', '', 1, 95, NULL, NULL, NULL, NULL, NULL, NULL, NULL, NULL, NULL, NULL, NULL, 5, 16, 1, 1, 1, 1, NULL),
(112, '1', 'Zhaypad, Row House No. 5', 30000, 'PAN Card Club Rd', '2016-08-26 03:24:58', '', '', 'Auto', '2016-11-03 02:27:20', '2016-08-26 03:28:01', 100000, '', '', '', '', '', '', '', '', '2016-08-26 03:28:01', '2017-10-03 02:27:20', b'0', '2016-08-26 03:24:58', 0, '', 0, '', '?', b'1', '', '', 1, 96, NULL, NULL, NULL, NULL, NULL, NULL, NULL, NULL, NULL, NULL, NULL, 5, NULL, 1, 1, 3, 1, NULL),
(113, '1', 'B-2, Flat No. 8, Bramha Memories', 22000, 'Bramha Memories', '2016-09-30 14:30:00', '', '', 'Auto', '2016-12-01 00:25:04', '2016-08-26 03:31:59', 75000, '', '', '', '', '', '', '', '', '2016-08-26 03:31:59', '2017-11-01 00:25:04', b'0', '2016-08-26 03:29:21', 0, '', 0, '', '20', b'1', '1100', '', 1, 97, NULL, NULL, NULL, NULL, NULL, NULL, NULL, NULL, NULL, NULL, NULL, 5, 19, 26, 1, 7, 1, NULL),
(114, '1', 'Network Arbana, Near Krishna Medical', 15000, 'Network Arbana', '2016-04-30 14:30:00', '', '', 'Auto', '2016-08-27 00:54:14', '2016-08-26 03:39:23', 60000, '', '5', '', '', '', '', 'Near PAN Card club road', '', '2016-08-26 03:39:23', '2017-07-27 00:54:14', b'1', '2016-08-26 03:32:18', 0, '', 0, '3 BHK also available @ 22000', '?', b'1', '', '', 1, 98, NULL, NULL, NULL, NULL, NULL, NULL, NULL, NULL, NULL, NULL, NULL, 5, 19, 1, 1, 1, 1, NULL),
(115, '1', '', 15000, 'Pashan Sus Rd', '2017-02-28 13:30:00', '', '', NULL, NULL, '2016-08-26 03:41:53', 50000, '', '', '', '', '', '', '', '', '2016-08-26 03:41:53', NULL, b'0', '2016-08-26 03:39:43', 0, '', 0, '', '18', b'0', '825', '', 1, 99, NULL, NULL, NULL, NULL, NULL, NULL, NULL, NULL, NULL, NULL, NULL, 6, 19, 40, 1, 1, 1, NULL),
(116, '1', '', 30000, 'Baner Pashan Link Rd', '2018-03-31 14:30:00', '', '', NULL, NULL, '2016-08-26 03:44:54', 150000, '', '10', '', '', '', '', '', '', '2016-08-26 03:44:54', NULL, b'0', '2016-08-26 03:42:17', 0, '', 0, '', '24', b'0', '1250', '', 1, 100, NULL, NULL, NULL, NULL, NULL, NULL, NULL, NULL, NULL, NULL, NULL, 7, 21, 5, 1, 1, 1, NULL),
(117, '1', 'Near Hotel Sadanand', 17000, 'Baner', '2016-11-30 13:30:00', '', '', 'Auto', '2017-01-29 23:58:01', '2016-08-26 03:53:46', 60000, '', '', '', '', '', '', '', '', '2016-08-26 03:53:46', '2017-12-29 23:58:01', b'0', '2016-08-26 03:45:16', 0, '', 0, '', '15', b'1', '1144', '', 1, 101, NULL, NULL, NULL, NULL, NULL, NULL, NULL, NULL, NULL, NULL, NULL, 5, 19, 1, 1, 1, 1, NULL),
(118, '1', '', 60000, 'Tapovan Society', '2016-03-31 14:30:00', '', '', 'Auto', '2016-08-27 00:54:14', '2016-08-26 03:57:33', 200000, '', '', '', '', '', '', '', '', '2016-08-26 03:57:33', '2017-07-27 00:54:14', b'0', '2016-08-26 03:54:02', 0, '', 0, 'Guest House/ Family/ Office preference', '13', b'1', '4500', '', 1, 102, NULL, NULL, NULL, NULL, NULL, NULL, NULL, NULL, NULL, NULL, NULL, 7, 23, 39, 1, 3, 1, NULL),
(119, '1', '', 12000, 'Kumar Priyadarshan', '2017-01-31 13:30:00', '', '', 'Auto', '2017-04-04 05:08:16', '2016-08-26 04:00:27', 50000, '', '3', '', '', '', '', '', '', '2016-08-26 04:00:27', '2018-03-04 05:08:16', b'0', '2016-08-26 03:57:47', 0, '', 0, '', '20', b'1', '600', '', 1, 103, NULL, NULL, NULL, NULL, NULL, NULL, NULL, NULL, NULL, NULL, NULL, 5, 17, 40, 1, 7, 1, NULL),
(120, '1', '', 15000, 'Bavdhan', '2017-10-31 14:30:00', '', '', NULL, NULL, '2016-08-26 04:05:56', 60000, '', '', '', '', '', '', '', '', '2016-08-26 04:05:56', NULL, b'0', '2016-08-26 04:00:44', 0, '', 0, '', '13', b'0', '1130', '', 1, 104, NULL, NULL, NULL, NULL, NULL, NULL, NULL, NULL, NULL, NULL, NULL, 5, 19, 39, 1, 1, 1, NULL),
(121, '1', '', 20000, 'Krushna Shanti Soceity', '2017-02-28 13:30:00', '2', '2', NULL, NULL, '2016-09-30 02:30:39', 60000, '', '', '', '', '', '', '', '', '2016-09-30 02:30:39', NULL, b'1', '2016-08-26 04:06:11', 0, '', 0, '', '15', b'0', '1357', '', 1, 105, NULL, NULL, NULL, NULL, NULL, NULL, NULL, NULL, NULL, NULL, NULL, 5, 21, 39, 1, 1, 1, 'Close'),
(122, '1', 'back side of sindh society', 20000, 'Aundh', '2016-04-30 14:30:00', '', '', 'Auto', '2016-08-27 00:54:14', '2016-08-26 04:12:37', 60000, '', '', '', '', '', '', 'near hotel pichola,', '', '2016-08-26 04:12:37', '2017-07-27 00:54:14', b'0', '2016-08-26 04:09:00', 0, '', 0, '', '25', b'1', '800', '', 1, 106, NULL, NULL, NULL, NULL, NULL, NULL, NULL, NULL, NULL, NULL, NULL, NULL, 19, 9, 1, 7, 1, NULL),
(123, '1', '', 12000, 'Aundh', '2016-08-26 04:13:32', '', '', 'Auto', '2016-11-03 02:27:20', '2016-08-26 04:15:26', 45000, '', '', '', '', '', '', '', '', '2016-08-26 04:15:26', '2017-10-03 02:27:20', b'0', '2016-08-26 04:13:32', 0, '', 0, '', '13', b'1', '900', '', 1, 107, NULL, NULL, NULL, NULL, NULL, NULL, NULL, NULL, NULL, NULL, NULL, NULL, 17, 9, 1, 7, 1, NULL),
(124, '1', '', 20000, 'Pashan', '2019-12-31 13:30:00', '', '', NULL, NULL, '2016-08-26 04:20:38', 60000, '', '', '', '', '', '', '', '', '2016-08-26 04:20:38', NULL, b'0', '2016-08-26 04:15:55', 0, '', 0, '', '15', b'0', '1350', '', 1, 108, NULL, NULL, NULL, NULL, NULL, NULL, NULL, NULL, NULL, NULL, NULL, NULL, 21, 15, 1, 1, 1, NULL),
(125, '1', 'Srinivas Soceity,', 16000, 'Srinivas Soceity', '2016-05-31 14:30:00', '', '', 'Auto', '2016-08-27 00:54:14', '2016-08-26 04:23:26', 50000, '', '2', '', '', '', '', 'behind Balaji Mandir', '', '2016-08-26 04:23:26', '2017-07-27 00:54:14', b'0', '2016-08-26 04:20:54', 0, '', 0, '', '16', b'1', '1000', '', 1, 109, NULL, NULL, NULL, NULL, NULL, NULL, NULL, NULL, NULL, NULL, NULL, 5, 19, 40, 1, 1, 1, NULL),
(126, '1', '', 16000, 'Baner', '2017-03-31 14:30:00', '', '', NULL, NULL, '2016-08-26 04:24:48', 60000, '', '', '', '', '', '', '', '', '2016-08-26 04:24:48', NULL, b'0', '2016-08-26 04:23:36', 0, '', 0, '', '18', b'0', '900', '', 1, NULL, NULL, NULL, NULL, NULL, NULL, NULL, NULL, NULL, NULL, NULL, NULL, NULL, 19, 1, 1, 1, 1, NULL),
(127, '1', '', 0, 'Bavdhan', '2016-08-26 04:25:20', '', '', 'Auto', '2016-11-03 02:27:20', '2016-08-26 04:26:44', 0, '', '', '', '', '', '', '', '', '2016-08-26 04:26:44', '2017-10-03 02:27:20', b'0', '2016-08-26 04:25:20', 0, '', 0, '', '0', b'1', '1500', '', 1, 110, NULL, NULL, NULL, NULL, NULL, NULL, NULL, NULL, NULL, NULL, NULL, NULL, 21, 39, 1, 1, 1, NULL),
(128, '1', '', 12500, 'Laxmi Dham', '2016-05-31 14:30:00', '', '', 'Auto', '2016-08-27 00:54:14', '2016-08-26 04:29:06', 50000, '', '', '', '', '', '', '', '', '2016-08-26 04:29:06', '2017-07-27 00:54:14', b'0', '2016-08-26 04:26:55', 0, '', 0, '', '14', b'1', '900', '', 1, 111, NULL, NULL, NULL, NULL, NULL, NULL, NULL, NULL, NULL, NULL, NULL, 6, 19, 15, 1, 7, 1, NULL),
(129, '1', 'Network Arbana, Near Krishna Medical', 22000, 'Network Arbana', '2016-04-30 14:30:00', '', '', 'Auto', '2016-08-27 03:56:15', '2016-08-27 02:23:11', 110000, '', '1', '', '', '', '', '', '', '2016-08-27 02:23:11', '2017-07-27 03:56:15', b'0', '2016-08-27 02:15:47', 0, '', 0, '', '?', b'1', '', '', 1, 98, NULL, NULL, NULL, NULL, NULL, NULL, NULL, NULL, NULL, NULL, NULL, 5, 21, 1, 1, 1, 1, NULL);
INSERT INTO `property` (`PROPERTYID`, `ACTIVE`, `ADDRESS`, `AMOUNT`, `APT`, `AVAILABLEFROM`, `BALCONY`, `BATHROOM`, `CLOSEBY`, `CLOSEDATE`, `CREATEDDATE`, `DEPOSIT`, `FLATNO`, `FLOORNO`, `KEYADDRESS`, `KEYAVAILABILITY`, `KEYMOBILE`, `KEYNAME`, `LANDMARK`, `LEASEPERIOD`, `MODIFYDDATE`, `NEXTAVAILABLEDATE`, `PARKING`, `POSTEDON`, `PREVID`, `PROPERTYAGE`, `RECORDORDER`, `REMARK`, `SQFEETRATE`, `STATUS`, `TOTALAREA`, `TOTALFLOORNO`, `CITYID`, `CUSTOMERID`, `IMAGE1`, `IMAGE10`, `IMAGE2`, `IMAGE3`, `IMAGE4`, `IMAGE5`, `IMAGE6`, `IMAGE7`, `IMAGE8`, `IMAGE9`, `PROPERTYFACINGID`, `PROPERTYFURNISHEDID`, `PROPERTYLBEDROOMSID`, `PROPERTYLOCALITYID`, `PROPERTYTOBEID`, `PROPERTYTYPEID`, `USERID`, `PARKiNGTYPE`) VALUES
(130, '1', 'Laxmi Dham, Sutarwadi road', 12500, 'Laxmi Dham', '2016-05-31 14:30:00', '', '', 'Auto', '2016-08-27 03:56:15', '2016-08-27 03:06:57', 50000, '', '', '', '', '', '', '', '', '2016-08-27 03:06:57', '2017-07-27 03:56:15', b'0', '2016-08-27 03:04:19', 0, '', 0, '', '14', b'1', '900', '', 1, 111, NULL, NULL, NULL, NULL, NULL, NULL, NULL, NULL, NULL, NULL, NULL, 6, 19, 15, 1, 7, 1, NULL),
(131, '1', '', 0, 'Aundh', '2016-08-27 03:07:17', '', '', 'Auto', '2016-11-03 02:27:20', '2016-08-27 03:08:55', 0, '', '', '', '', '', '', '', '', '2016-08-27 03:08:55', '2017-10-03 02:27:20', b'0', '2016-08-27 03:07:17', 0, '', 0, '', '0', b'1', '1000', '', 1, 112, NULL, NULL, NULL, NULL, NULL, NULL, NULL, NULL, NULL, NULL, NULL, NULL, 19, 9, 1, 1, 1, NULL),
(132, '1', '', 0, 'Bavdhan', '2017-03-31 14:30:00', '', '', NULL, NULL, '2016-09-02 10:44:29', 0, '', '', '', '', '', '', '', '', '2016-09-02 10:44:29', NULL, b'0', '2016-08-27 03:16:52', 0, '', 0, '', '0', b'0', '960', '', 1, 113, NULL, NULL, NULL, NULL, NULL, NULL, NULL, NULL, NULL, NULL, NULL, NULL, 19, 39, 1, 1, 1, NULL),
(133, '0', 'B-10, sakal nagar', 20000, 'Aundh', '2016-09-27 01:50:56', '1', '2', 'Auto', '2016-11-29 00:12:03', '2016-09-27 01:56:53', 60000, '', '2', '', '', '', '', 'd-mart', '11', '2016-09-27 01:56:53', '2017-10-29 00:12:03', b'1', '2016-09-27 01:50:56', 0, '2016', 0, '', '24', b'1', '850', '4', 1, 116, NULL, NULL, NULL, NULL, NULL, NULL, NULL, NULL, NULL, NULL, 1, 6, 19, 9, 1, 1, 1, 'Close'),
(134, '1', '', 14000, 'Balewadi', '2016-09-29 04:00:26', '2', '2', 'Auto', '2016-11-29 00:12:03', '2016-09-29 04:05:12', 50000, '', '', '', '', '', '', '', '11', '2016-09-29 04:05:12', '2017-10-29 00:12:03', b'1', '2016-09-29 04:00:26', 0, '', 0, '', '12', b'1', '1155', '', 1, 117, NULL, NULL, NULL, NULL, NULL, NULL, NULL, NULL, NULL, NULL, NULL, 5, 19, 7, 1, 1, 1, NULL),
(135, '1', '', 20000, 'Baner', '2016-09-29 04:07:42', '', '', 'Auto', '2016-11-29 00:12:03', '2016-09-29 04:13:36', 75000, '', '', '', '', '', '', '', '', '2016-09-29 04:13:36', '2017-10-29 00:12:03', b'1', '2016-09-29 04:07:42', 0, '', 0, '', '13', b'1', '1500', '', 1, 118, NULL, NULL, NULL, NULL, NULL, NULL, NULL, NULL, NULL, NULL, NULL, 5, 21, 1, 1, 1, 1, NULL),
(136, '1', '', 15000, 'Pashan Sus Rd', '2016-09-30 01:41:17', '2', '2', 'Auto', '2016-12-01 00:25:04', '2016-09-30 01:44:32', 50000, '', '', '', '', '', '', 'pashan sus road', '', '2016-09-30 01:44:32', '2017-11-01 00:25:04', b'1', '2016-09-30 01:41:17', 0, '', 0, '', '16', b'1', '955', '', 1, 120, NULL, NULL, NULL, NULL, NULL, NULL, NULL, NULL, NULL, NULL, NULL, 5, 19, 40, 1, 1, 1, NULL),
(137, '1', '', 16000, 'Kimaya', '2016-09-30 01:44:44', '2', '2', 'Auto', '2016-12-01 00:25:04', '2016-09-30 01:52:04', 50000, '', '', '', '', '', '', 'near comfort zone', '', '2016-09-30 01:52:04', '2017-11-01 00:25:04', b'1', '2016-09-30 01:44:44', 0, '', 0, '', '16', b'1', '1000', '', 1, 123, NULL, NULL, NULL, NULL, NULL, NULL, NULL, NULL, NULL, NULL, NULL, 5, 19, 7, 1, 1, 1, NULL),
(138, '1', '', 18000, 'Baner', '2016-09-30 01:52:33', '2', '2', 'Auto', '2016-12-01 00:25:04', '2016-09-30 01:59:58', 60000, '', '', '', '', '', '', '', '11', '2016-09-30 01:59:58', '2017-11-01 00:25:04', b'1', '2016-09-30 01:52:33', 0, '', 0, '', '19', b'1', '925', '', 1, 124, NULL, NULL, NULL, NULL, NULL, NULL, NULL, NULL, NULL, NULL, NULL, 5, 19, 1, 1, 1, 1, NULL),
(139, '1', '', 12000, 'Baner', '2016-09-30 01:55:26', '1', '1', 'Auto', '2016-12-01 00:25:04', '2016-09-30 01:57:13', 40000, '', '', '', '', '', '', '', '', '2016-09-30 01:57:13', '2017-11-01 00:25:04', b'1', '2016-09-30 01:55:26', 0, '', 0, '', '15', b'1', '800', '', 1, 125, NULL, NULL, NULL, NULL, NULL, NULL, NULL, NULL, NULL, NULL, NULL, 5, 17, 1, 1, 1, 1, NULL),
(140, '1', '', 18000, 'Aundh', '2016-09-30 02:04:01', '1', '1', 'Auto', '2016-12-01 00:25:04', '2016-09-30 02:07:37', 50000, '', '', '', '', '', '', '', '11', '2016-09-30 02:07:37', '2017-11-01 00:25:04', b'1', '2016-09-30 02:04:01', 0, '', 0, '', '26', b'1', '700', '', 1, 126, NULL, NULL, NULL, NULL, NULL, NULL, NULL, NULL, NULL, NULL, NULL, 5, 19, 9, 1, 1, 1, NULL),
(141, '1', '', 20000, 'Baner', '2016-09-30 02:07:56', '2', '2', 'Auto', '2016-12-01 00:25:04', '2016-09-30 02:09:49', 60000, '', '', '', '', '', '', '', '11', '2016-09-30 02:09:49', '2017-11-01 00:25:04', b'1', '2016-09-30 02:07:56', 0, '', 0, '', '18', b'1', '1120', '', 1, 127, NULL, NULL, NULL, NULL, NULL, NULL, NULL, NULL, NULL, NULL, NULL, 5, 19, 1, 1, 1, 1, 'Close'),
(142, '1', '', 12000, 'hinjewadi', '2016-09-30 02:10:09', '1', '1', 'Auto', '2016-12-01 00:25:04', '2016-09-30 02:13:36', 40000, '', '', '', '', '', '', '', '36', '2016-09-30 02:13:36', '2019-12-01 00:25:04', b'1', '2016-09-30 02:10:09', 0, '', 0, '', '18', b'1', '650', '', 1, 128, NULL, NULL, NULL, NULL, NULL, NULL, NULL, NULL, NULL, NULL, NULL, 5, 17, 2, 1, 1, 1, NULL),
(143, '1', '', 15000, 'Baner', '2016-09-30 02:14:28', '2', '2', 'Auto', '2016-12-01 00:25:04', '2016-09-30 02:16:55', 60000, '', '', '', '', '', '', '', '11', '2016-09-30 02:16:55', '2017-11-01 00:25:04', b'1', '2016-09-30 02:14:28', 0, '', 0, '', '17', b'1', '880', '', 1, 129, NULL, NULL, NULL, NULL, NULL, NULL, NULL, NULL, NULL, NULL, NULL, 5, 19, 1, 1, 1, 1, NULL),
(144, '1', '', 20000, 'Galore park', '2016-09-30 02:17:18', '2', '2', 'Auto', '2016-12-01 00:25:04', '2016-09-30 02:20:09', 75000, '', '5', '', '', '', '', '', '', '2016-09-30 02:20:09', '2017-11-01 00:25:04', b'1', '2016-09-30 02:17:18', 0, '', 0, '', '19', b'1', '1050', '', 1, 130, NULL, NULL, NULL, NULL, NULL, NULL, NULL, NULL, NULL, NULL, NULL, 7, 19, 39, 1, 7, 1, NULL),
(145, '1', '', 15000, 'Pashan', '2016-09-30 02:40:50', '2', '2', 'Auto', '2016-12-01 00:25:04', '2016-09-30 02:43:21', 50000, '', '', '', '', '', '', '', '36', '2016-09-30 02:43:21', '2019-12-01 00:25:04', b'1', '2016-09-30 02:40:50', 0, '', 0, '', '18', b'1', '850', '', 1, 131, NULL, NULL, NULL, NULL, NULL, NULL, NULL, NULL, NULL, NULL, NULL, 5, 19, 15, 1, 1, 1, 'Close'),
(146, '1', '', 15000, 'Balewadi', '2016-09-30 02:44:57', '2', '2', 'Auto', '2016-12-01 00:25:04', '2016-09-30 02:48:48', 50000, '', '', '', '', '', '', '', '11', '2016-09-30 02:48:48', '2017-11-01 00:25:04', b'1', '2016-09-30 02:44:57', 0, '', 0, '', '15', b'1', '975', '', 1, 134, NULL, NULL, NULL, NULL, NULL, NULL, NULL, NULL, NULL, NULL, NULL, 5, 19, 7, 1, 1, 1, 'Close'),
(147, '1', '', 18000, 'Baner', '2016-09-30 02:48:58', '2', '2', 'Auto', '2016-12-01 00:25:04', '2016-09-30 02:53:05', 60000, '', '', '', '', '', '', '', '11', '2016-09-30 02:53:05', '2017-11-01 00:25:04', b'1', '2016-09-30 02:48:58', 0, '', 0, '', '17', b'1', '1050', '', 1, 136, NULL, NULL, NULL, NULL, NULL, NULL, NULL, NULL, NULL, NULL, NULL, 5, 19, 1, 1, 1, 1, 'Close'),
(148, '1', '', 15000, 'Bavdhan', '2016-09-30 02:57:01', '2', '2', 'Auto', '2016-12-01 00:25:04', '2016-09-30 03:04:11', 50000, '', '', '', '', '', '', '', '11', '2016-09-30 03:04:11', '2017-11-01 00:25:04', b'1', '2016-09-30 02:57:01', 0, '', 0, '', '10', b'1', '1465', '', 1, 137, NULL, NULL, NULL, NULL, NULL, NULL, NULL, NULL, NULL, NULL, NULL, 5, 21, 39, 1, 1, 1, 'Close'),
(149, '1', '', 13000, 'Pashan Sus Rd', '2016-09-30 03:04:27', '2', '2', 'Auto', '2016-12-01 00:25:04', '2016-09-30 03:07:04', 45000, '', '', '', '', '', '', '', '11', '2016-09-30 03:07:04', '2017-11-01 00:25:04', b'1', '2016-09-30 03:04:27', 0, '', 0, '', '13', b'1', '980', '', 1, 138, NULL, NULL, NULL, NULL, NULL, NULL, NULL, NULL, NULL, NULL, NULL, 5, 19, 40, 1, 1, 1, 'Open'),
(150, '1', '', 11500, 'Bavdhan', '2016-09-30 03:07:20', '1', '1', 'Auto', '2016-12-01 00:25:04', '2016-09-30 03:10:55', 35000, '', '', '', '', '', '', '', '11', '2016-09-30 03:10:55', '2017-11-01 00:25:04', b'1', '2016-09-30 03:07:20', 0, '', 0, '', '21', b'1', '550', '', 1, 139, NULL, NULL, NULL, NULL, NULL, NULL, NULL, NULL, NULL, NULL, NULL, 5, 17, 39, 1, 1, 1, 'Open'),
(151, '1', '', 15000, 'Bavdhan', '2016-09-30 03:11:14', '2', '2', 'Auto', '2016-12-01 00:25:04', '2016-09-30 03:14:40', 50000, '', '', '', '', '', '', '', '24', '2016-09-30 03:14:40', '2018-12-01 00:25:04', b'1', '2016-09-30 03:11:14', 0, '', 0, '', '12', b'1', '1300', '', 1, 140, NULL, NULL, NULL, NULL, NULL, NULL, NULL, NULL, NULL, NULL, NULL, 5, 19, 39, 1, 1, 1, 'Close'),
(152, '1', '', 20000, 'Aundh', '2016-09-30 03:14:55', '2', '2', 'Auto', '2016-12-01 00:25:04', '2016-09-30 03:18:29', 80000, '', '', '', '', '', '', '', '36', '2016-09-30 03:18:29', '2019-12-01 00:25:04', b'1', '2016-09-30 03:14:55', 0, '', 0, '', '20', b'1', '1000', '', 1, 141, NULL, NULL, NULL, NULL, NULL, NULL, NULL, NULL, NULL, NULL, NULL, 5, 19, 9, 1, 1, 1, 'Open'),
(153, '1', '', 18000, 'Baner', '2016-09-30 03:18:51', '2', '2', 'Auto', '2016-12-01 00:25:04', '2016-09-30 03:21:14', 70000, '', '', '', '', '', '', '', '11', '2016-09-30 03:21:14', '2017-11-01 00:25:04', b'1', '2016-09-30 03:18:51', 0, '', 0, '', '20', b'1', '900', '', 1, 142, NULL, NULL, NULL, NULL, NULL, NULL, NULL, NULL, NULL, NULL, NULL, 5, 19, 1, 1, 1, 1, 'Close'),
(154, '1', '', 18000, 'Aundh', '2016-09-30 03:21:29', '2', '2', 'Auto', '2016-12-01 00:25:04', '2016-09-30 03:25:04', 60000, '', '', '', '', '', '', '', '', '2016-09-30 03:25:04', '2017-11-01 00:25:04', b'1', '2016-09-30 03:21:29', 0, '', 0, '', '20', b'1', '900', '', 1, 143, NULL, NULL, NULL, NULL, NULL, NULL, NULL, NULL, NULL, NULL, NULL, 5, 19, 9, 1, 1, 1, 'Open'),
(155, '1', '', 14000, 'Baner Pashan Link Rd', '2016-09-30 03:26:39', '2', '2', 'Auto', '2016-12-01 00:25:04', '2016-09-30 03:28:50', 50000, '', '', '', '', '', '', '', '11', '2016-09-30 03:28:50', '2017-11-01 00:25:04', b'1', '2016-09-30 03:26:39', 0, '', 0, '', '13', b'1', '1096', '', 1, 144, NULL, NULL, NULL, NULL, NULL, NULL, NULL, NULL, NULL, NULL, NULL, 5, 19, 5, 1, 1, 1, 'Open'),
(156, '1', '', 13000, 'Pashan', '2016-09-30 03:28:55', '2', '2', 'Auto', '2016-12-01 00:25:04', '2016-09-30 03:32:45', 50000, '', '', '', '', '', '', '', '', '2016-09-30 03:32:45', '2017-11-01 00:25:04', b'1', '2016-09-30 03:28:55', 0, '', 0, '', '11', b'1', '1200', '', 1, 145, NULL, NULL, NULL, NULL, NULL, NULL, NULL, NULL, NULL, NULL, NULL, 5, 19, 15, 1, 1, 1, 'Open'),
(157, '1', '', 13000, 'Balewadi', '2016-09-30 03:32:55', '2', '2', 'Auto', '2016-12-01 00:25:04', '2016-09-30 03:34:56', 50000, '', '', '', '', '', '', '', '11', '2016-09-30 03:34:56', '2017-11-01 00:25:04', b'1', '2016-09-30 03:32:55', 0, '', 0, '', '12', b'1', '1100', '', 1, 146, NULL, NULL, NULL, NULL, NULL, NULL, NULL, NULL, NULL, NULL, NULL, 5, 19, 7, 1, 1, 1, 'Close'),
(158, '1', '', 15000, 'Pashan Sus Rd', '2016-09-30 03:35:21', '2', '2', 'Auto', '2016-12-01 00:25:04', '2016-09-30 03:39:12', 90000, '', 'Ground', '', '', '', '', '', '', '2016-09-30 03:39:12', '2017-11-01 00:25:04', b'1', '2016-09-30 03:35:21', 0, '', 0, '', '14', b'1', '1080', '', 1, 147, NULL, NULL, NULL, NULL, NULL, NULL, NULL, NULL, NULL, NULL, NULL, 6, 21, 40, 1, 7, 1, NULL),
(159, '1', '', 25000, 'Prizm Society', '2016-09-30 03:48:00', '2', '2', 'Auto', '2016-12-01 00:25:04', '2016-09-30 03:53:24', 150000, '', '', '', '', '', '', '', '', '2016-09-30 03:53:24', '2017-11-01 00:25:04', b'1', '2016-09-30 03:48:00', 0, '', 0, '', '15', b'1', '1700', '', 1, 148, NULL, NULL, NULL, NULL, NULL, NULL, NULL, NULL, NULL, NULL, NULL, 6, 21, 9, 1, 7, 1, 'Close'),
(160, '1', 'A-404, Vrindavan Soceity,', 30000, 'Model Colony', '2016-09-30 03:54:05', '1', '2', 'Auto', '2016-12-01 00:25:04', '2016-09-30 04:01:34', 200000, '', '', '', '', '', '', 'near DSK Toyota showroom,', '', '2016-09-30 04:01:34', '2017-11-01 00:25:04', b'1', '2016-09-30 03:54:05', 0, '', 0, '', '25', b'1', '1200', '', 1, 149, NULL, NULL, NULL, NULL, NULL, NULL, NULL, NULL, NULL, NULL, NULL, 7, 19, 25, 1, 7, 1, 'Open'),
(161, '1', '', 25000, 'Aundh', '2016-09-30 04:02:00', '', '', 'Auto', '2016-12-01 00:25:04', '2016-09-30 04:06:31', 100000, '', '', '', '', '', '', '', '', '2016-09-30 04:06:31', '2017-11-01 00:25:04', b'1', '2016-09-30 04:02:00', 0, '', 0, '', '10', b'1', '2400', '', 1, 150, NULL, NULL, NULL, NULL, NULL, NULL, NULL, NULL, NULL, NULL, NULL, 6, 21, 9, 1, 7, 1, 'Close'),
(162, '1', 'trimurti nagar, bunglow no.5, new d.p.road', 6000, 'trimurti nagar', '2016-09-30 04:06:46', '', '', 'Auto', '2016-12-01 00:25:04', '2016-09-30 04:10:02', 20000, '', '', '', '', '', '', '', '', '2016-09-30 04:10:02', '2017-11-01 00:25:04', b'1', '2016-09-30 04:06:46', 0, '', 0, '', '10', b'1', '575', '', 1, 151, NULL, NULL, NULL, NULL, NULL, NULL, NULL, NULL, NULL, NULL, NULL, 6, 16, 9, 1, 6, 1, NULL),
(163, '1', '', 22000, 'Baner', '2016-09-30 04:10:18', '2', '2', 'Auto', '2016-12-01 00:25:04', '2016-09-30 04:12:41', 80000, '', '', '', '', '', '', '', '11', '2016-09-30 04:12:41', '2017-11-01 00:25:04', b'1', '2016-09-30 04:10:18', 0, '', 0, '', '13', b'1', '1700', '', 1, 152, NULL, NULL, NULL, NULL, NULL, NULL, NULL, NULL, NULL, NULL, NULL, 6, 21, 1, 1, 1, 1, 'Close'),
(164, '1', '', 20000, 'Baner', '2016-09-30 04:12:53', '2', '2', 'Auto', '2016-12-01 00:25:04', '2016-09-30 04:15:36', 80000, '', '', '', '', '', '', '', '', '2016-09-30 04:15:36', '2017-11-01 00:25:04', b'1', '2016-09-30 04:12:53', 0, '', 0, '', '19', b'1', '1050', '', 1, 153, NULL, NULL, NULL, NULL, NULL, NULL, NULL, NULL, NULL, NULL, NULL, NULL, 19, 1, 1, 1, 1, 'Close'),
(165, '1', '', 15000, 'Baner Pashan Link Rd', '2016-09-30 04:15:51', '2', '2', 'Auto', '2016-12-01 00:25:04', '2016-09-30 04:18:22', 60000, '', '', '', '', '', '', '', '11', '2016-09-30 04:18:22', '2017-11-01 00:25:04', b'1', '2016-09-30 04:15:51', 0, '', 0, '', '14', b'1', '1100', '', 1, 154, NULL, NULL, NULL, NULL, NULL, NULL, NULL, NULL, NULL, NULL, NULL, NULL, 19, 5, 1, 1, 1, 'Open'),
(166, '1', '', 18000, 'Baner', '2016-09-30 04:19:01', '2', '2', 'Auto', '2016-12-01 00:25:04', '2016-09-30 04:28:05', 60000, '', '', '', '', '', '', '', '', '2016-09-30 04:28:05', '2017-11-01 00:25:04', b'1', '2016-09-30 04:19:01', 0, '', 0, '', '15', b'1', '1200', '', 1, 157, NULL, NULL, NULL, NULL, NULL, NULL, NULL, NULL, NULL, NULL, NULL, NULL, 19, 1, 1, 1, 1, 'Close'),
(167, '1', '', 16500, 'Kumar Shantiniketan', '2016-09-30 04:28:15', '2', '2', 'Auto', '2016-12-01 00:25:04', '2016-09-30 04:30:12', 75000, '', '', '', '', '', '', '', '', '2016-09-30 04:30:12', '2017-11-01 00:25:04', b'1', '2016-09-30 04:28:15', 0, '', 0, '', '17', b'1', '1000', '', 1, 158, NULL, NULL, NULL, NULL, NULL, NULL, NULL, NULL, NULL, NULL, NULL, 6, 19, 15, 1, 7, 1, 'Close'),
(168, '1', '', 20000, 'Baner Pashan Link Rd', '2016-10-05 01:19:00', '2', '2', 'Auto', '2016-12-05 00:19:50', '2016-10-05 01:25:15', 60000, '', '', '', '', '', '', '', '', '2016-10-05 01:25:15', '2017-11-05 00:19:50', b'1', '2016-10-05 01:19:00', 0, '', 0, '', '13', b'1', '1600', '', 1, 159, NULL, NULL, NULL, NULL, NULL, NULL, NULL, NULL, NULL, NULL, NULL, 5, 21, 5, 1, 1, 1, 'Close'),
(169, '1', '', 15000, 'Aundh', '2016-10-05 01:25:26', '', '', 'Auto', '2016-12-05 00:19:52', '2016-10-05 01:32:40', 60000, '', '', '', '', '', '', '', '', '2016-10-05 01:32:40', '2017-11-05 00:19:52', b'1', '2016-10-05 01:25:26', 0, '', 0, '', '15', b'1', '1000', '', 1, 160, NULL, NULL, NULL, NULL, NULL, NULL, NULL, NULL, NULL, NULL, NULL, 5, 19, 9, 1, 1, 1, NULL),
(170, '1', '', 20000, 'Pashan', '2016-10-05 01:56:57', '2', '2', 'Auto', '2016-12-05 00:19:52', '2016-10-05 01:58:57', 65000, '', '', '', '', '', '', '', '', '2016-10-05 01:58:57', '2017-11-05 00:19:52', b'1', '2016-10-05 01:56:57', 0, '', 0, '', '10', b'1', '2000', '', 1, 161, NULL, NULL, NULL, NULL, NULL, NULL, NULL, NULL, NULL, NULL, NULL, 5, 21, 15, 1, 1, 1, NULL),
(171, '1', '', 16000, 'Balewadi', '2016-10-05 01:59:05', '2', '2', 'Auto', '2016-12-05 00:19:52', '2016-10-05 02:01:08', 50000, '', '', '', '', '', '', '', '', '2016-10-05 02:01:08', '2017-11-05 00:19:52', b'1', '2016-10-05 01:59:05', 0, '', 0, '', '16', b'1', '1000', '', 1, 162, NULL, NULL, NULL, NULL, NULL, NULL, NULL, NULL, NULL, NULL, NULL, 5, 19, 7, 1, 1, 1, NULL),
(172, '1', '', 12000, 'Aundh', '2016-10-05 02:01:23', '', '', 'Auto', '2016-12-05 00:19:52', '2016-10-05 02:21:50', 40000, '', '', '', '', '', '', '', '', '2016-10-05 02:21:50', '2017-11-05 00:19:52', b'1', '2016-10-05 02:01:23', 0, '', 0, '', '18', b'1', '650', '', 1, 163, NULL, NULL, NULL, NULL, NULL, NULL, NULL, NULL, NULL, NULL, NULL, 5, 17, 9, 1, 1, 1, NULL),
(173, '1', '', 12000, 'Pashan Sus Rd', '2016-10-05 02:22:01', '', '', 'Auto', '2016-12-05 00:19:52', '2016-10-05 02:25:03', 40000, '', '', '', '', '', '', '', '', '2016-10-05 02:25:03', '2017-11-05 00:19:52', b'1', '2016-10-05 02:22:01', 0, '', 0, '', '22', b'1', '558', '', 1, 164, NULL, NULL, NULL, NULL, NULL, NULL, NULL, NULL, NULL, NULL, NULL, 5, 19, 40, 1, 1, 1, NULL),
(174, '1', '', 12000, 'Bavdhan', '2016-10-05 02:25:11', '', '', 'Auto', '2016-12-05 00:19:52', '2016-10-05 02:52:56', 40000, '', '', '', '', '', '', '', '', '2016-10-05 02:52:56', '2017-11-05 00:19:52', b'1', '2016-10-05 02:25:11', 0, '', 0, '', '14', b'1', '850', '', 1, 165, NULL, NULL, NULL, NULL, NULL, NULL, NULL, NULL, NULL, NULL, NULL, 5, 19, 39, 1, 1, 1, NULL),
(175, '1', '', 12000, 'Pashan Sus Rd', '2016-10-05 02:53:01', '1', '', 'Auto', '2016-12-05 00:19:52', '2016-10-05 02:57:31', 40000, '', '', '', '', '', '', '', '', '2016-10-05 02:57:31', '2017-11-05 00:19:52', b'1', '2016-10-05 02:53:01', 0, '', 0, '', '14', b'1', '850', '', 1, 166, NULL, NULL, NULL, NULL, NULL, NULL, NULL, NULL, NULL, NULL, NULL, 5, 19, 40, 1, 1, 1, NULL),
(176, '1', '', 15000, 'Balewadi', '2016-10-05 02:58:34', '', '', 'Auto', '2016-12-05 00:19:52', '2016-10-05 03:42:35', 50000, '', '', '', '', '', '', '', '', '2016-10-05 03:42:35', '2017-11-05 00:19:52', b'1', '2016-10-05 02:58:34', 0, '', 0, '', '15', b'1', '1000', '', 1, 167, NULL, NULL, NULL, NULL, NULL, NULL, NULL, NULL, NULL, NULL, NULL, 5, 19, 7, 1, 1, 1, NULL),
(177, '1', '', 10000, 'Balewadi', '2016-10-05 03:42:42', '', '', 'Auto', '2016-12-05 00:19:52', '2016-10-05 03:44:41', 40000, '', '', '', '', '', '', '', '', '2016-10-05 03:44:41', '2017-11-05 00:19:52', b'0', '2016-10-05 03:42:42', 0, '', 0, '', '15', b'1', '650', '', 1, 168, NULL, NULL, NULL, NULL, NULL, NULL, NULL, NULL, NULL, NULL, NULL, 5, 17, 7, 1, 1, 1, NULL),
(178, '1', '', 20000, 'Balewadi', '2016-10-05 03:44:49', '2', '2', 'Auto', '2016-12-05 00:19:52', '2016-10-05 03:46:35', 60000, '', '', '', '', '', '', '', '', '2016-10-05 03:46:35', '2017-11-05 00:19:52', b'1', '2016-10-05 03:44:49', 0, '', 0, '', '10', b'1', '2000', '', 1, 169, NULL, NULL, NULL, NULL, NULL, NULL, NULL, NULL, NULL, NULL, NULL, 5, 21, 7, 1, 1, 1, NULL),
(179, '1', '', 18000, 'Balewadi', '2016-10-05 03:46:41', '2', '2', 'Auto', '2016-12-05 00:19:52', '2016-10-05 03:48:53', 60000, '', '', '', '', '', '', '', '', '2016-10-05 03:48:53', '2017-11-05 00:19:52', b'1', '2016-10-05 03:46:41', 0, '', 0, '', '12', b'1', '1500', '', 1, 170, NULL, NULL, NULL, NULL, NULL, NULL, NULL, NULL, NULL, NULL, NULL, 5, 21, 7, 1, 1, 1, NULL),
(180, '1', '', 18000, 'Baner', '2016-10-05 03:48:59', '2', '2', 'Auto', '2016-12-05 00:19:52', '2016-10-05 03:50:36', 50000, '', '', '', '', '', '', '', '', '2016-10-05 03:50:36', '2017-11-05 00:19:52', b'1', '2016-10-05 03:48:59', 0, '', 0, '', '14', b'1', '1283', '', 1, 171, NULL, NULL, NULL, NULL, NULL, NULL, NULL, NULL, NULL, NULL, NULL, 5, 19, 1, 1, 1, 1, NULL),
(181, '1', '', 15000, 'Pashan Sus Rd', '2016-10-05 03:52:12', '2', '2', 'Auto', '2016-12-05 00:19:52', '2016-10-05 03:54:03', 40000, '', '', '', '', '', '', '', '', '2016-10-05 03:54:03', '2017-11-05 00:19:52', b'1', '2016-10-05 03:52:12', 0, '', 0, '', '13', b'1', '1200', '', 1, 172, NULL, NULL, NULL, NULL, NULL, NULL, NULL, NULL, NULL, NULL, NULL, 5, 19, 40, 1, 1, 1, NULL),
(182, '1', '', 18000, 'Aundh', '2016-10-05 03:55:18', '2', '2', 'Auto', '2016-12-05 00:19:52', '2016-10-05 03:58:57', 50000, '', '5', '', '', '', '', '', '', '2016-10-05 03:58:57', '2017-11-05 00:19:52', b'1', '2016-10-05 03:55:18', 0, '', 0, '', '17', b'1', '1090', '', 1, 173, NULL, NULL, NULL, NULL, NULL, NULL, NULL, NULL, NULL, NULL, NULL, 5, 19, 9, 1, 1, 1, NULL),
(183, '1', 'D-904, Perl,', 16000, 'Pearl', '2016-10-05 03:59:18', '2', '2', 'Auto', '2016-12-05 00:19:52', '2016-10-05 04:02:14', 60000, '', 'top floor', '', '', '', '', 'near MITCON', '', '2016-10-05 04:02:14', '2017-11-05 00:19:52', b'1', '2016-10-05 03:59:18', 0, '', 0, '', '11', b'1', '1500', '', 1, 174, NULL, NULL, NULL, NULL, NULL, NULL, NULL, NULL, NULL, NULL, NULL, 6, 21, 7, 1, 7, 1, NULL),
(184, '1', '', 7000, 'Aundh', '2016-10-05 04:02:23', '', '', 'Auto', '2016-12-05 00:19:52', '2016-10-05 04:04:02', 25000, '', '', '', '', '', '', '', '', '2016-10-05 04:04:02', '2017-11-05 00:19:52', b'1', '2016-10-05 04:02:23', 0, '', 0, '', '24', b'1', '289', '', 1, 175, NULL, NULL, NULL, NULL, NULL, NULL, NULL, NULL, NULL, NULL, NULL, 5, 16, 9, 1, 1, 1, NULL),
(185, '1', 'Niyatis,', 18000, 'niyatis', '2016-10-05 04:04:10', '2', '2', 'Auto', '2016-12-05 00:19:52', '2016-10-05 04:08:29', 50000, '', '', '', '', '', '', 'Behind Crystal Honda showroom', '', '2016-10-05 04:08:29', '2017-11-05 00:19:52', b'1', '2016-10-05 04:04:10', 0, '', 0, '', '11', b'1', '1600', '', 1, 176, NULL, NULL, NULL, NULL, NULL, NULL, NULL, NULL, NULL, NULL, NULL, 6, 21, 39, 1, 1, 1, NULL),
(186, '1', '', 20000, 'Balewadi', '2016-10-05 04:08:32', '', '', 'Auto', '2016-12-05 00:19:52', '2016-10-05 04:11:02', 60000, '', '', '', '', '', '', '', '', '2016-10-05 04:11:02', '2017-11-05 00:19:52', b'1', '2016-10-05 04:08:32', 0, '', 0, '', '13', b'1', '1500', '', 1, 177, NULL, NULL, NULL, NULL, NULL, NULL, NULL, NULL, NULL, NULL, NULL, 5, 21, 7, 1, 1, 1, NULL),
(187, '1', '', 15000, 'Pashan Sus Rd', '2016-10-05 04:11:06', '', '', 'Auto', '2016-12-05 00:19:52', '2016-10-05 04:15:24', 50000, '', '', '', '', '', '', '', '', '2016-10-05 04:15:24', '2017-11-05 00:19:52', b'1', '2016-10-05 04:11:06', 0, '', 0, '', '16', b'1', '930', '', 1, 178, NULL, NULL, NULL, NULL, NULL, NULL, NULL, NULL, NULL, NULL, NULL, 5, 19, 40, 1, 1, 1, NULL),
(188, '1', '', 18000, 'Baner', '2016-10-06 02:21:25', '', '', 'Auto', '2016-12-05 23:51:27', '2016-10-06 02:23:40', 60000, '', '', '', '', '', '', 'near sadanand', '', '2016-10-06 02:23:40', '2017-11-05 23:51:27', b'1', '2016-10-06 02:21:25', 0, '', 0, '', '15', b'1', '1200', '', 1, 179, NULL, NULL, NULL, NULL, NULL, NULL, NULL, NULL, NULL, NULL, NULL, 5, 19, 1, 1, 1, 1, NULL),
(189, '1', '', 11500, 'Aundh', '2016-10-06 02:23:49', '', '', 'Auto', '2016-12-05 23:51:27', '2016-10-06 02:26:51', 40000, '', 'ground', '', '', '', '', 'Kolkar Lane', '', '2016-10-06 02:26:51', '2017-11-05 23:51:27', b'1', '2016-10-06 02:23:49', 0, '', 0, '', NULL, b'1', '', '', 1, 180, NULL, NULL, NULL, NULL, NULL, NULL, NULL, NULL, NULL, NULL, NULL, 6, 17, 9, 1, 1, 1, NULL),
(190, '1', '', 20000, 'Bavdhan', '2016-10-06 02:27:16', '', '', 'Auto', '2016-12-05 23:51:27', '2016-10-06 02:29:02', 60000, '', '', '', '', '', '', '', '', '2016-10-06 02:29:02', '2017-11-05 23:51:27', b'1', '2016-10-06 02:27:16', 0, '', 0, '', '19', b'1', '1050', '', 1, 181, NULL, NULL, NULL, NULL, NULL, NULL, NULL, NULL, NULL, NULL, NULL, 5, 21, 39, 1, 1, 1, NULL),
(191, '1', 'Sankalp Sidhi, lane no. 5', 35000, 'Sankalp Sidhi', '2016-10-06 02:29:09', '2', '2', 'Auto', '2016-12-05 23:51:27', '2016-10-06 02:32:56', 200000, '', '', '', '', '', '', '', '', '2016-10-06 02:32:56', '2017-11-05 23:51:27', b'1', '2016-10-06 02:29:09', 0, '', 0, '', '23', b'1', '1500', '', 1, 182, NULL, NULL, NULL, NULL, NULL, NULL, NULL, NULL, NULL, NULL, NULL, 7, 21, 32, 1, 7, 1, 'Close'),
(192, '1', 'C-103, Park Express,', 25000, 'Park Express', '2016-10-06 02:33:09', '2', '2', 'Auto', '2016-12-05 23:51:27', '2016-10-06 02:36:25', 250000, '', '', '', '', '', '', 'opp. Cummins', '', '2016-10-06 02:36:25', '2017-11-05 23:51:27', b'1', '2016-10-06 02:33:09', 0, '', 0, '', '16', b'1', '1550', '', 1, 183, NULL, NULL, NULL, NULL, NULL, NULL, NULL, NULL, NULL, NULL, NULL, 5, 21, 7, 1, 7, 1, 'Close'),
(193, '1', '', 30000, 'Baner', '2016-10-06 02:36:34', '', '', 'Auto', '2016-12-05 23:51:27', '2016-10-06 02:38:52', 100000, '', '', '', '', '', '', '', '', '2016-10-06 02:38:52', '2017-11-05 23:51:27', b'1', '2016-10-06 02:36:34', 0, '', 0, '', '19', b'1', '1597', '', 1, 184, NULL, NULL, NULL, NULL, NULL, NULL, NULL, NULL, NULL, NULL, NULL, 5, 21, 1, 1, 1, 1, 'Close'),
(194, '1', '', 15000, 'Pashan Sus Rd', '2016-10-06 02:49:01', '', '', 'Auto', '2016-12-05 23:51:27', '2016-10-06 02:52:35', 50000, '', '', '', '', '', '', '', '', '2016-10-06 02:52:35', '2017-11-05 23:51:27', b'1', '2016-10-06 02:49:01', 0, '', 0, '', '17', b'1', '900', '', 1, 185, NULL, NULL, NULL, NULL, NULL, NULL, NULL, NULL, NULL, NULL, NULL, 5, 19, 40, 1, 1, 1, 'Open'),
(195, '1', '', 18000, 'Baner', '2016-10-06 02:52:46', '2', '2', 'Auto', '2016-12-05 23:51:27', '2016-10-06 03:26:37', 60000, '', '', '', '', '', '', '', '11', '2016-10-06 03:26:37', '2017-11-05 23:51:27', b'1', '2016-10-06 02:52:46', 0, '', 0, '', '18', b'1', '1000', '', 1, 186, NULL, NULL, NULL, NULL, NULL, NULL, NULL, NULL, NULL, NULL, NULL, 5, 19, 1, 1, 1, 1, 'Close'),
(196, '1', '', 4500, 'sankalp park', '2016-10-06 03:26:49', '', '', 'Auto', '2016-12-05 23:51:27', '2016-10-06 03:29:05', 5000, '', '', '', '', '', '', '', '', '2016-10-06 03:29:05', '2017-11-05 23:51:27', b'1', '2016-10-06 03:26:49', 0, '', 0, '', '35', b'1', '130', '', 1, 187, NULL, NULL, NULL, NULL, NULL, NULL, NULL, NULL, NULL, NULL, NULL, 5, 17, 9, 1, 1, 1, NULL),
(197, '1', 'D-604, Rohan Nilay', 17000, 'rohan nilay', '2016-10-06 03:29:17', '2', '2', 'Auto', '2016-12-05 23:51:27', '2016-10-06 03:34:32', 60000, '', '', '', '', '', '', '', '11', '2016-10-06 03:34:32', '2017-11-05 23:51:27', b'1', '2016-10-06 03:29:17', 0, '', 0, '', '16', b'1', '1057', '', 1, 188, NULL, NULL, NULL, NULL, NULL, NULL, NULL, NULL, NULL, NULL, NULL, 5, 19, 9, 1, 7, 1, 'Close'),
(198, '1', '', 18000, 'Baner', '2016-10-06 03:38:54', '', '', 'Auto', '2016-12-05 23:51:27', '2016-10-06 03:48:53', 60000, '', '', '', '', '', '', '', '', '2016-10-06 03:48:53', '2017-11-05 23:51:27', b'1', '2016-10-06 03:38:54', 0, '', 0, '', '15', b'1', '1200', '', 1, 190, NULL, NULL, NULL, NULL, NULL, NULL, NULL, NULL, NULL, NULL, NULL, 5, 19, 1, 1, 1, 1, NULL),
(199, '1', '', 15000, 'Bavdhan', '2016-10-06 03:49:12', '', '', 'Auto', '2016-12-05 23:51:27', '2016-10-06 03:52:01', 60000, '', '', '', '', '', '', '', '11', '2016-10-06 03:52:01', '2017-11-05 23:51:27', b'1', '2016-10-06 03:49:12', 0, '', 0, '', '14', b'1', '1089', '', 1, 191, NULL, NULL, NULL, NULL, NULL, NULL, NULL, NULL, NULL, NULL, NULL, 5, 19, 39, 1, 1, 1, 'Open'),
(200, '1', 'Prim Panash, In front Ubics', 25000, 'prim panash', '2016-10-06 03:52:13', '', '', 'Auto', '2016-12-05 23:51:27', '2016-10-06 03:56:10', 250000, '', '9', '', '', '', '', 'In front of Ubics', '', '2016-10-06 03:56:10', '2017-11-05 23:51:27', b'1', '2016-10-06 03:52:13', 0, '', 0, '', '16', b'1', '1560', '', 1, 192, NULL, NULL, NULL, NULL, NULL, NULL, NULL, NULL, NULL, NULL, NULL, 6, 21, 1, 1, 7, 1, 'Close'),
(201, '1', '', 14000, 'Aundh', '2016-10-06 03:56:19', '', '', 'Auto', '2016-12-05 23:51:27', '2016-10-06 03:59:17', 40000, '', '', '', '', '', '', '', '', '2016-10-06 03:59:17', '2017-11-05 23:51:27', b'1', '2016-10-06 03:56:19', 0, '', 0, '', '23', b'1', '600', '', 1, 193, NULL, NULL, NULL, NULL, NULL, NULL, NULL, NULL, NULL, NULL, NULL, 6, 17, 9, 1, 1, 1, NULL),
(202, '1', '', 15000, 'Pristine Fontana', '2016-10-06 03:59:31', '2', '2', 'Auto', '2016-12-05 23:51:27', '2016-10-06 04:01:52', 50000, '', '', '', '', '', '', '', '', '2016-10-06 04:01:52', '2017-11-05 23:51:27', b'1', '2016-10-06 03:59:31', 0, '', 0, '', '13', b'1', '1200', '', 1, 194, NULL, NULL, NULL, NULL, NULL, NULL, NULL, NULL, NULL, NULL, NULL, 6, 19, 39, 1, 7, 1, 'Open'),
(203, '1', '', 22000, 'Mount vert 1', '2016-10-06 04:02:20', '2', '2', 'Auto', '2016-12-05 23:51:27', '2016-10-06 04:07:35', 100000, '', '10', '', '', '', '', '', '', '2016-10-06 04:07:35', '2017-11-05 23:51:27', b'1', '2016-10-06 04:02:20', 0, '', 0, '', '15', b'1', '1450', '', 1, 196, NULL, NULL, NULL, NULL, NULL, NULL, NULL, NULL, NULL, NULL, NULL, 6, 19, 1, 1, 7, 1, 'Close'),
(204, '1', '', 15000, 'Balewadi', '2016-10-06 04:07:44', '2', '', 'Auto', '2016-12-05 23:51:27', '2016-10-06 04:10:02', 60000, '', '', '', '', '', '', '', '', '2016-10-06 04:10:02', '2017-11-05 23:51:27', b'1', '2016-10-06 04:07:44', 0, '', 0, '', '13', b'1', '1150', '', 1, 197, NULL, NULL, NULL, NULL, NULL, NULL, NULL, NULL, NULL, NULL, NULL, 5, 19, 7, 1, 1, 1, NULL),
(205, '1', '', 17500, 'Ashiyana Aprt', '2016-10-06 04:10:11', '2', '2', 'Auto', '2016-12-05 23:51:27', '2016-10-06 04:14:03', 100000, '', '3', '', '', '', '', 'Near balaji mandir', '', '2016-10-06 04:14:03', '2017-11-05 23:51:27', b'1', '2016-10-06 04:10:11', 0, '', 0, '', '16', b'1', '1100', '', 1, 198, NULL, NULL, NULL, NULL, NULL, NULL, NULL, NULL, NULL, NULL, NULL, 7, 19, 15, 1, 1, 1, 'Open'),
(206, '1', '', 17000, 'Bavdhan', '2016-10-06 04:14:29', '2', '2', 'Auto', '2016-12-05 23:51:27', '2016-10-06 04:17:03', 50000, '', '', '', '', '', '', '', '', '2016-10-06 04:17:03', '2017-11-05 23:51:27', b'1', '2016-10-06 04:14:29', 0, '', 0, '', '18', b'1', '940', '', 1, 199, NULL, NULL, NULL, NULL, NULL, NULL, NULL, NULL, NULL, NULL, NULL, 7, 19, 39, 1, 1, 1, NULL),
(207, '1', '', 14000, 'wakad', '2016-10-06 04:17:16', '2', '2', 'Auto', '2016-12-05 23:51:27', '2016-10-06 04:23:55', 60000, '', '', '', '', '', '', '', '', '2016-10-06 04:23:55', '2017-11-05 23:51:27', b'1', '2016-10-06 04:17:16', 0, '', 0, '', '12', b'1', '1200', '', 1, 200, NULL, NULL, NULL, NULL, NULL, NULL, NULL, NULL, NULL, NULL, NULL, 7, 19, 8, 1, 1, 1, NULL),
(208, '1', '', 15000, 'Balewadi', '2016-10-08 01:24:53', '', '', 'Auto', '2016-12-08 00:10:32', '2016-10-08 01:28:02', 50000, '', '', '', '', '', '', '', '', '2016-10-08 01:28:02', '2017-11-08 00:10:32', b'1', '2016-10-08 01:24:53', 0, '', 0, '', '14', b'1', '1100', '', 1, 201, NULL, NULL, NULL, NULL, NULL, NULL, NULL, NULL, NULL, NULL, NULL, 5, 19, 7, 1, 1, 1, NULL),
(209, '1', '', 18000, 'Pashan Sus Rd', '2016-10-08 01:28:12', '', '', 'Auto', '2016-12-08 00:10:32', '2016-10-08 01:29:29', 60000, '', '', '', '', '', '', '', '', '2016-10-08 01:29:29', '2017-11-08 00:10:32', b'1', '2016-10-08 01:28:12', 0, '', 0, '', '14', b'1', '1300', '', 1, 202, NULL, NULL, NULL, NULL, NULL, NULL, NULL, NULL, NULL, NULL, NULL, 5, 21, 40, 1, 1, 1, NULL),
(210, '1', '', 12000, 'Baner', '2016-10-08 02:32:15', '', '', 'Auto', '2016-12-08 00:10:32', '2016-10-08 02:34:26', 40000, '', '', '', '', '', '', '', '', '2016-10-08 02:34:26', '2017-11-08 00:10:32', b'0', '2016-10-08 02:32:15', 0, '', 0, '', '15', b'1', '800', '', 1, 203, NULL, NULL, NULL, NULL, NULL, NULL, NULL, NULL, NULL, NULL, NULL, 5, 17, 1, 1, 1, 1, NULL),
(211, '1', '', 25000, 'shivaji nagar', '2016-10-08 02:34:38', '2', '2', 'Auto', '2016-12-08 00:10:32', '2016-10-08 02:47:58', 100000, '', '', '', '', '', '', '', '', '2016-10-08 02:47:58', '2017-11-08 00:10:32', b'1', '2016-10-08 02:34:38', 0, '', 0, '', '25', b'1', '1000', '', 1, 206, NULL, NULL, NULL, NULL, NULL, NULL, NULL, NULL, NULL, NULL, NULL, 7, 21, 34, 1, 1, 1, NULL),
(212, '1', '', 10000, 'Pashan Sus Rd', '2016-10-08 02:51:29', '', '', 'Auto', '2016-12-08 00:10:32', '2016-10-08 02:56:35', 40000, '', '', '', '', '', '', '', '', '2016-10-08 02:56:35', '2017-11-08 00:10:32', b'0', '2016-10-08 02:51:29', 0, '', 0, '', '16', b'1', '620', '', 1, 208, NULL, NULL, NULL, NULL, NULL, NULL, NULL, NULL, NULL, NULL, NULL, 6, 17, 40, 1, 1, 1, NULL),
(213, '1', '', 17000, 'Balewadi', '2016-10-08 02:56:49', '1', '2', 'Auto', '2016-12-08 00:10:32', '2016-10-08 03:06:37', 60000, '', '', '', '', '', '', '', '', '2016-10-08 03:06:37', '2017-11-08 00:10:32', b'1', '2016-10-08 02:56:49', 0, '', 0, '', '15', b'1', '1123', '', 1, 209, NULL, NULL, NULL, NULL, NULL, NULL, NULL, NULL, NULL, NULL, NULL, 7, 19, 7, 1, 1, 1, NULL),
(214, '1', '', 30000, 'Baner', '2016-10-08 03:07:07', '2', '2', 'Auto', '2016-12-08 00:10:32', '2016-10-08 03:11:36', 150000, '', '', '', '', '', '', '', '', '2016-10-08 03:11:36', '2017-11-08 00:10:32', b'1', '2016-10-08 03:07:07', 0, '', 0, '', '14', b'1', '2176', '', 1, 210, NULL, NULL, NULL, NULL, NULL, NULL, NULL, NULL, NULL, NULL, NULL, 6, 23, 1, 1, 1, 1, NULL),
(215, '1', '', 18000, 'Pashan Sus Rd', '2016-10-08 03:08:12', '', '2', 'Auto', '2016-12-08 00:10:32', '2016-10-08 03:15:42', 60000, '', '', '', '', '', '', '', '', '2016-10-08 03:15:42', '2017-11-08 00:10:32', b'0', '2016-10-08 03:08:12', 0, '', 0, '', '', b'1', '1350', '', 1, 214, NULL, NULL, NULL, NULL, NULL, NULL, NULL, NULL, NULL, NULL, NULL, 5, 19, 15, 1, 1, 1, ''),
(216, '1', '', 12000, 'Balewadi', '2016-10-08 03:11:54', '', '', 'Auto', '2016-12-08 00:10:32', '2016-10-08 03:18:01', 45000, '', '', '', '', '', '', '', '', '2016-10-08 03:18:01', '2017-11-08 00:10:32', b'0', '2016-10-08 03:11:54', 0, '', 0, '', '12', b'1', '1000', '', 1, 212, NULL, NULL, NULL, NULL, NULL, NULL, NULL, NULL, NULL, NULL, NULL, 6, 19, 7, 1, 1, 1, NULL),
(217, '1', '', 17000, 'Baner', '2016-10-08 03:15:48', '', '2', 'Auto', '2016-12-08 00:10:32', '2016-10-08 03:18:48', 60000, '', '3', '', '', '', '', '', '', '2016-10-08 03:18:48', '2017-11-08 00:10:32', b'0', '2016-10-08 03:15:48', 0, '', 0, '', '15', b'1', '1145', '5', 1, 215, NULL, NULL, NULL, NULL, NULL, NULL, NULL, NULL, NULL, NULL, 1, 5, 19, 1, 1, 1, 1, NULL),
(218, '1', '', 15000, 'Baner', '2016-10-08 03:18:13', '', '', 'Auto', '2016-12-08 00:10:32', '2016-10-08 03:19:49', 0, '', '', '', '', '', '', '', '', '2016-10-08 03:19:49', '2017-11-08 00:10:32', b'0', '2016-10-08 03:18:13', 0, '', 0, '', '15', b'1', '1000', '', 1, 216, NULL, NULL, NULL, NULL, NULL, NULL, NULL, NULL, NULL, NULL, NULL, NULL, 19, 1, 1, 1, 1, NULL),
(219, '1', '', 14000, 'Baner', '2016-10-08 03:20:03', '', '', 'Auto', '2016-12-08 00:10:32', '2016-10-08 03:21:26', 0, '', '', '', '', '', '', '', '', '2016-10-08 03:21:26', '2017-11-08 00:10:32', b'0', '2016-10-08 03:20:03', 0, '', 0, '', '15', b'1', '914', '', 1, 217, NULL, NULL, NULL, NULL, NULL, NULL, NULL, NULL, NULL, NULL, NULL, NULL, 19, 1, 1, 1, 1, NULL),
(220, '1', '', 14000, 'Baner', '2016-10-08 03:22:43', '', '', 'Auto', '2016-12-08 00:10:32', '2016-10-08 03:24:31', 0, '', '', '', '', '', '', '', '', '2016-10-08 03:24:31', '2017-11-08 00:10:32', b'0', '2016-10-08 03:22:43', 0, '', 0, '', '15', b'1', '960', '', 1, 219, NULL, NULL, NULL, NULL, NULL, NULL, NULL, NULL, NULL, NULL, NULL, NULL, 19, 1, 1, 1, 1, NULL),
(221, '1', '', 15000, 'Baner', '2016-10-08 03:25:00', '', '', 'Auto', '2016-12-08 00:10:32', '2016-10-08 03:26:11', 0, '', '', '', '', '', '', '', '', '2016-10-08 03:26:11', '2017-11-08 00:10:32', b'0', '2016-10-08 03:25:00', 0, '', 0, '', '13', b'1', '1200', '', 1, 220, NULL, NULL, NULL, NULL, NULL, NULL, NULL, NULL, NULL, NULL, NULL, NULL, 19, 1, 1, 1, 1, NULL),
(222, '1', '', 15000, 'Bavdhan', '2016-10-08 03:19:16', '', '2', 'Auto', '2016-12-08 00:10:32', '2016-10-08 03:27:45', 50000, '', '', '', '', '', '', '', '', '2016-10-08 03:27:45', '2017-11-08 00:10:32', b'0', '2016-10-08 03:19:16', 0, '', 0, '', '18', b'1', '850', '', 1, 222, NULL, NULL, NULL, NULL, NULL, NULL, NULL, NULL, NULL, NULL, NULL, 5, 19, 39, 1, 1, 1, NULL),
(223, '1', '', 12000, 'Baner Pashan Link Rd', '2016-10-08 03:26:22', '', '', 'Auto', '2016-12-08 00:10:32', '2016-10-08 03:29:07', 0, '', '', '', '', '', '', '', '', '2016-10-08 03:29:07', '2017-11-08 00:10:32', b'0', '2016-10-08 03:26:22', 0, '', 0, '', '13', b'1', '902', '', 1, 221, NULL, NULL, NULL, NULL, NULL, NULL, NULL, NULL, NULL, NULL, NULL, NULL, 19, 5, 1, 1, 1, NULL),
(224, '1', '', 18000, 'Baner', '2016-10-08 03:29:15', '', '', 'Auto', '2016-12-08 00:10:32', '2016-10-08 03:30:24', 0, '', '', '', '', '', '', '', '', '2016-10-08 03:30:24', '2017-11-08 00:10:32', b'0', '2016-10-08 03:29:15', 0, '', 0, '', '12', b'1', '1500', '', 1, 224, NULL, NULL, NULL, NULL, NULL, NULL, NULL, NULL, NULL, NULL, NULL, NULL, 19, 1, 1, 1, 1, NULL),
(225, '1', '', 16000, 'Pashan', '2016-10-08 03:28:43', '', '2', 'Auto', '2016-12-08 00:10:32', '2016-10-08 03:30:47', 50000, '', '', '', '', '', '', '', '', '2016-10-08 03:30:47', '2017-11-08 00:10:32', b'1', '2016-10-08 03:28:43', 0, '', 0, '', '15', b'1', '1100', '', 1, 223, NULL, NULL, NULL, NULL, NULL, NULL, NULL, NULL, NULL, NULL, NULL, 5, 19, 15, 1, 1, 1, 'Close'),
(226, '1', '', 15000, 'Balewadi', '2016-10-08 03:30:52', '', '2', 'Auto', '2016-12-08 00:10:32', '2016-10-08 03:33:08', 50000, '', '', '', '', '', '', '', '', '2016-10-08 03:33:08', '2017-11-08 00:10:32', b'1', '2016-10-08 03:30:52', 0, '', 0, '', '14', b'1', '1100', '', 1, 226, NULL, NULL, NULL, NULL, NULL, NULL, NULL, NULL, NULL, NULL, NULL, 5, 19, 7, 1, 1, 1, ''),
(227, '1', '', 20000, 'Aundh', '2016-10-08 03:33:28', '1', '2', 'Auto', '2016-12-08 00:10:32', '2016-10-08 03:35:10', 60000, '', '', '', '', '', '', '', '', '2016-10-08 03:35:10', '2017-11-08 00:10:32', b'1', '2016-10-08 03:33:28', 0, '', 0, '', '', b'1', '1000', '', 1, 227, NULL, NULL, NULL, NULL, NULL, NULL, NULL, NULL, NULL, NULL, NULL, 5, 19, 9, 1, 1, 1, ''),
(228, '1', '', 25000, 'Baner', '2016-10-08 03:30:34', '', '', 'Auto', '2016-12-08 00:10:32', '2016-10-08 03:35:23', 0, '', '', '', '', '', '', '', '', '2016-10-08 03:35:23', '2017-11-08 00:10:32', b'0', '2016-10-08 03:30:34', 0, '', 0, '', '15', b'1', '1620', '', 1, 225, NULL, NULL, NULL, NULL, NULL, NULL, NULL, NULL, NULL, NULL, NULL, NULL, 21, 1, 1, 1, 1, NULL),
(229, '1', '', 14000, 'Aundh', '2016-10-08 03:35:14', '', '', 'Auto', '2016-12-08 00:10:32', '2016-10-08 03:37:30', 40000, '', '3', '', '', '', '', '', '', '2016-10-08 03:37:30', '2017-11-08 00:10:32', b'1', '2016-10-08 03:35:14', 0, '', 0, '', NULL, b'1', NULL, '3', 1, 228, NULL, NULL, NULL, NULL, NULL, NULL, NULL, NULL, NULL, NULL, NULL, 7, 17, 9, 1, 1, 1, NULL),
(230, '1', '', 18000, 'Bavdhan', '2016-10-08 03:36:32', '', '', 'Auto', '2016-12-08 00:10:32', '2016-10-08 03:38:24', 50000, '', '', '', '', '', '', '', '', '2016-10-08 03:38:24', '2017-11-08 00:10:32', b'0', '2016-10-08 03:36:32', 0, '', 0, '', '15', b'1', '1235', '', 1, 229, NULL, NULL, NULL, NULL, NULL, NULL, NULL, NULL, NULL, NULL, NULL, NULL, 21, 39, 1, 1, 1, NULL),
(231, '1', '', 15000, 'Pashan', '2016-10-08 03:37:34', '1', '2', 'Auto', '2016-12-08 00:10:32', '2016-10-08 03:39:57', 50000, '', '9', '', '', '', '', '', '', '2016-10-08 03:39:57', '2017-11-08 00:10:32', b'1', '2016-10-08 03:37:34', 0, '', 0, '', '', b'1', '1070', '9', 1, 230, NULL, NULL, NULL, NULL, NULL, NULL, NULL, NULL, NULL, NULL, NULL, 5, 19, 15, 1, 1, 1, 'Close'),
(232, '1', '', 13000, 'Pashan Sus Rd', '2016-10-08 03:38:47', '', '', 'Auto', '2016-12-08 00:10:32', '2016-10-08 03:40:20', 50000, '', '', '', '', '', '', '', '', '2016-10-08 03:40:20', '2017-11-08 00:10:32', b'0', '2016-10-08 03:38:47', 0, '', 0, '', '22', b'1', '600', '', 1, 231, NULL, NULL, NULL, NULL, NULL, NULL, NULL, NULL, NULL, NULL, NULL, 7, 17, 40, 1, 1, 1, NULL),
(233, '1', '', 10000, 'Pashan Sus Rd', '2016-10-08 03:40:32', '', '', 'Auto', '2016-12-08 00:10:32', '2016-10-08 03:45:21', 40000, '', '3', '', '', '', '', '', '', '2016-10-08 03:45:21', '2017-11-08 00:10:32', b'0', '2016-10-08 03:40:32', 0, '', 0, '', '17', b'1', '585', '', 1, 232, NULL, NULL, NULL, NULL, NULL, NULL, NULL, NULL, NULL, NULL, NULL, 5, 17, 40, 1, 1, 1, NULL),
(234, '1', '', 16000, 'morya residenecy', '2016-10-08 03:41:36', '', '', 'Auto', '2016-12-08 00:10:32', '2016-10-08 03:47:26', 60000, '', '', '', '', '', '', '', '', '2016-10-08 03:47:26', '2017-11-08 00:10:32', b'1', '2016-10-08 03:41:36', 0, '', 0, '', '17', b'1', '950', '', 1, 233, NULL, NULL, NULL, NULL, NULL, NULL, NULL, NULL, NULL, NULL, NULL, 7, 19, 15, 1, 1, 1, 'Close'),
(235, '1', '', 10000, 'Pashan Sus Rd', '2016-10-08 03:45:45', '', '', 'Auto', '2016-12-08 00:10:32', '2016-10-08 03:49:33', 45000, '', '', '', '', '', '', '', '', '2016-10-08 03:49:33', '2017-11-08 00:10:32', b'0', '2016-10-08 03:45:45', 0, '', 0, '', '15', b'1', '650', '', 1, 234, NULL, NULL, NULL, NULL, NULL, NULL, NULL, NULL, NULL, NULL, NULL, 5, 17, 40, 1, 1, 1, NULL),
(236, '1', '', 12000, 'Pashan Sus Rd', '2016-10-08 03:49:43', '', '', 'Auto', '2016-12-08 00:10:32', '2016-10-08 03:51:00', 50000, '', '', '', '', '', '', '', '', '2016-10-08 03:51:00', '2017-11-08 00:10:32', b'0', '2016-10-08 03:49:43', 0, '', 0, '', '9', b'1', '1350', '', 1, 236, NULL, NULL, NULL, NULL, NULL, NULL, NULL, NULL, NULL, NULL, NULL, 5, 19, 40, 1, 1, 1, NULL),
(237, '1', '', 26000, 'Bhosale Nagar', '2016-10-08 03:47:41', '1', '2', 'Auto', '2016-12-08 00:10:32', '2016-10-08 03:51:30', 100000, '', '', '', '', '', '', '', '', '2016-10-08 03:51:30', '2017-11-08 00:10:32', b'1', '2016-10-08 03:47:41', 0, '', 0, '', '', b'1', '1000', '', 1, 235, NULL, NULL, NULL, NULL, NULL, NULL, NULL, NULL, NULL, NULL, NULL, 7, 19, 26, 1, 1, 1, 'Open'),
(238, '1', '', 10000, 'sun shine society', '2016-10-08 03:51:44', '', '2', 'Auto', '2016-12-08 00:10:32', '2016-10-08 03:53:59', 30000, '', '', '', '', '', '', '', '', '2016-10-08 03:53:59', '2017-11-08 00:10:32', b'1', '2016-10-08 03:51:44', 0, '', 0, '', '18', b'1', '550', '', 1, 237, NULL, NULL, NULL, NULL, NULL, NULL, NULL, NULL, NULL, NULL, NULL, 5, 16, 7, 1, 1, 1, 'Open'),
(239, '1', '', 10000, 'Pashan', '2016-10-08 03:53:16', '', '', 'Auto', '2016-12-08 00:10:32', '2016-10-08 03:54:49', 40000, '', '', '', '', '', '', '', '', '2016-10-08 03:54:49', '2017-11-08 00:10:32', b'0', '2016-10-08 03:53:16', 0, '', 0, '', '16', b'1', '610', '', 1, 238, NULL, NULL, NULL, NULL, NULL, NULL, NULL, NULL, NULL, NULL, NULL, 5, 17, 15, 1, 1, 1, NULL),
(240, '1', '', 14000, 'Pashan Sus Rd', '2016-10-08 03:55:00', '2', '2', 'Auto', '2016-12-08 00:10:32', '2016-10-08 03:56:20', 50000, '', '', '', '', '', '', '', '', '2016-10-08 03:56:20', '2017-11-08 00:10:32', b'0', '2016-10-08 03:55:00', 0, '', 0, '', '15', b'1', '950', '', 1, 240, NULL, NULL, NULL, NULL, NULL, NULL, NULL, NULL, NULL, NULL, NULL, 7, 19, 40, 1, 1, 1, NULL),
(241, '1', '', 12000, 'Pashan', '2016-10-08 03:56:38', '', '', 'Auto', '2016-12-08 00:10:32', '2016-10-08 03:57:55', 40000, '', '', '', '', '', '', '', '', '2016-10-08 03:57:55', '2017-11-08 00:10:32', b'0', '2016-10-08 03:56:38', 0, '', 0, '', '22', b'1', '550', '', 1, 242, NULL, NULL, NULL, NULL, NULL, NULL, NULL, NULL, NULL, NULL, NULL, NULL, 17, 15, 1, 1, 1, NULL),
(242, '1', '', 30000, 'omega recidency', '2016-10-08 03:54:15', '2', '3', 'Auto', '2016-12-08 00:10:32', '2016-10-08 03:58:55', 150000, '', '', '', '', '', '', '', '', '2016-10-08 03:58:55', '2017-11-08 00:10:32', b'1', '2016-10-08 03:54:15', 0, '', 0, '', '2', b'1', '15000', '', 1, 241, NULL, NULL, NULL, NULL, NULL, NULL, NULL, NULL, NULL, NULL, NULL, NULL, 21, 7, 1, 3, 1, 'Close'),
(243, '1', '', 15000, 'Pashan', '2016-10-08 03:58:03', '2', '2', 'Auto', '2016-12-08 00:10:32', '2016-10-08 03:59:32', 60000, '', '', '', '', '', '', '', '', '2016-10-08 03:59:32', '2017-11-08 00:10:32', b'1', '2016-10-08 03:58:03', 0, '', 0, '', '14', b'1', '1100', '', 1, 243, NULL, NULL, NULL, NULL, NULL, NULL, NULL, NULL, NULL, NULL, NULL, 5, 21, 15, 1, 1, 1, NULL),
(244, '1', '', 16000, 'yesh orchid', '2016-10-08 03:58:57', '', '2', 'Auto', '2016-12-08 00:10:32', '2016-10-08 04:00:53', 60000, '', '', '', '', '', '', '', '', '2016-10-08 04:00:53', '2017-11-08 00:10:32', b'1', '2016-10-08 03:58:57', 0, '', 0, '', '', b'1', '1050', '', 1, 244, NULL, NULL, NULL, NULL, NULL, NULL, NULL, NULL, NULL, NULL, NULL, NULL, 19, 7, 1, NULL, 1, 'Close'),
(245, '1', '', 18000, 'Pashan Sus Rd', '2016-10-08 03:59:46', '2', '2', 'Auto', '2016-12-08 00:10:32', '2016-10-08 04:01:23', 60000, '', '', '', '', '', '', '', '', '2016-10-08 04:01:23', '2017-11-08 00:10:32', b'1', '2016-10-08 03:59:46', 0, '', 0, '', '16', b'1', '1150', '', 1, 245, NULL, NULL, NULL, NULL, NULL, NULL, NULL, NULL, NULL, NULL, NULL, 5, 21, 40, 1, 1, 1, NULL),
(246, '1', '', 40000, 'belwed air', '2016-10-08 04:01:33', '2', '2', 'Auto', '2016-12-08 00:10:32', '2016-10-08 04:03:48', 150000, '', '2', '', '', '', '', '', '', '2016-10-08 04:03:48', '2017-11-08 00:10:32', b'1', '2016-10-08 04:01:33', 0, '', 0, '', '29', b'1', '1400', '', 1, 246, NULL, NULL, NULL, NULL, NULL, NULL, NULL, NULL, NULL, NULL, NULL, 7, 21, 9, 1, 7, 1, NULL),
(247, '1', '', 20000, 'Baner', '2016-10-08 04:03:55', '1', '2', 'Auto', '2016-12-08 00:10:32', '2016-10-08 04:06:44', 80000, '', '', '', '', '', '', '', '', '2016-10-08 04:06:44', '2017-11-08 00:10:32', b'1', '2016-10-08 04:03:55', 0, '', 0, '', '20', b'1', '980', '', 1, 247, NULL, NULL, NULL, NULL, NULL, NULL, NULL, NULL, NULL, NULL, NULL, 7, 19, 1, 1, 1, 1, NULL),
(248, '1', '', 23000, 'Baner', '2016-10-08 04:01:30', '', '', 'Auto', '2016-12-08 00:10:32', '2016-10-08 04:16:49', 80000, '', '', '', '', '', '', 'near orchid school', '', '2016-10-08 04:16:49', '2017-11-08 00:10:32', b'1', '2016-10-08 04:01:30', 0, '', 0, '', '18', b'1', '1250', '', 1, 248, NULL, NULL, NULL, NULL, NULL, NULL, NULL, NULL, NULL, NULL, NULL, 5, NULL, 7, 1, 1, 1, 'Close'),
(249, '1', '', 20000, 'palash', '2016-10-08 04:16:51', '', '', 'Auto', '2016-12-08 00:10:32', '2016-10-08 04:19:33', 80000, '', '', '', '', '', '', '', '', '2016-10-08 04:19:33', '2017-11-08 00:10:32', b'1', '2016-10-08 04:16:51', 0, '', 0, '', '22', b'1', '900', '', 1, 249, NULL, NULL, NULL, NULL, NULL, NULL, NULL, NULL, NULL, NULL, NULL, 7, NULL, 8, 1, NULL, 1, 'Close'),
(250, '1', '', 25000, 'castle world', '2016-10-08 04:19:35', '', '', 'Auto', '2016-12-08 00:10:32', '2016-10-08 04:22:03', 150000, '', '', '', '', '', '', 'near medipoint', '', '2016-10-08 04:22:03', '2017-11-08 00:10:32', b'1', '2016-10-08 04:19:35', 0, '', 0, '', '', b'1', '1180', '', 1, 250, NULL, NULL, NULL, NULL, NULL, NULL, NULL, NULL, NULL, NULL, NULL, NULL, 21, 9, 1, 3, 1, 'Close'),
(251, '1', '', 30000, 'Baner', '2016-10-08 04:23:19', '2', '3', 'Auto', '2016-12-08 00:10:32', '2016-10-08 04:25:40', 15000, '', '', '', '', '', '', 'nea food bazar baner pune', '', '2016-10-08 04:25:40', '2017-11-08 00:10:32', b'1', '2016-10-08 04:23:19', 0, '', 0, '', '2', b'1', '14000', '', 1, 251, NULL, NULL, NULL, NULL, NULL, NULL, NULL, NULL, NULL, NULL, NULL, 7, 21, NULL, 1, 1, 1, 'Close'),
(252, '1', '', 14000, 'rohan lehar', '2016-10-08 04:27:44', '1', '2', 'Auto', '2016-12-08 00:10:32', '2016-10-08 04:30:14', 50000, '', '6', '', '', '', '', '', '', '2016-10-08 04:30:14', '2017-11-08 00:10:32', b'1', '2016-10-08 04:27:44', 0, '', 0, '', '13', b'1', '1080', '11', 1, 253, NULL, NULL, NULL, NULL, NULL, NULL, NULL, NULL, NULL, NULL, NULL, 5, 19, 1, 1, 1, 1, 'Close'),
(253, '1', '', 32000, 'cassia,baner', '2016-10-08 07:26:30', '2', '3', 'Auto', '2016-12-08 00:10:32', '2016-10-08 07:29:30', 150000, '', '', '', '', '', '', 'baner road', '', '2016-10-08 07:29:30', '2017-11-08 00:10:32', b'1', '2016-10-08 07:26:30', 0, '', 0, '', '21', b'1', '1500', '', 1, 254, NULL, NULL, NULL, NULL, NULL, NULL, NULL, NULL, NULL, NULL, NULL, 7, 21, 1, 1, 1, 1, 'Close'),
(254, '1', '', 25000, 'Balewadi', '2016-10-08 07:31:17', '', '', 'Auto', '2016-12-08 00:10:32', '2016-10-08 07:33:54', 100000, '', '', '', '', '', '', '', '', '2016-10-08 07:33:54', '2017-11-08 00:10:32', b'1', '2016-10-08 07:31:17', 0, '', 0, '', '24', b'1', '1050', '', 1, 255, NULL, NULL, NULL, NULL, NULL, NULL, NULL, NULL, NULL, NULL, NULL, NULL, 19, 7, 1, 8, 1, 'Close'),
(255, '1', '', 16000, 'Aundh', '2016-10-08 07:34:09', '1', '2', 'Auto', '2016-12-08 00:10:32', '2016-10-08 07:36:00', 60000, '', '', '', '', '', '', '', '', '2016-10-08 07:36:00', '2017-11-08 00:10:32', b'1', '2016-10-08 07:34:09', 0, '', 0, '', '16', b'1', '1000', '', 1, 256, NULL, NULL, NULL, NULL, NULL, NULL, NULL, NULL, NULL, NULL, NULL, 5, 19, 9, 1, 1, 1, 'Close'),
(256, '1', '', 10000, 'Bavdhan', '2016-10-08 07:36:12', '1', '1', 'Auto', '2016-12-08 00:10:32', '2016-10-08 07:37:44', 30000, '', '', '', '', '', '', '', '', '2016-10-08 07:37:44', '2017-11-08 00:10:32', b'1', '2016-10-08 07:36:12', 0, '', 0, '', '', b'1', '550', '', 1, 257, NULL, NULL, NULL, NULL, NULL, NULL, NULL, NULL, NULL, NULL, NULL, 5, 17, 39, 1, 1, 1, 'Open'),
(257, '1', '', 22000, 'sahadeo heights', '2016-10-08 07:39:03', '1', '2', 'Auto', '2016-12-08 00:10:32', '2016-10-08 07:41:28', 80000, '', '', '', '', '', '', 'sahadeo heights rajwada', '', '2016-10-08 07:41:28', '2017-11-08 00:10:32', b'1', '2016-10-08 07:39:03', 0, '', 0, '', '', b'1', '1040', '', 1, 258, NULL, NULL, NULL, NULL, NULL, NULL, NULL, NULL, NULL, NULL, NULL, NULL, 19, 1, 1, 1, 1, 'Close'),
(258, '1', '204-park exprees', 16000, 'park exprees', '2016-10-08 07:42:05', '2', '2', 'Auto', '2016-12-08 00:10:32', '2016-10-08 07:45:32', 60000, '', '5', '', '', '', '', '', '', '2016-10-08 07:45:32', '2017-11-08 00:10:32', b'1', '2016-10-08 07:42:05', 0, '', 0, '', '12', b'1', '1350', '11', 1, 259, NULL, NULL, NULL, NULL, NULL, NULL, NULL, NULL, NULL, NULL, NULL, 5, 19, 7, 1, 1, 1, 'Close'),
(259, '1', '', 23000, 'nandan prospera', '2016-10-08 07:45:36', '', '', 'Auto', '2016-12-08 00:10:32', '2016-10-08 07:49:06', 90000, '', '2', '', '', '', '', '', '', '2016-10-08 07:49:06', '2017-11-08 00:10:32', b'1', '2016-10-08 07:45:36', 0, '', 0, '', '19', b'1', '1190', '14', 1, 260, NULL, NULL, NULL, NULL, NULL, NULL, NULL, NULL, NULL, NULL, NULL, 5, 19, 1, 1, NULL, 1, 'Close');
INSERT INTO `property` (`PROPERTYID`, `ACTIVE`, `ADDRESS`, `AMOUNT`, `APT`, `AVAILABLEFROM`, `BALCONY`, `BATHROOM`, `CLOSEBY`, `CLOSEDATE`, `CREATEDDATE`, `DEPOSIT`, `FLATNO`, `FLOORNO`, `KEYADDRESS`, `KEYAVAILABILITY`, `KEYMOBILE`, `KEYNAME`, `LANDMARK`, `LEASEPERIOD`, `MODIFYDDATE`, `NEXTAVAILABLEDATE`, `PARKING`, `POSTEDON`, `PREVID`, `PROPERTYAGE`, `RECORDORDER`, `REMARK`, `SQFEETRATE`, `STATUS`, `TOTALAREA`, `TOTALFLOORNO`, `CITYID`, `CUSTOMERID`, `IMAGE1`, `IMAGE10`, `IMAGE2`, `IMAGE3`, `IMAGE4`, `IMAGE5`, `IMAGE6`, `IMAGE7`, `IMAGE8`, `IMAGE9`, `PROPERTYFACINGID`, `PROPERTYFURNISHEDID`, `PROPERTYLBEDROOMSID`, `PROPERTYLOCALITYID`, `PROPERTYTOBEID`, `PROPERTYTYPEID`, `USERID`, `PARKiNGTYPE`) VALUES
(260, '1', '', 26000, 'nandan prospera', '2016-10-08 07:49:19', '', '', 'Auto', '2016-12-08 00:10:32', '2016-10-08 07:51:38', 150000, '', '7', '', '', '', '', '', '', '2016-10-08 07:51:38', '2017-11-08 00:10:32', b'1', '2016-10-08 07:49:19', 0, '', 0, '', '22', b'1', '1200', '14', 1, 261, NULL, NULL, NULL, NULL, NULL, NULL, NULL, NULL, NULL, NULL, NULL, 5, 21, 1, 1, 1, 1, 'Close'),
(261, '1', '', 40000, 'Baner', '2016-10-08 07:51:41', '', '', 'Auto', '2016-12-08 00:10:32', '2016-10-08 07:54:07', 150000, '', '', '', '', '', '', '', '', '2016-10-08 07:54:07', '2017-11-08 00:10:32', b'1', '2016-10-08 07:51:41', 0, '', 0, '', '2', b'1', '23000', '', 1, 262, NULL, NULL, NULL, NULL, NULL, NULL, NULL, NULL, NULL, NULL, NULL, 7, 21, 1, 1, 1, 1, 'Close'),
(262, '1', '', 17000, 'siddharth nagar', '2016-10-08 07:54:09', '', '', 'Auto', '2016-12-08 00:10:32', '2016-10-08 07:57:23', 50000, '', '2', '', '', '', '', '', '', '2016-10-08 07:57:23', '2017-11-08 00:10:32', b'1', '2016-10-08 07:54:09', 0, '', 0, '', '19', b'1', '900', '5', 1, 263, NULL, NULL, NULL, NULL, NULL, NULL, NULL, NULL, NULL, NULL, NULL, 7, 19, 9, 1, NULL, 1, NULL),
(263, '1', '', 20000, 'Baner', '2016-10-08 07:57:26', '2', '2', 'Auto', '2016-12-08 00:10:32', '2016-10-08 07:59:43', 80000, '', '', '', '', '', '', '', '', '2016-10-08 07:59:43', '2017-11-08 00:10:32', b'1', '2016-10-08 07:57:26', 0, '', 0, '', '19', b'1', '1050', '', 1, 264, NULL, NULL, NULL, NULL, NULL, NULL, NULL, NULL, NULL, NULL, NULL, 7, 19, 1, 1, 1, 1, 'Close'),
(264, '1', '', 17000, 'satona appt', '2016-10-08 08:01:23', '2', '2', 'Auto', '2016-12-08 00:10:32', '2016-10-08 08:03:32', 60000, '', '', '', '', '', '', '', '', '2016-10-08 08:03:32', '2017-11-08 00:10:32', b'1', '2016-10-08 08:01:23', 0, '', 0, '', '16', b'1', '1050', '', 1, 265, NULL, NULL, NULL, NULL, NULL, NULL, NULL, NULL, NULL, NULL, NULL, 7, 19, 7, 1, 1, 1, 'Close'),
(265, '1', '', 24000, 'my world', '2016-10-08 08:03:35', '3', '3', 'Auto', '2016-12-08 00:10:32', '2016-10-08 08:06:09', 80000, '', '', '', '', '', '', '', '', '2016-10-08 08:06:09', '2017-11-08 00:10:32', b'1', '2016-10-08 08:03:35', 0, '', 0, '', '17', b'1', '1400', '', 1, 266, NULL, NULL, NULL, NULL, NULL, NULL, NULL, NULL, NULL, NULL, NULL, 6, 21, 7, 1, NULL, 1, 'Close'),
(266, '1', '', 17000, 'niyoshi park', '2016-10-08 08:06:11', '1', '2', 'Auto', '2016-12-08 00:10:32', '2016-10-08 08:09:20', 60000, '', '3', '', '', '', '', '', '', '2016-10-08 08:09:20', '2017-11-08 00:10:32', b'1', '2016-10-08 08:06:11', 0, '', 0, '', '15', b'1', '1170', '4', 1, 267, NULL, NULL, NULL, NULL, NULL, NULL, NULL, NULL, NULL, NULL, NULL, 6, 19, 9, 1, 1, 1, 'Open'),
(267, '1', '', 18000, 'tritha tower', '2016-10-08 08:09:22', '2', '2', 'Auto', '2016-12-08 00:10:32', '2016-10-08 08:14:02', 60000, '', '4', '', '', '', '', '', '', '2016-10-08 08:14:02', '2017-11-08 00:10:32', b'1', '2016-10-08 08:09:22', 0, '', 0, '', '16', b'1', '1140', '11', 1, 268, NULL, NULL, NULL, NULL, NULL, NULL, NULL, NULL, NULL, NULL, NULL, 5, 19, 9, 1, 1, 1, 'Open'),
(268, '1', '', 20000, 'Baner', '2016-10-08 08:16:15', '2', '3', 'Auto', '2016-12-08 00:10:32', '2016-10-08 08:18:11', 80000, '', '', '', '', '', '', '', '', '2016-10-08 08:18:11', '2017-11-08 00:10:32', b'1', '2016-10-08 08:16:15', 0, '', 0, '', '15', b'1', '1350', '', 1, 270, NULL, NULL, NULL, NULL, NULL, NULL, NULL, NULL, NULL, NULL, NULL, 6, 21, 1, 1, 1, 1, 'Close'),
(269, '1', '', 40000, 'kapil malhar', '2016-10-08 08:18:27', '2', '3', 'Auto', '2016-12-08 00:10:32', '2016-10-08 08:20:19', 150000, '', '', '', '', '', '', '', '', '2016-10-08 08:20:19', '2017-11-08 00:10:32', b'1', '2016-10-08 08:18:27', 0, '', 0, '', '17', b'1', '2300', '', 1, 271, NULL, NULL, NULL, NULL, NULL, NULL, NULL, NULL, NULL, NULL, NULL, 7, 21, 1, 1, 3, 1, 'Close'),
(270, '1', '', 20000, 'park land', '2016-10-08 08:20:22', '2', '3', 'Auto', '2016-12-08 00:10:32', '2016-10-08 08:22:13', 80000, '', '', '', '', '', '', '', '', '2016-10-08 08:22:13', '2017-11-08 00:10:32', b'1', '2016-10-08 08:20:22', 0, '', 0, '', '17', b'1', '1200', '', 1, 272, NULL, NULL, NULL, NULL, NULL, NULL, NULL, NULL, NULL, NULL, NULL, 5, 21, 7, 1, 1, 1, 'Open'),
(271, '1', '', 15000, 'astonia', '2016-10-08 08:22:15', '', '', 'Auto', '2016-12-08 00:10:32', '2016-10-08 08:24:35', 40000, '', '1', '', '', '', '', '', '', '2016-10-08 08:24:35', '2017-11-08 00:10:32', b'1', '2016-10-08 08:22:15', 0, '', 0, '', '14', b'1', '1100', '7', 1, 273, NULL, NULL, NULL, NULL, NULL, NULL, NULL, NULL, NULL, NULL, NULL, 5, 19, 7, 1, 1, 1, 'Close'),
(272, '1', '', 14000, 'shivaji nagar', '2016-10-08 08:24:38', '1', '1', 'Auto', '2016-12-08 00:10:32', '2016-10-08 08:26:21', 40000, '', '', '', '', '', '', '', '', '2016-10-08 08:26:21', '2017-11-08 00:10:32', b'1', '2016-10-08 08:24:38', 0, '', 0, '', '25', b'1', '570', '', 1, 274, NULL, NULL, NULL, NULL, NULL, NULL, NULL, NULL, NULL, NULL, NULL, 5, 17, 34, 1, 1, 1, 'Open'),
(273, '1', '', 17000, 'Baner', '2016-10-12 07:44:58', '2', '2', 'Auto', '2016-12-12 00:13:00', '2016-10-12 07:48:00', 50000, '', '', '', '', '', '', '', '', '2016-10-12 07:48:00', '2017-11-12 00:13:00', b'0', '2016-10-12 07:44:58', 0, '', 0, '', '19', b'1', '900', '', 1, 275, NULL, NULL, NULL, NULL, NULL, NULL, NULL, NULL, NULL, NULL, NULL, 5, 19, 1, 1, 1, 1, NULL),
(274, '1', '', 30000, 'Baner', '2016-10-12 07:48:05', '2', '3', 'Auto', '2016-12-12 00:13:00', '2016-10-12 07:50:22', 100000, '', '', '', '', '', '', 'mahablewar hotel', '', '2016-10-12 07:50:22', '2017-11-12 00:13:00', b'1', '2016-10-12 07:48:05', 0, '', 0, '', '19', b'1', '1540', '', 1, 276, NULL, NULL, NULL, NULL, NULL, NULL, NULL, NULL, NULL, NULL, NULL, 7, 21, 1, 1, 1, 1, 'Close'),
(275, '1', '', 25000, 'Aundh', '2016-10-12 07:50:40', '2', '3', 'Auto', '2016-12-12 00:13:00', '2016-10-12 07:53:18', 80000, '', '', '', '', '', '', '', '', '2016-10-12 07:53:18', '2017-11-12 00:13:00', b'1', '2016-10-12 07:50:40', 0, '', 0, '', '15', b'1', '1655', '', 1, 277, NULL, NULL, NULL, NULL, NULL, NULL, NULL, NULL, NULL, NULL, NULL, NULL, 21, 9, 1, 1, 1, 'Close'),
(276, '1', '', 16000, 'Aundh', '2016-10-12 07:53:23', '1', '2', 'Auto', '2016-12-12 00:13:00', '2016-10-12 07:56:21', 50000, '', '', '', '', '', '', 'near parihar chowk', '', '2016-10-12 07:56:21', '2017-11-12 00:13:00', b'1', '2016-10-12 07:53:23', 0, '', 0, '', '16', b'1', '980', '', 1, 278, NULL, NULL, NULL, NULL, NULL, NULL, NULL, NULL, NULL, NULL, NULL, 5, 19, 9, 1, 1, 1, 'Open'),
(277, '1', '', 20000, 'pride patimum', '2016-10-12 07:56:37', '2', '2', 'Auto', '2016-12-12 00:13:00', '2016-10-12 07:59:29', 80000, '', '5', '', '', '', '', '', '', '2016-10-12 07:59:29', '2017-11-12 00:13:00', b'1', '2016-10-12 07:56:37', 0, '', 0, '', '15', b'1', '1350', '11', 1, 279, NULL, NULL, NULL, NULL, NULL, NULL, NULL, NULL, NULL, NULL, NULL, NULL, 20, 1, 1, 1, 1, 'Close'),
(278, '1', '', 22000, 'rohan lehar', '2016-10-12 07:59:35', '2', '2', 'Auto', '2016-12-12 00:13:00', '2016-10-12 08:02:33', 70000, '', '1', '', '', '', '', '', '', '2016-10-12 08:02:33', '2017-11-12 00:13:00', b'1', '2016-10-12 07:59:35', 0, '', 0, '', '15', b'1', '1430', '11', 1, 280, NULL, NULL, NULL, NULL, NULL, NULL, NULL, NULL, NULL, NULL, NULL, 5, 19, 1, 1, 1, 1, 'Close'),
(279, '1', '', 25000, 'nikash sky rajwada', '2016-10-12 08:02:50', '2', '3', 'Auto', '2016-12-12 00:13:00', '2016-10-12 08:17:03', 70000, '', '', '', '', '', '', '', '', '2016-10-12 08:17:03', '2017-11-12 00:13:00', b'1', '2016-10-12 08:02:50', 0, '', 0, '', '20', b'1', '1250', '', 1, 281, NULL, NULL, NULL, NULL, NULL, NULL, NULL, NULL, NULL, NULL, NULL, NULL, 21, 1, 1, 1, 1, 'Close'),
(280, '1', 'Behind renault showroom, Mumbai-Pune Highway Bypass', 35000, 'Baner', '2016-10-13 00:32:37', '2', '2', 'Auto', '2016-12-12 00:56:31', '2016-10-13 00:34:59', 15000, '', '7', '', '', '', '', 'Behind renault showroom, Mumbai-Pune Highway Bypass', '', '2016-10-13 00:34:59', '2017-11-12 00:56:31', b'1', '2016-10-13 00:32:37', 0, '', 0, '', '19', b'1', '1800', '', 1, 282, NULL, NULL, NULL, NULL, NULL, NULL, NULL, NULL, NULL, NULL, NULL, 7, 21, 1, 1, 1, 1, NULL),
(281, '1', '', 30000, 'Baner', '2016-10-13 00:35:22', '2', '2', 'Auto', '2016-12-12 00:56:31', '2016-10-13 00:37:31', 120000, '', '', '', '', '', '', '', '', '2016-10-13 00:37:31', '2017-11-12 00:56:31', b'1', '2016-10-13 00:35:22', 0, '', 0, '', '20', b'1', '1500', '', 1, 283, NULL, NULL, NULL, NULL, NULL, NULL, NULL, NULL, NULL, NULL, NULL, 5, 21, 1, 1, 1, 1, NULL),
(282, '1', 'opp. KFC,  next to HDFC Bank lane', 23000, 'Laratan soeicty', '2016-10-13 00:37:41', '2', '2', 'Auto', '2016-12-12 00:56:31', '2016-10-13 00:41:22', 150000, '', '1', '', '', '', '', '', '', '2016-10-13 00:41:22', '2017-11-12 00:56:31', b'1', '2016-10-13 00:37:41', 0, '', 0, '', '23', b'1', '1000', '', 1, 284, NULL, NULL, NULL, NULL, NULL, NULL, NULL, NULL, NULL, NULL, NULL, 7, 21, 1, 1, 7, 1, NULL),
(283, '1', '', 16000, 'prabhat road', '2016-10-13 00:41:32', '1', '2', 'Auto', '2016-12-12 00:56:31', '2016-10-13 00:43:53', 75000, '', '', '', '', '', '', '', '', '2016-10-13 00:43:53', '2017-11-12 00:56:31', b'1', '2016-10-13 00:41:32', 0, '', 0, '', '24', b'1', '680', '', 1, 285, NULL, NULL, NULL, NULL, NULL, NULL, NULL, NULL, NULL, NULL, NULL, 6, 19, 32, 1, 1, 1, NULL),
(284, '1', '', 30000, 'Baner', '2016-10-13 00:44:11', '2', '2', 'Auto', '2016-12-12 00:56:31', '2016-10-13 00:47:46', 120000, '', '', '', '', '', '', '', '', '2016-10-13 00:47:46', '2017-11-12 00:56:31', b'0', '2016-10-13 00:44:11', 0, '', 0, '', '23', b'1', '1300', '', 1, 286, NULL, NULL, NULL, NULL, NULL, NULL, NULL, NULL, NULL, NULL, NULL, 5, 21, 1, 1, 1, 1, NULL),
(285, '1', '', 15000, 'Baner', '2016-10-13 00:48:07', '1', '1', 'Auto', '2016-12-12 00:56:31', '2016-10-13 00:50:39', 60000, '', '', '', '', '', '', '', '', '2016-10-13 00:50:39', '2017-11-12 00:56:31', b'1', '2016-10-13 00:48:07', 0, '', 0, '', '14', b'1', '1086', '', 1, 287, NULL, NULL, NULL, NULL, NULL, NULL, NULL, NULL, NULL, NULL, NULL, 5, 19, 1, 1, 1, 1, NULL),
(286, '1', '', 40000, 'Baner', '2016-10-13 00:50:50', '3', '3', 'Auto', '2016-12-12 00:56:31', '2016-10-13 00:52:41', 150000, '', '', '', '', '', '', '', '', '2016-10-13 00:52:41', '2017-11-12 00:56:31', b'1', '2016-10-13 00:50:50', 0, '', 0, '', '13', b'1', '3000', '', 1, 288, NULL, NULL, NULL, NULL, NULL, NULL, NULL, NULL, NULL, NULL, NULL, 7, 23, 1, 1, 1, 1, NULL),
(287, '1', '', 30000, 'Aloma County,', '2016-10-13 00:52:54', '2', '2', 'Auto', '2016-12-12 00:56:31', '2016-10-13 00:56:04', 150000, '', '', '', '', '', '', '', '', '2016-10-13 00:56:04', '2017-11-12 00:56:31', b'1', '2016-10-13 00:52:54', 0, '', 0, '', '20', b'1', '1500', '', 1, 289, NULL, NULL, NULL, NULL, NULL, NULL, NULL, NULL, NULL, NULL, NULL, 5, 21, 1, 1, 1, 1, NULL),
(288, '1', 'Bunaglow No.9,', 200000, 'Green Park Soc.', '2016-10-13 00:56:46', '', '', 'Auto', '2016-12-13 00:05:44', '2016-10-13 00:58:37', 500000, '', '', '', '', '', '', 'Behind Sizen Hotel', '', '2016-10-13 00:58:37', '2017-11-13 00:05:44', b'1', '2016-10-13 00:56:46', 0, '', 0, '', '33', b'1', '6000', '', 1, 289, NULL, NULL, NULL, NULL, NULL, NULL, NULL, NULL, NULL, NULL, NULL, 7, 23, 9, 1, 1, 1, NULL),
(289, '1', '', 20000, 'Bavdhan', '2016-10-13 01:04:32', '2', '2', 'Auto', '2016-12-13 00:05:44', '2016-10-13 01:06:46', 100000, '', '', '', '', '', '', '', '', '2016-10-13 01:06:46', '2017-11-13 00:05:44', b'1', '2016-10-13 01:04:32', 0, '', 0, '', '17', b'1', '1200', '', 1, 290, NULL, NULL, NULL, NULL, NULL, NULL, NULL, NULL, NULL, NULL, NULL, 5, 21, 39, 1, 1, 1, NULL),
(290, '1', '', 15000, 'Baner', '2016-10-13 01:06:59', '', '', 'Auto', '2016-12-13 00:05:44', '2016-10-13 01:09:07', 60000, '', '', '', '', '', '', '', '', '2016-10-13 01:09:07', '2017-11-13 00:05:44', b'1', '2016-10-13 01:06:59', 0, '', 0, '', '18', b'1', '850', '', 1, 291, NULL, NULL, NULL, NULL, NULL, NULL, NULL, NULL, NULL, NULL, NULL, 5, 19, 1, 1, 1, 1, NULL),
(291, '1', '', 25000, 'Baner', '2016-10-13 01:09:18', '', '', 'Auto', '2016-12-13 00:05:44', '2016-10-13 01:14:56', 150000, '', '', '', '', '', '', '', '', '2016-10-13 01:14:56', '2017-11-13 00:05:44', b'1', '2016-10-13 01:09:18', 0, '', 0, '', '21', b'1', '1200', '', 1, 292, NULL, NULL, NULL, NULL, NULL, NULL, NULL, NULL, NULL, NULL, NULL, 5, 21, 1, 1, 1, 1, NULL),
(292, '1', '', 25000, 'Baner', '2016-10-13 01:15:28', '', '', 'Auto', '2016-12-13 00:05:44', '2016-10-13 01:40:10', 80000, '', '', '', '', '', '', '', '', '2016-10-13 01:40:10', '2017-11-13 00:05:44', b'1', '2016-10-13 01:15:28', 0, '', 0, '', '21', b'1', '1200', '', 1, 293, NULL, NULL, NULL, NULL, NULL, NULL, NULL, NULL, NULL, NULL, NULL, 5, 21, 1, 1, 1, 1, NULL),
(293, '1', '', 25000, 'Baner', '2016-10-13 01:40:23', '', '', 'Auto', '2016-12-13 00:05:44', '2016-10-13 01:56:14', 120000, '', '', '', '', '', '', '', '', '2016-10-13 01:56:14', '2017-11-13 00:05:44', b'1', '2016-10-13 01:40:23', 0, '', 0, '', '21', b'1', '1200', '', 1, 294, NULL, NULL, NULL, NULL, NULL, NULL, NULL, NULL, NULL, NULL, NULL, 5, 21, 1, 1, 1, 1, NULL),
(294, '1', '', 12000, 'Balewadi', '2016-10-13 01:57:52', '2', '2', 'Auto', '2016-12-13 00:05:44', '2016-10-13 02:00:31', 60000, '', '', '', '', '', '', '', '', '2016-10-13 02:00:31', '2017-11-13 00:05:44', b'1', '2016-10-13 01:57:52', 0, '', 0, '', '14', b'1', '860', '', 1, 295, NULL, NULL, NULL, NULL, NULL, NULL, NULL, NULL, NULL, NULL, NULL, 5, 19, 7, 1, 1, 1, NULL),
(295, '1', '', 12000, 'Pashan', '2016-10-13 02:05:17', '2', '2', 'Auto', '2016-12-13 00:05:44', '2016-10-13 02:09:00', 50000, '', '', '', '', '', '', '', '', '2016-10-13 02:09:00', '2017-11-13 00:05:44', b'1', '2016-10-13 02:05:17', 0, '', 0, '', '13', b'1', '950', '', 1, 296, NULL, NULL, NULL, NULL, NULL, NULL, NULL, NULL, NULL, NULL, NULL, 6, 19, 15, 1, 1, 1, NULL),
(296, '1', '', 12000, 'Baner', '2016-10-13 02:16:20', '2', '2', 'Auto', '2016-12-13 00:05:44', '2016-10-13 02:19:01', 60000, '', '', '', '', '', '', '', '', '2016-10-13 02:19:01', '2017-11-13 00:05:44', b'1', '2016-10-13 02:16:20', 0, '', 0, '', '14', b'1', '850', '', 1, 297, NULL, NULL, NULL, NULL, NULL, NULL, NULL, NULL, NULL, NULL, NULL, 5, 19, 1, 1, 1, 1, NULL),
(297, '1', '', 15000, 'Aundh', '2016-10-13 02:26:42', '', '', 'Auto', '2016-12-13 00:05:44', '2016-10-13 02:31:17', 60000, '', '', '', '', '', '', '', '', '2016-10-13 02:31:17', '2017-11-13 00:05:44', b'1', '2016-10-13 02:26:42', 0, '', 0, '', '18', b'1', '850', '', 1, 298, NULL, NULL, NULL, NULL, NULL, NULL, NULL, NULL, NULL, NULL, NULL, 5, 19, 9, 1, 1, 1, NULL),
(298, '1', '', 25000, 'Baner', '2016-10-13 02:31:29', '2', '2', 'Auto', '2016-12-13 00:05:44', '2016-10-13 02:33:36', 75000, '', '', '', '', '', '', '', '', '2016-10-13 02:33:36', '2017-11-13 00:05:44', b'1', '2016-10-13 02:31:29', 0, '', 0, '', '22', b'1', '1150', '', 1, 299, NULL, NULL, NULL, NULL, NULL, NULL, NULL, NULL, NULL, NULL, NULL, 5, 21, 1, 1, 1, 1, NULL),
(299, '1', '', 25000, 'Baner', '2016-10-13 02:33:50', '2', '2', 'Auto', '2016-12-13 00:05:44', '2016-10-13 02:36:13', 80000, '', '', '', '', '', '', '', '', '2016-10-13 02:36:13', '2017-11-13 00:05:44', b'1', '2016-10-13 02:33:50', 0, '', 0, '', '20', b'1', '1250', '', 1, 300, NULL, NULL, NULL, NULL, NULL, NULL, NULL, NULL, NULL, NULL, NULL, 5, 21, 1, 1, 1, 1, NULL),
(300, '1', '', 16000, 'Balewadi', '2016-10-13 02:39:16', '2', '2', 'Auto', '2016-12-13 00:05:44', '2016-10-13 02:41:22', 80000, '', '', '', '', '', '', '', '', '2016-10-13 02:41:22', '2017-11-13 00:05:44', b'1', '2016-10-13 02:39:16', 0, '', 0, '', '13', b'1', '1200', '', 1, 301, NULL, NULL, NULL, NULL, NULL, NULL, NULL, NULL, NULL, NULL, NULL, 6, 21, 7, 1, 1, 1, NULL),
(301, '1', '', 10000, 'Baner', '2016-10-13 02:41:33', '', '', 'Auto', '2016-12-13 00:05:44', '2016-10-13 02:43:21', 40000, '', '', '', '', '', '', '', '', '2016-10-13 02:43:21', '2017-11-13 00:05:44', b'0', '2016-10-13 02:41:33', 0, '', 0, 'owner has 4 1BHK flats for rent', '18', b'1', '550', '', 1, 302, NULL, NULL, NULL, NULL, NULL, NULL, NULL, NULL, NULL, NULL, NULL, 5, 17, 1, 1, 1, 1, NULL),
(302, '1', '', 12000, 'Balewadi', '2016-10-13 02:43:33', '2', '2', 'Auto', '2016-12-13 00:05:44', '2016-10-13 02:58:55', 50000, '', '', '', '', '', '', '', '', '2016-10-13 02:58:55', '2017-11-13 00:05:44', b'1', '2016-10-13 02:43:33', 0, '', 0, '', '12', b'1', '980', '', 1, 303, NULL, NULL, NULL, NULL, NULL, NULL, NULL, NULL, NULL, NULL, NULL, 5, 19, 7, 1, 1, 1, NULL),
(303, '1', '', 8500, 'Balewadi', '2016-10-13 03:01:23', '1', '1', 'Auto', '2016-12-13 00:05:44', '2016-10-13 03:03:00', 40000, '', '', '', '', '', '', '', '', '2016-10-13 03:03:00', '2017-11-13 00:05:44', b'0', '2016-10-13 03:01:23', 0, '', 0, '', '13', b'1', '650', '', 1, 304, NULL, NULL, NULL, NULL, NULL, NULL, NULL, NULL, NULL, NULL, NULL, 5, 17, 7, 1, 1, 1, NULL),
(304, '1', '', 12000, 'Bavdhan', '2016-10-13 03:03:11', '2', '2', 'Auto', '2016-12-13 00:05:44', '2016-10-13 03:05:15', 60000, '', '', '', '', '', '', '', '', '2016-10-13 03:05:15', '2017-11-13 00:05:44', b'1', '2016-10-13 03:03:11', 0, '', 0, '', '13', b'1', '950', '', 1, 305, NULL, NULL, NULL, NULL, NULL, NULL, NULL, NULL, NULL, NULL, NULL, 5, 19, 39, 1, 1, 1, NULL),
(305, '1', '', 15000, 'Bavdhan', '2016-10-13 03:05:26', '2', '2', 'Auto', '2016-12-13 00:05:44', '2016-10-13 03:07:06', 80000, '', '', '', '', '', '', '', '', '2016-10-13 03:07:06', '2017-11-13 00:05:44', b'1', '2016-10-13 03:05:26', 0, '', 0, '', '13', b'1', '1150', '', 1, 306, NULL, NULL, NULL, NULL, NULL, NULL, NULL, NULL, NULL, NULL, NULL, 5, 21, 39, 1, 1, 1, NULL),
(306, '1', '', 12000, 'Pashan Sus Rd', '2016-10-13 03:07:14', '2', '2', 'Auto', '2016-12-13 00:05:44', '2016-10-13 03:09:00', 50000, '', '', '', '', '', '', '', '', '2016-10-13 03:09:00', '2017-11-13 00:05:44', b'1', '2016-10-13 03:07:14', 0, '', 0, '', '12', b'1', '980', '', 1, 307, NULL, NULL, NULL, NULL, NULL, NULL, NULL, NULL, NULL, NULL, NULL, 6, 19, 40, 1, 1, 1, NULL),
(307, '1', 'Shirine Garden Co Operative Housing Society, G-Wing,9th Floor', 32000, 'Shirine Garden Co Operative Housing Society', '2016-10-15 01:26:51', '', '', 'Auto', '2016-12-15 03:22:50', '2016-10-15 01:37:46', 200000, '', '9', '', '', '', '', 'Parihar Chowk', '11', '2016-10-15 01:37:46', '2017-11-15 03:22:50', b'1', '2016-10-15 01:26:51', 0, '', 0, '', '24', b'1', '1350', '', 1, 308, NULL, NULL, NULL, NULL, NULL, NULL, NULL, NULL, NULL, NULL, NULL, 6, 19, 9, 1, 1, 1, 'Open'),
(308, '1', 'Ganesh Residency,E-Wing, 2nd Floor,Flat No. 202', 16000, 'Ganesh Residency', '2016-10-15 03:48:37', '2', '2', 'Auto', '2016-12-15 03:22:50', '2016-10-15 03:55:47', 50000, '', '2', '', '', '', '', 'Adjacent to Lotus Multi-Specialty Hospital', '11', '2016-10-15 03:55:47', '2017-11-15 03:22:50', b'1', '2016-10-15 03:48:37', 0, '', 0, '', '12', b'1', '1333', '', 1, 309, NULL, NULL, NULL, NULL, NULL, NULL, NULL, NULL, NULL, NULL, NULL, 6, 21, 3, 1, 1, 1, 'Open'),
(309, '1', 'Kul Ecoloch,E2-Wing,6th Floor, Flat No. 601,behind Balewadi Stadium', 10000, 'Kul Ecoloch', '2016-10-15 03:55:54', '1', '2', 'Auto', '2016-12-15 03:22:50', '2016-10-15 04:00:15', 40000, '', '6', '', '', '', '', 'behind Balewadi Stadium', '11', '2016-10-15 04:00:15', '2017-11-15 03:22:50', b'1', '2016-10-15 03:55:54', 0, '', 0, '', '11', b'1', '925', '', 1, 310, NULL, NULL, NULL, NULL, NULL, NULL, NULL, NULL, NULL, NULL, NULL, 5, 19, 6, 1, 1, 1, 'Open'),
(310, '1', 'Dagnook, C-Wing,5th Floor, Flat No-503', 15000, 'Dagnook', '2016-10-15 04:00:38', '1', '2', 'Auto', '2016-12-15 03:22:50', '2016-10-15 04:04:11', 50000, '', '5', '', '', '', '', '', '11', '2016-10-15 04:04:11', '2017-11-15 03:22:50', b'1', '2016-10-15 04:00:38', 0, '', 0, '', '16', b'1', '920', '', 1, 311, NULL, NULL, NULL, NULL, NULL, NULL, NULL, NULL, NULL, NULL, NULL, 6, 19, 17, 1, 1, 1, 'Close'),
(311, '1', 'Sai Raj Residency, 2nd Floor,', 13000, 'Sai Raj Residency', '2016-10-15 04:04:53', '1', '2', 'Auto', '2016-12-15 03:22:50', '2016-10-15 04:08:23', 30000, '', '2', '', '', '', '', 'Near Krishna Chowk', '11', '2016-10-15 04:08:23', '2017-11-15 03:22:50', b'1', '2016-10-15 04:04:53', 0, '', 0, '', '19', b'1', '700', '', 1, 312, NULL, NULL, NULL, NULL, NULL, NULL, NULL, NULL, NULL, NULL, NULL, 6, 19, 20, 1, 1, 1, 'Open'),
(312, '1', 'Shirole Park, 3rd Floor,', 20000, 'Shirole Park,', '2016-10-15 04:09:25', '', '', 'Auto', '2016-12-15 03:22:50', '2016-10-15 04:14:07', 50000, '', '3', '', '', '', '', '', '11', '2016-10-15 04:14:07', '2017-11-15 03:22:50', b'1', '2016-10-15 04:09:25', 0, '', 0, '', '50', b'1', '400', '', 1, 313, NULL, NULL, NULL, NULL, NULL, NULL, NULL, NULL, NULL, NULL, NULL, 6, 17, 34, 1, 1, 1, 'Close'),
(313, '1', '', 10000, 'Aundh', '2016-10-15 04:17:27', '', '', 'Auto', '2016-12-15 03:22:50', '2016-10-15 04:19:28', 40000, '', '', '', '', '', '', '', '', '2016-10-15 04:19:28', '2017-11-15 03:22:50', b'0', '2016-10-15 04:17:27', 0, '', 0, '', '25', b'1', '400', '', 1, 315, NULL, NULL, NULL, NULL, NULL, NULL, NULL, NULL, NULL, NULL, NULL, 5, 17, 9, 1, 1, 1, NULL),
(314, '1', 'Mont Vert Pristine, A2-Wing,10th Floor, Flat No-1003', 17000, 'Mont Vert Pristine', '2016-10-15 04:23:52', '1', '2', 'Auto', '2016-12-15 03:22:50', '2016-10-15 04:31:43', 75000, '', '10', '', '', '', '', '', '11', '2016-10-15 04:31:43', '2017-11-15 03:22:50', b'1', '2016-10-15 04:23:52', 0, '', 0, '', '14', b'1', '1186', '', 1, 316, NULL, NULL, NULL, NULL, NULL, NULL, NULL, NULL, NULL, NULL, NULL, 6, 19, 9, 1, 1, 1, 'Open'),
(315, '1', '', 14000, 'Aundh', '2016-10-15 04:31:57', '', '', 'Auto', '2016-12-15 03:22:50', '2016-10-15 04:34:36', 60000, '', '', '', '', '', '', '', '', '2016-10-15 04:34:36', '2017-11-15 03:22:50', b'0', '2016-10-15 04:31:57', 0, '', 0, '', '13', b'1', '1100', '', 1, 317, NULL, NULL, NULL, NULL, NULL, NULL, NULL, NULL, NULL, NULL, NULL, 7, 19, 9, 1, 1, 1, NULL),
(316, '1', '', 17000, 'Baner', '2016-10-15 05:34:50', '1', '2', 'Auto', '2016-12-15 03:22:50', '2016-10-15 05:37:44', 50000, '', '', '', '', '', '', '', '', '2016-10-15 05:37:44', '2017-11-15 03:22:50', b'1', '2016-10-15 05:34:50', 0, '', 0, '', '15', b'1', '1137', '', 1, 320, NULL, NULL, NULL, NULL, NULL, NULL, NULL, NULL, NULL, NULL, NULL, 5, 19, 1, 1, 1, 1, NULL),
(317, '1', 'KAPIL MALHAR C-5', 23000, 'kapil malhar', '2016-10-15 05:37:53', '2', '2', 'Auto', '2016-12-15 03:22:50', '2016-10-15 05:40:35', 90000, '', '', '', '', '', '', '', '', '2016-10-15 05:40:35', '2017-11-15 03:22:50', b'1', '2016-10-15 05:37:53', 0, '', 0, '', '16', b'1', '1400', '', 1, 321, NULL, NULL, NULL, NULL, NULL, NULL, NULL, NULL, NULL, NULL, NULL, 6, 19, NULL, 1, 1, 1, 'Close'),
(318, '1', '', 18500, 'karan celista', '2016-10-15 05:40:50', '', '', 'Auto', '2016-12-15 03:22:50', '2016-10-15 05:46:33', 60000, '', '', '', '', '', '', '', '', '2016-10-15 05:46:33', '2017-11-15 03:22:50', b'1', '2016-10-15 05:40:50', 0, '', 0, '', '12', b'1', '1506', '', 1, 322, NULL, NULL, NULL, NULL, NULL, NULL, NULL, NULL, NULL, NULL, 1, NULL, NULL, 1, 1, 1, 1, 'Close'),
(319, '1', '', 12000, 'chidaand society', '2016-10-15 05:53:25', '1', '1', 'Auto', '2016-12-15 03:22:50', '2016-10-15 05:56:59', 40000, '', '', '', '', '', '', '', '', '2016-10-15 05:56:59', '2017-11-15 03:22:50', b'1', '2016-10-15 05:53:25', 0, '', 0, '', '20', b'1', '600', '', 1, 323, NULL, NULL, NULL, NULL, NULL, NULL, NULL, NULL, NULL, NULL, 1, 5, 17, 40, 1, 1, 1, 'Open'),
(320, '1', '', 22000, 'saela rajwada', '2016-10-15 05:57:05', '2', '2', 'Auto', '2016-12-15 03:22:50', '2016-10-15 06:02:36', 70000, '', '', '', '', '', '', '', '', '2016-10-15 06:02:36', '2017-11-15 03:22:50', b'1', '2016-10-15 05:57:05', 0, '', 0, '', '19', b'1', '1170', '', 1, 324, NULL, NULL, NULL, NULL, NULL, NULL, NULL, NULL, NULL, NULL, NULL, 7, 19, 1, 1, 1, 1, 'Close'),
(321, '1', '', 12000, 'chidaand society', '2016-10-15 06:03:22', '', '', 'Auto', '2016-12-15 03:22:50', '2016-10-15 06:05:34', 40000, '', '', '', '', '', '', '', '', '2016-10-15 06:05:34', '2017-11-15 03:22:50', b'1', '2016-10-15 06:03:22', 0, '', 0, '', '18', b'1', '650', '', 1, 325, NULL, NULL, NULL, NULL, NULL, NULL, NULL, NULL, NULL, NULL, NULL, 5, 17, 39, 1, 1, 1, 'Open'),
(322, '1', '', 17000, 'Baner', '2016-10-15 06:07:33', '1', '2', 'Auto', '2016-12-15 03:22:50', '2016-10-15 06:09:44', 50000, '', '', '', '', '', '', '', '', '2016-10-15 06:09:44', '2017-11-15 03:22:50', b'1', '2016-10-15 06:07:33', 0, '', 0, '', '15', b'1', '1110', '', 1, 326, NULL, NULL, NULL, NULL, NULL, NULL, NULL, NULL, NULL, NULL, NULL, 5, 19, 1, 1, 1, 1, 'Open'),
(323, '1', '', 16000, 'anjur society', '2016-10-15 06:10:02', '2', '2', 'Auto', '2016-12-15 03:22:50', '2016-10-15 06:11:52', 60000, '', '', '', '', '', '', '', '', '2016-10-15 06:11:52', '2017-11-15 03:22:50', b'1', '2016-10-15 06:10:02', 0, '', 0, '', '15', b'1', '1100', '', 1, 327, NULL, NULL, NULL, NULL, NULL, NULL, NULL, NULL, NULL, NULL, NULL, 5, 19, 1, 1, 1, 1, 'Close'),
(324, '1', '', 16000, 'Baner', '2016-10-15 06:11:59', '', '', 'Auto', '2016-12-15 03:22:50', '2016-10-15 06:17:05', 60000, '', '', '', '', '', '', '', '', '2016-10-15 06:17:05', '2017-11-15 03:22:50', b'1', '2016-10-15 06:11:59', 0, '', 0, '', '17', b'1', '950', '', 1, 328, NULL, NULL, NULL, NULL, NULL, NULL, NULL, NULL, NULL, NULL, 4, 5, 19, 1, 1, NULL, 1, 'Open'),
(325, '1', '', 15000, 'avani heights', '2016-10-15 06:17:42', '1', '2', 'Auto', '2016-12-15 03:22:50', '2016-10-15 06:20:58', 50000, '', '', '', '', '', '', 'NEAR RAJWADA', '', '2016-10-15 06:20:58', '2017-11-15 03:22:50', b'1', '2016-10-15 06:17:42', 0, '', 0, '', '15', b'1', '1000', '', 1, 329, NULL, NULL, NULL, NULL, NULL, NULL, NULL, NULL, NULL, NULL, 1, 5, 19, 1, 1, 1, 1, 'Close'),
(326, '1', '', 12000, 'Baner', '2016-10-15 06:21:04', '', '', 'Auto', '2016-12-15 03:22:50', '2016-10-15 06:25:24', 40000, '', '', '', '', '', '', '', '', '2016-10-15 06:25:24', '2017-11-15 03:22:50', b'1', '2016-10-15 06:21:04', 0, '', 0, '', '24', b'1', '510', '', 1, 330, NULL, NULL, NULL, NULL, NULL, NULL, NULL, NULL, NULL, NULL, NULL, NULL, 17, 1, 1, NULL, 1, 'Open'),
(327, '1', '', 15000, 'Baner', '2016-10-15 06:25:31', '', '', 'Auto', '2016-12-15 03:22:50', '2016-10-15 06:28:33', 50000, '', '', '', '', '', '', 'someshwar wadi', '', '2016-10-15 06:28:33', '2017-11-15 03:22:50', b'1', '2016-10-15 06:25:31', 0, '', 0, '', '17', b'1', '890', '', 1, 331, NULL, NULL, NULL, NULL, NULL, NULL, NULL, NULL, NULL, NULL, NULL, 5, 19, 1, 1, 1, 1, NULL),
(328, '1', '', 35000, 'anand park', '2016-10-21 07:38:04', '', '3', 'Auto', '2016-12-21 01:34:01', '2016-10-21 07:41:21', 150000, '', '', '', '', '', '', '', '', '2016-10-21 07:41:21', '2017-11-21 01:34:01', b'1', '2016-10-21 07:38:04', 0, '', 0, '', '19', b'1', '1850', '', 1, 332, NULL, NULL, NULL, NULL, NULL, NULL, NULL, NULL, NULL, NULL, NULL, 5, 21, 9, 1, 1, 1, NULL),
(329, '1', '', 18000, 'Aundh', '2016-10-21 07:42:12', '', '2', 'Auto', '2016-12-21 01:34:04', '2016-10-21 07:46:15', 60000, '', '', '', '', '', '', '', '', '2016-10-21 07:46:15', '2017-11-21 01:34:04', b'1', '2016-10-21 07:42:12', 0, '', 0, '', '20', b'1', '900', '', 1, 333, NULL, NULL, NULL, NULL, NULL, NULL, NULL, NULL, NULL, NULL, NULL, 5, 19, 9, 1, 1, 1, 'Open'),
(330, '1', '', 17000, 'bell socot rajwada', '2016-10-21 07:46:20', '', '2', 'Auto', '2016-12-21 01:34:04', '2016-10-21 07:49:14', 60000, '', '', '', '', '', '', '', '', '2016-10-21 07:49:14', '2017-11-21 01:34:04', b'1', '2016-10-21 07:46:20', 0, '5', 0, '', '16', b'1', '1050', '', 1, 334, NULL, NULL, NULL, NULL, NULL, NULL, NULL, NULL, NULL, NULL, 1, 6, 19, 1, 1, 1, 1, NULL),
(331, '1', '', 17000, 'chidanand society', '2016-10-21 08:09:36', '', '2', 'Auto', '2016-12-21 01:34:04', '2016-10-21 08:13:45', 50000, '', '', '', '', '', '', '', '', '2016-10-21 08:13:45', '2017-11-21 01:34:04', b'1', '2016-10-21 08:09:36', 0, '10', 0, '', '14', b'1', '1200', '', 1, 335, NULL, NULL, NULL, NULL, NULL, NULL, NULL, NULL, NULL, NULL, NULL, 5, 19, 15, 1, 1, 1, 'Close'),
(332, '1', '', 15000, 'siddhart nagar phase-2', '2016-10-21 08:13:51', '', '1', 'Auto', '2016-12-21 01:34:04', '2016-10-21 08:15:58', 40000, '', '4', '', '', '', '', '', '', '2016-10-21 08:15:58', '2017-11-21 01:34:04', b'1', '2016-10-21 08:13:51', 0, '', 0, '', '26', b'1', '580', '4', 1, 336, NULL, NULL, NULL, NULL, NULL, NULL, NULL, NULL, NULL, NULL, 5, 7, 17, 9, 1, 1, 1, 'Open'),
(333, '1', 'punjab national bank', 17000, 'Aundh', '2016-11-03 02:30:48', '', '2', 'Auto', '2017-01-02 07:48:34', '2016-11-03 02:37:39', 60000, '', '3', '', '', '', '', '', '11', '2016-11-03 02:37:39', '2017-12-02 07:48:34', b'1', '2016-11-03 02:30:48', 0, '', 0, '', '19', b'1', '900', '5', 1, 337, NULL, NULL, NULL, NULL, NULL, NULL, NULL, NULL, NULL, NULL, NULL, 7, 19, 9, 1, 1, 1, ''),
(334, '1', 'balewadi', 9500, 'Balewadi', '2016-11-03 02:37:57', '1', '1', 'Auto', '2017-01-02 07:48:34', '2016-11-03 02:42:26', 28500, '', '', '', '', '', '', 'balewadi', '11', '2016-11-03 02:42:26', '2017-12-02 07:48:34', b'1', '2016-11-03 02:37:57', 0, '', 0, '', '17', b'1', '550', '', 1, 339, NULL, NULL, NULL, NULL, NULL, NULL, NULL, NULL, NULL, NULL, NULL, 5, 17, 7, 1, NULL, 1, 'Open'),
(335, '1', 'Sai Silicon Valley, 2nd Floor', 12500, 'Sai Silicon Valley', '2016-11-03 02:47:42', '1', '1', 'Auto', '2017-01-02 07:48:34', '2016-11-03 02:55:05', 40000, '', '', '', '', '', '', '', '', '2016-11-03 02:55:05', '2017-12-02 07:48:34', b'1', '2016-11-03 02:47:42', 0, '', 0, '', '23', b'1', '550', '', 1, 340, NULL, NULL, NULL, NULL, NULL, NULL, NULL, NULL, NULL, NULL, 1, 7, 17, 7, 1, NULL, 1, 'Close'),
(336, '1', 'Balewadi', 12500, 'Hardevi Sai Silicon Valley', '2016-11-03 02:55:49', '1', '1', 'Auto', '2017-01-02 07:48:34', '2016-11-03 03:00:11', 40000, '', '', '', '', '', '', 'Balewadi', '', '2016-11-03 03:00:11', '2017-12-02 07:48:34', b'1', '2016-11-03 02:55:49', 0, '', 0, '', NULL, b'1', NULL, '', 1, 341, NULL, NULL, NULL, NULL, NULL, NULL, NULL, NULL, NULL, NULL, NULL, 7, 17, 7, 1, 1, 1, 'Close'),
(337, '1', 'baner', 15000, 'Whispering Wind', '2016-11-03 03:00:27', '2', '2', 'Auto', '2017-01-02 07:48:34', '2016-11-03 03:04:50', 50000, '', '6', '', '', '', '', 'Baner', '', '2016-11-03 03:04:50', '2017-12-02 07:48:34', b'1', '2016-11-03 03:00:27', 0, '', 0, '', '', b'1', '900', '', 1, 343, NULL, NULL, NULL, NULL, NULL, NULL, NULL, NULL, NULL, NULL, 1, 5, 19, 1, 1, 1, 1, 'Close'),
(338, '1', 'Reelicon Alpine Ridge, 7th Floor', 15000, 'Reelicon Alpine Ridge', '2016-11-03 03:05:03', '2', '2', 'Auto', '2017-01-02 07:48:34', '2016-11-03 03:09:00', 50000, '', '7', '', '', '', '', 'Baner', '', '2016-11-03 03:09:00', '2017-12-02 07:48:34', b'1', '2016-11-03 03:05:03', 0, '', 0, '', '15', b'1', '1000', '', 1, 344, NULL, NULL, NULL, NULL, NULL, NULL, NULL, NULL, NULL, NULL, 1, 6, 19, 1, 1, 1, 1, 'Close'),
(339, '1', 'Sivrangan Towers BANER', 20000, 'Sivrangan Towers', '2016-11-03 03:10:27', '2', '2', 'Auto', '2017-01-02 07:48:34', '2016-11-03 03:13:57', 50000, '', '', '', '', '', '', 'Sivrangan Towers', '', '2016-11-03 03:13:57', '2017-12-02 07:48:34', b'1', '2016-11-03 03:10:27', 0, '', 0, '', '21', b'1', '950', '', 1, 345, NULL, NULL, NULL, NULL, NULL, NULL, NULL, NULL, NULL, NULL, 1, 6, 19, 1, 1, 1, 1, 'Close'),
(340, '1', 'Celestia BANER', 25000, 'Celestia', '2016-11-03 03:14:55', '3', '3', 'Auto', '2017-01-02 07:48:34', '2016-11-03 03:19:20', 100000, '', '', '', '', '', '', 'Celestia', '', '2016-11-03 03:19:20', '2017-12-02 07:48:34', b'1', '2016-11-03 03:14:55', 0, '', 0, '', '18', b'1', '1400', '', 1, 346, NULL, NULL, NULL, NULL, NULL, NULL, NULL, NULL, NULL, NULL, 1, 7, 21, 1, 1, 1, 1, 'Close'),
(341, '1', 'Sai Anusha Residency pashan', 21000, 'Sai Anusha Residency', '2016-11-03 03:21:22', '3', '3', 'Auto', '2017-01-02 07:48:34', '2016-11-03 03:24:10', 70000, '', '', '', '', '', '', 'Sai Anusha Residency', '', '2016-11-03 03:24:10', '2017-12-02 07:48:34', b'1', '2016-11-03 03:21:22', 0, '', 0, '', '14', b'1', '1500', '', 1, 347, NULL, NULL, NULL, NULL, NULL, NULL, NULL, NULL, NULL, NULL, 1, 6, 21, 15, 1, 1, 1, 'Close'),
(342, '1', 'State Bank Colony Pashan', 15000, 'State Bank Colony', '2016-11-03 03:26:51', '2', '1', 'Auto', '2017-01-02 07:48:34', '2016-11-03 03:30:54', 40000, '', '', '', '', '', '', 'State Bank Colony', '', '2016-11-03 03:30:54', '2017-12-02 07:48:34', b'1', '2016-11-03 03:26:51', 0, '', 0, '', '16', b'1', '950', '', 1, 348, NULL, NULL, NULL, NULL, NULL, NULL, NULL, NULL, NULL, NULL, NULL, 6, 19, 15, 1, 1, 1, 'Close'),
(343, '1', 'Bhandari 43 Privet Drive balewadi', 35000, 'Bhandari 43 Privet Drive', '2016-11-03 03:33:16', '3', '2', 'Auto', '2017-01-02 07:48:34', '2016-11-03 03:36:42', 200000, '', '', '', '', '', '', 'Bhandari 43 Privet Drive', '', '2016-11-03 03:36:42', '2017-12-02 07:48:34', b'1', '2016-11-03 03:33:16', 0, '', 0, '', '23', b'1', '1500', '', 1, 349, NULL, NULL, NULL, NULL, NULL, NULL, NULL, NULL, NULL, NULL, 1, 6, 21, 7, 1, 1, 1, 'Close'),
(344, '1', 'Costa Blanca baner', 18000, 'Costa Blanca', '2016-11-03 03:38:15', '1', '1', 'Auto', '2017-01-02 07:48:34', '2016-11-03 03:41:26', 50000, '', '', '', '', '', '', 'Costa Blanca', '', '2016-11-03 03:41:26', '2017-12-02 07:48:34', b'1', '2016-11-03 03:38:15', 0, '', 0, '', '18', b'1', '1000', '', 1, 350, NULL, NULL, NULL, NULL, NULL, NULL, NULL, NULL, NULL, NULL, NULL, 6, 19, 1, 1, 1, 1, 'Close'),
(345, '1', 'Kusta Blanka Society baner', 16000, 'Kusta Blanka Society', '2016-11-03 03:44:00', '1', '1', 'Auto', '2017-01-02 07:48:34', '2016-11-03 03:48:26', 50000, '', '', '', '', '', '', 'Kusta Blanka Society', '', '2016-11-03 03:48:26', '2017-12-02 07:48:34', b'1', '2016-11-03 03:44:00', 0, '', 0, '', '17', b'1', '950', '', 1, 351, NULL, NULL, NULL, NULL, NULL, NULL, NULL, NULL, NULL, NULL, NULL, 6, 19, 1, 1, 1, 1, 'Close'),
(346, '1', 'Maruti Complex, A-Wing, Aundh Gaon, Flat No. 3', 10000, 'Maruti Complex', '2016-11-04 06:21:16', '1', '1', 'Auto', '2017-01-04 00:28:02', '2016-11-04 06:26:15', 30000, '', '', '', '', '', '', 'Aundh', '', '2016-11-04 06:26:15', '2017-12-04 00:28:02', b'1', '2016-11-04 06:21:16', 0, '', 0, '', NULL, b'1', NULL, '', 1, 353, NULL, NULL, NULL, NULL, NULL, NULL, NULL, NULL, NULL, NULL, NULL, 6, 17, 9, 1, 1, 1, 'Close'),
(347, '1', 'Orvi Society', 20000, 'Orvi Society', '2016-11-04 06:26:46', '3', '2', 'Auto', '2017-01-04 00:28:02', '2016-11-04 06:31:01', 50000, '', '', '', '', '', '', 'balewadi', '', '2016-11-04 06:31:01', '2017-12-04 00:28:02', b'1', '2016-11-04 06:26:46', 0, '', 0, '', NULL, b'1', NULL, '', 1, 354, NULL, NULL, NULL, NULL, NULL, NULL, NULL, NULL, NULL, NULL, NULL, 6, 21, 7, 1, 1, 1, 'Close'),
(348, '1', 'Gini Viviana, B - Wing , 7th Floor , Flat No - 701 , Mitcon Cllg', 21000, 'Gini Viviana', '2016-11-04 06:36:49', '2', '1', 'Auto', '2017-01-04 00:28:02', '2016-11-04 06:41:06', 90000, '', '', '', '', '', '', 'Balewadi', '', '2016-11-04 06:41:06', '2017-12-04 00:28:02', b'1', '2016-11-04 06:36:49', 0, '', 0, '', NULL, b'1', NULL, '', 1, 355, NULL, NULL, NULL, NULL, NULL, NULL, NULL, NULL, NULL, NULL, NULL, 7, 19, 7, 1, 1, 1, 'Close'),
(349, '1', 'Orvi Co operative housing society, 4th Floor,', 17500, 'Orvi Co operative housing society', '2016-11-04 06:41:55', '2', '1', 'Auto', '2017-01-04 00:28:02', '2016-11-04 06:45:31', 60000, '', '', '', '', '', '', 'Balewadi', '', '2016-11-04 06:45:31', '2017-12-04 00:28:02', b'1', '2016-11-04 06:41:55', 0, '', 0, '', NULL, b'1', NULL, '', 1, 356, NULL, NULL, NULL, NULL, NULL, NULL, NULL, NULL, NULL, NULL, NULL, 6, 19, 7, 1, 1, 1, 'Close'),
(350, '1', 'Vibibewadi,Near Katraj, Flat no.1004,Wing D8, Floor No.10', 22000, 'Lake Town', '2016-11-04 06:46:16', '3', '3', 'Auto', '2017-01-04 00:28:02', '2016-11-04 06:48:43', 100000, '', '', '', '', '', '', 'Lake Town', '', '2016-11-04 06:48:43', '2017-12-04 00:28:02', b'1', '2016-11-04 06:46:16', 0, '', 0, '', NULL, b'1', NULL, '', 1, 357, NULL, NULL, NULL, NULL, NULL, NULL, NULL, NULL, NULL, NULL, NULL, 6, 21, 7, 1, 1, 1, 'Close'),
(351, '1', 'Alpine Ridge,C-Wing, 3rd Floor, Flat No-304,Near PAN Card Club', 15000, 'Alpine Ridge', '2016-11-04 06:49:09', '2', '2', 'Auto', '2017-01-04 00:28:02', '2016-11-04 06:52:04', 60000, '', '', '', '', '', '', 'Alpine Ridge', '', '2016-11-04 06:52:04', '2017-12-04 00:28:02', b'1', '2016-11-04 06:49:09', 0, '', 0, '', NULL, b'1', NULL, '', 1, 358, NULL, NULL, NULL, NULL, NULL, NULL, NULL, NULL, NULL, NULL, NULL, 7, 19, 1, 1, 1, 1, 'Close'),
(352, '0', 'Laxmi Angan, 6th Floor, Pimple Saudagar', 18000, 'Laxmi Angan', '2016-03-12 00:00:00', NULL, NULL, 'Auto', '2016-12-16 05:42:13', '2016-12-15 03:49:42', 50000, 'Not Avilable', 'Not Avilable', NULL, NULL, NULL, NULL, NULL, NULL, '2016-12-15 03:49:42', '2017-11-16 05:42:13', b'0', '2016-12-15 03:49:42', 0, '0', 0, NULL, NULL, b'1', '0', NULL, 1, 359, NULL, NULL, NULL, NULL, NULL, NULL, NULL, NULL, NULL, NULL, 1, 8, 27, 3, 1, 1, 1, NULL),
(353, '0', 'Laxmi Angan, 6th Floor, Pimple Saudagar', 18000, 'Laxmi Angan', '2017-03-12 00:00:00', NULL, NULL, NULL, '2016-12-28 01:47:32', '2016-12-28 01:47:32', 50000, 'Not Avilable', 'Not Avilable', NULL, NULL, NULL, NULL, NULL, NULL, '2016-12-28 01:47:32', NULL, b'0', '2016-12-28 01:47:32', 0, '0', 0, NULL, NULL, b'0', '0', NULL, 1, 360, NULL, NULL, NULL, NULL, NULL, NULL, NULL, NULL, NULL, NULL, 1, 8, 27, 3, 1, 1, 1, NULL),
(354, '1', 'Laxmi Angan, 6th Floor, Pimple Saudagar', 18000, 'Laxmi Angan', '2017-03-13 01:00:00', NULL, NULL, NULL, '2016-12-28 01:52:24', '2016-12-28 02:26:57', 50000, 'Not Avilable', 'Not Avilable', NULL, NULL, NULL, NULL, NULL, NULL, '2016-12-28 02:26:57', NULL, b'0', '2016-12-28 01:52:24', 0, '0', 0, NULL, NULL, b'0', '0', NULL, 1, 360, NULL, NULL, NULL, NULL, NULL, NULL, NULL, NULL, NULL, NULL, 1, 8, 27, 3, 1, 1, 1, NULL);

-- --------------------------------------------------------

--
-- Table structure for table `propertydate`
--

CREATE TABLE `propertydate` (
  `PROPERTYDATEID` int(11) NOT NULL,
  `AVILABLEDATE` datetime DEFAULT NULL,
  `CLOSEBY` varchar(100) DEFAULT NULL,
  `CLOSEDATE` datetime DEFAULT NULL,
  `POSTEDON` datetime DEFAULT NULL
) ENGINE=MyISAM DEFAULT CHARSET=latin1;

-- --------------------------------------------------------

--
-- Table structure for table `propertyfacing`
--

CREATE TABLE `propertyfacing` (
  `PROPERTYFACINGID` int(11) NOT NULL,
  `ACTIVE` varchar(1) DEFAULT NULL,
  `CREATEDDATE` datetime DEFAULT NULL,
  `MODIFYDDATE` datetime DEFAULT NULL,
  `NAME` longtext,
  `RECORDORDER` int(11) DEFAULT NULL,
  `USERID` int(11) DEFAULT NULL
) ENGINE=MyISAM DEFAULT CHARSET=latin1;

--
-- Dumping data for table `propertyfacing`
--

INSERT INTO `propertyfacing` (`PROPERTYFACINGID`, `ACTIVE`, `CREATEDDATE`, `MODIFYDDATE`, `NAME`, `RECORDORDER`, `USERID`) VALUES
(1, '1', '2016-07-30 05:58:00', '2016-07-30 05:58:00', 'East', 1, 1),
(2, '1', '2016-07-30 05:58:09', '2016-07-30 05:58:09', 'West', 0, NULL),
(3, '1', '2016-07-30 05:58:21', '2016-07-30 05:58:21', 'South', 0, NULL),
(4, '1', NULL, NULL, 'North', 0, NULL),
(5, '1', '2016-07-30 05:58:39', '2016-07-30 05:58:39', 'North East', 0, 1),
(6, '1', '2016-07-30 05:58:48', '2016-07-30 05:58:48', 'North West', 0, 1),
(7, '1', '2016-07-30 05:58:57', '2016-07-30 05:58:57', 'South East', 0, 1),
(8, '1', '2016-07-30 05:59:06', '2016-07-30 05:59:06', 'South West', 0, 1);

-- --------------------------------------------------------

--
-- Table structure for table `propertyfurnished`
--

CREATE TABLE `propertyfurnished` (
  `PROPERTYFURNISHEDID` int(11) NOT NULL,
  `ACTIVE` varchar(1) DEFAULT NULL,
  `CREATEDDATE` datetime DEFAULT NULL,
  `MODIFYDDATE` datetime DEFAULT NULL,
  `NAME` longtext,
  `RECORDORDER` int(11) DEFAULT NULL,
  `USERID` int(11) DEFAULT NULL
) ENGINE=MyISAM DEFAULT CHARSET=latin1;

--
-- Dumping data for table `propertyfurnished`
--

INSERT INTO `propertyfurnished` (`PROPERTYFURNISHEDID`, `ACTIVE`, `CREATEDDATE`, `MODIFYDDATE`, `NAME`, `RECORDORDER`, `USERID`) VALUES
(1, '0', '2016-07-09 07:31:19', '2016-07-09 07:31:19', 'U/F', 1, 1),
(2, '0', '2016-07-09 07:31:37', '2016-07-09 07:31:37', 'S/F', 2, 1),
(3, '0', '2016-07-09 07:31:51', '2016-07-09 07:31:51', 'F/F', 0, NULL),
(4, '0', NULL, NULL, 'Semi', 0, NULL),
(5, '1', '2016-07-09 07:33:30', '2016-07-09 07:33:30', 'U/F', 0, 1),
(6, '1', '2016-07-09 07:34:11', '2016-07-09 07:34:11', 'S/F', 0, 1),
(7, '1', '2016-07-09 07:34:28', '2016-07-09 07:34:28', 'F/F', 0, 1),
(8, NULL, NULL, NULL, 'Furnished', 0, NULL);

-- --------------------------------------------------------

--
-- Table structure for table `propertylbedrooms`
--

CREATE TABLE `propertylbedrooms` (
  `PROPERTYLBEDROOMSID` int(11) NOT NULL,
  `ACTIVE` varchar(1) DEFAULT NULL,
  `CREATEDDATE` datetime DEFAULT NULL,
  `MODIFYDDATE` datetime DEFAULT NULL,
  `NAME` longtext,
  `RECORDORDER` int(11) DEFAULT NULL,
  `USERID` int(11) DEFAULT NULL
) ENGINE=MyISAM DEFAULT CHARSET=latin1;

--
-- Dumping data for table `propertylbedrooms`
--

INSERT INTO `propertylbedrooms` (`PROPERTYLBEDROOMSID`, `ACTIVE`, `CREATEDDATE`, `MODIFYDDATE`, `NAME`, `RECORDORDER`, `USERID`) VALUES
(1, '0', '2016-07-30 05:49:07', '2016-07-30 05:49:07', '1 RK', 1, 1),
(2, '0', '2016-07-30 05:49:21', '2016-07-30 05:49:21', '1 BHK', 0, NULL),
(3, '0', '2016-07-30 05:49:36', '2016-07-30 05:49:36', '1.5 BHK', 0, NULL),
(4, '0', '2016-07-30 05:49:54', '2016-07-30 05:49:54', '2 BHK', 0, NULL),
(5, '0', '2016-07-30 05:50:07', '2016-07-30 05:50:07', '2.5 BHK', 0, NULL),
(6, '0', '2016-07-30 05:50:22', '2016-07-30 05:50:22', '3 BHK', 0, NULL),
(7, '0', '2016-07-30 05:50:37', '2016-07-30 05:50:37', '3.5 BHK', 0, NULL),
(8, '0', '2016-07-30 05:50:49', '2016-07-30 05:50:49', '4 BHK', 0, NULL),
(9, '0', NULL, NULL, '5BHK', 0, NULL),
(10, '0', NULL, NULL, '6BHK', 0, NULL),
(11, '0', NULL, NULL, '1HK', 0, NULL),
(12, '0', NULL, NULL, 'Row House', 0, NULL),
(13, '0', NULL, NULL, '1.5BHK', 0, NULL),
(14, '0', NULL, NULL, 'Bunglow', 0, NULL),
(15, '0', NULL, NULL, '6 BHK', 0, NULL),
(16, '1', '2016-07-30 05:53:56', '2016-07-30 05:53:56', '1 RK', 0, 1),
(17, '1', '2016-07-30 05:55:22', '2016-07-30 05:55:22', '1 BHK', 0, 1),
(18, '1', '2016-07-30 05:55:32', '2016-07-30 05:55:32', '1.5 BHK', 0, 1),
(19, '1', '2016-07-30 05:55:40', '2016-07-30 05:55:40', '2 BHK', 0, 1),
(20, '1', '2016-07-30 05:55:56', '2016-07-30 05:55:56', '2.5 BHK', 0, 1),
(21, '1', '2016-07-30 05:56:05', '2016-07-30 05:56:05', '3 BHK', 0, 1),
(22, '1', '2016-07-30 05:56:17', '2016-07-30 05:56:17', '3.5 BHK', 0, 1),
(23, '1', '2016-07-30 05:56:28', '2016-07-30 05:56:28', '4 BHK', 0, 1),
(24, '1', '2016-07-30 05:56:54', '2016-07-30 05:56:54', '4.5 BHK', 0, 1),
(25, '1', '2016-07-30 05:57:08', '2016-07-30 05:57:08', '5 BHK', 0, 1),
(26, '1', '2016-07-30 05:57:16', '2016-07-30 05:57:16', '6 BHK', 0, 1),
(27, '1', NULL, NULL, '1BHK', 0, NULL);

-- --------------------------------------------------------

--
-- Table structure for table `propertylocality`
--

CREATE TABLE `propertylocality` (
  `PROPERTYLOCALITYID` int(11) NOT NULL,
  `ACTIVE` varchar(1) DEFAULT NULL,
  `CREATEDDATE` datetime DEFAULT NULL,
  `MODIFYDDATE` datetime DEFAULT NULL,
  `NAME` longtext,
  `RECORDORDER` int(11) DEFAULT NULL,
  `CITYID` int(11) DEFAULT NULL,
  `USERID` int(11) DEFAULT NULL
) ENGINE=MyISAM DEFAULT CHARSET=latin1;

--
-- Dumping data for table `propertylocality`
--

INSERT INTO `propertylocality` (`PROPERTYLOCALITYID`, `ACTIVE`, `CREATEDDATE`, `MODIFYDDATE`, `NAME`, `RECORDORDER`, `CITYID`, `USERID`) VALUES
(1, '1', '2016-07-30 05:47:46', '2016-07-30 05:47:46', 'Baner', 1, 1, 1),
(2, '1', NULL, NULL, 'Hinjewadi', 0, 1, NULL),
(3, '1', NULL, NULL, 'Pimple Saudagar', 0, 1, NULL),
(4, '1', NULL, NULL, 'Pimple Nilakh', 0, 1, NULL),
(5, '1', '2016-07-30 07:44:28', '2016-07-30 07:44:28', 'Baner Pashan Link Road', 0, 1, NULL),
(6, '1', NULL, NULL, 'Mahalunge', 0, 1, NULL),
(7, '1', NULL, NULL, 'Balewadi', 0, 1, NULL),
(8, '1', NULL, NULL, 'Wakad', 0, 1, NULL),
(9, '1', NULL, NULL, 'Aundh', 0, 1, NULL),
(10, '1', NULL, NULL, 'Pimple Gurav', 0, 1, NULL),
(11, '1', NULL, NULL, 'Vishal Nagar', 0, 1, NULL),
(12, '1', NULL, NULL, 'Dangechowk', 0, 1, NULL),
(13, '1', NULL, NULL, 'Thergaon', 0, 1, NULL),
(14, '1', NULL, NULL, 'Kalewadi', 0, 1, NULL),
(15, '1', NULL, NULL, 'Pashan', 0, 1, NULL),
(16, '1', NULL, NULL, 'Marunji', 0, 1, NULL),
(17, '1', NULL, NULL, 'Thathawade', 0, 1, NULL),
(18, '1', NULL, NULL, 'Rahatani', 0, 1, NULL),
(19, '1', NULL, NULL, 'Ravet', 0, 1, NULL),
(20, '1', '2016-08-01 23:49:23', '2016-08-01 23:49:23', 'Sanghvi New', 0, 1, NULL),
(21, '1', NULL, NULL, 'Bopodi', 0, 1, NULL),
(22, '1', '2016-07-30 07:28:22', '2016-07-30 07:28:22', 'Sakalnagar', 0, 1, NULL),
(23, '1', NULL, NULL, 'Sutarwadi', 0, 1, NULL),
(24, '1', '2016-07-30 07:28:45', '2016-07-30 07:28:45', 'Panchavati', 0, 1, 1),
(25, '1', '2016-07-30 07:29:51', '2016-07-30 07:29:51', 'Model Colony', 0, 1, 1),
(26, '1', '2016-07-30 07:30:04', '2016-07-30 07:30:04', 'Bhosale Nagar', 0, 1, 1),
(27, '1', '2016-07-30 07:30:29', '2016-07-30 07:30:29', 'Ashok Nagar', 0, 1, 1),
(28, '1', '2016-07-30 07:30:59', '2016-07-30 07:30:59', 'SB Road', 0, 1, 1),
(29, '1', '2016-07-30 07:33:32', '2016-07-30 07:33:32', 'FC Road', 0, 1, 1),
(30, '1', '2016-07-30 07:31:32', '2016-07-30 07:31:32', 'Law College Road', 0, 1, 1),
(31, '1', '2016-07-30 07:31:45', '2016-07-30 07:31:45', 'Bhandarkar Road', 0, 1, 1),
(32, '1', '2016-07-30 07:39:24', '2016-07-30 07:39:24', 'Prabhat Road', 0, 1, 1),
(33, '1', '2016-07-30 07:41:52', '2016-07-30 07:41:52', 'Gokhale Nagar', 0, 1, 1),
(34, '1', '2016-08-01 23:24:04', '2016-08-01 23:24:04', 'Shivaji Nagar', 0, 1, 1),
(35, '1', '2016-08-01 23:24:22', '2016-08-01 23:24:22', 'Wakdewadi', 0, 1, 1),
(36, '1', '2016-08-01 23:24:39', '2016-08-01 23:24:39', 'Deccan Gymkhana', 0, 1, 1),
(37, '1', '2016-08-01 23:24:54', '2016-08-01 23:24:54', 'JM Road', 0, 1, 1),
(38, '1', '2016-08-01 23:31:40', '2016-08-01 23:31:40', 'Apte Road', 0, 1, 1),
(39, '1', '2016-08-01 23:25:41', '2016-08-01 23:25:41', 'Bavdhan', 0, 1, 1),
(40, '1', '2016-08-01 23:26:51', '2016-08-01 23:26:51', 'Pashan Sus Road', 0, 1, 1),
(41, '1', '2016-08-01 23:32:08', '2016-08-01 23:32:08', 'Sus Gaon', 0, 1, 1),
(42, '1', '2016-08-01 23:49:34', '2016-08-01 23:49:34', 'Sanghvi Old', 0, 1, 1),
(43, '1', '2016-08-04 23:44:48', '2016-08-04 23:44:48', 'All Pune', 0, 1, 1);

-- --------------------------------------------------------

--
-- Table structure for table `propertypriority`
--

CREATE TABLE `propertypriority` (
  `PROPERTYPRIORITYID` int(11) NOT NULL,
  `ACTIVE` varchar(1) DEFAULT NULL,
  `CREATEDDATE` datetime DEFAULT NULL,
  `MODIFYDDATE` datetime DEFAULT NULL,
  `NAME` longtext,
  `RECORDORDER` int(11) DEFAULT NULL,
  `USERID` int(11) DEFAULT NULL
) ENGINE=MyISAM DEFAULT CHARSET=latin1;

--
-- Dumping data for table `propertypriority`
--

INSERT INTO `propertypriority` (`PROPERTYPRIORITYID`, `ACTIVE`, `CREATEDDATE`, `MODIFYDDATE`, `NAME`, `RECORDORDER`, `USERID`) VALUES
(1, '1', '2016-06-21 23:51:27', '2016-06-21 23:51:27', 'Family', 1, 1),
(2, '1', '2016-07-09 07:30:46', '2016-07-09 07:30:46', 'Students', 2, 1),
(3, '1', '2016-07-09 07:30:23', '2016-07-09 07:30:23', 'Office/Commercial', 0, NULL),
(4, '1', '2016-07-09 07:29:59', '2016-07-09 07:29:59', 'Company G House', 0, NULL),
(5, '1', '2016-07-09 07:28:38', '2016-07-09 07:28:38', 'Family & B. Girls', 0, NULL),
(6, '1', '2016-07-09 07:28:22', '2016-07-09 07:28:22', 'Family & B. Boys', 0, NULL),
(7, '1', '2016-07-09 07:29:09', '2016-07-09 07:29:09', 'B. Boys', 0, NULL),
(8, '1', '2016-07-09 07:29:25', '2016-07-09 07:29:25', 'B. Girls', 0, NULL),
(9, '1', '2016-08-01 23:50:47', '2016-08-01 23:50:47', 'All', 0, 1);

-- --------------------------------------------------------

--
-- Table structure for table `propertytobe`
--

CREATE TABLE `propertytobe` (
  `PROPERTYTOBEID` int(11) NOT NULL,
  `ACTIVE` varchar(1) DEFAULT NULL,
  `CREATEDDATE` datetime DEFAULT NULL,
  `MODIFYDDATE` datetime DEFAULT NULL,
  `NAME` varchar(100) DEFAULT NULL,
  `RECORDORDER` int(11) DEFAULT NULL,
  `USERID` int(11) DEFAULT NULL
) ENGINE=MyISAM DEFAULT CHARSET=latin1;

--
-- Dumping data for table `propertytobe`
--

INSERT INTO `propertytobe` (`PROPERTYTOBEID`, `ACTIVE`, `CREATEDDATE`, `MODIFYDDATE`, `NAME`, `RECORDORDER`, `USERID`) VALUES
(1, '1', '2016-06-21 23:54:22', '2016-06-21 23:54:22', 'Rent', 1, 1),
(2, '1', '2016-06-21 23:54:33', '2016-06-21 23:54:33', 'Sale', 2, 1),
(3, '1', '2016-07-09 07:40:44', '2016-07-09 07:40:44', 'New Sale', 0, 1);

-- --------------------------------------------------------

--
-- Table structure for table `propertytype`
--

CREATE TABLE `propertytype` (
  `PROPERTYTYPEID` int(11) NOT NULL,
  `ACTIVE` varchar(1) DEFAULT NULL,
  `CREATEDDATE` datetime DEFAULT NULL,
  `MODIFYDDATE` datetime DEFAULT NULL,
  `NAME` longtext,
  `RECORDORDER` int(11) DEFAULT NULL,
  `USERID` int(11) DEFAULT NULL
) ENGINE=MyISAM DEFAULT CHARSET=latin1;

--
-- Dumping data for table `propertytype`
--

INSERT INTO `propertytype` (`PROPERTYTYPEID`, `ACTIVE`, `CREATEDDATE`, `MODIFYDDATE`, `NAME`, `RECORDORDER`, `USERID`) VALUES
(1, '1', '2016-12-28 02:22:48', '2016-12-28 02:22:48', 'Apt', 1, 1),
(2, '1', NULL, NULL, 'Builder Floor', 0, NULL),
(3, '1', NULL, NULL, 'Row House', 0, NULL),
(4, '1', NULL, NULL, 'Independent House', 0, NULL),
(5, '1', NULL, NULL, 'Pent House', 0, NULL),
(6, '1', '2016-07-09 07:37:47', '2016-07-09 07:37:47', 'Bungalow', 0, NULL),
(7, '1', '2016-07-30 07:49:54', '2016-07-30 07:49:54', 'Society', 0, 1),
(8, '1', '2016-08-01 23:52:26', '2016-08-01 23:52:26', 'Commercial', 0, 1),
(9, '1', '2016-08-01 23:52:51', '2016-08-01 23:52:51', 'Office', 0, 1),
(10, '1', '2016-08-01 23:52:59', '2016-08-01 23:52:59', 'Shop', 0, 1),
(11, '1', '2016-08-01 23:53:08', '2016-08-01 23:53:08', 'Showroom', 0, 1),
(12, '1', '2016-08-02 06:24:46', '2016-08-02 06:24:46', 'Plot', 0, 1),
(13, '1', '2016-08-04 23:46:17', '2016-08-04 23:46:17', 'Duplex', 0, 1);

-- --------------------------------------------------------

--
-- Table structure for table `role`
--

CREATE TABLE `role` (
  `ROLEID` int(11) NOT NULL,
  `ACTIVE` varchar(1) DEFAULT NULL,
  `CREATEDDATE` datetime DEFAULT NULL,
  `MODIFYDDATE` datetime DEFAULT NULL,
  `NAME` varchar(100) DEFAULT NULL,
  `RECORDORDER` int(11) DEFAULT NULL
) ENGINE=MyISAM DEFAULT CHARSET=latin1;

--
-- Dumping data for table `role`
--

INSERT INTO `role` (`ROLEID`, `ACTIVE`, `CREATEDDATE`, `MODIFYDDATE`, `NAME`, `RECORDORDER`) VALUES
(1, '1', NULL, NULL, 'admin', 0),
(2, '1', '2016-06-22 01:30:55', '2016-06-22 01:30:55', 'User', 0),
(3, '1', '2016-06-22 01:31:27', '2016-06-22 01:31:27', 'report', 0);

-- --------------------------------------------------------

--
-- Table structure for table `rolepermission`
--

CREATE TABLE `rolepermission` (
  `ROLEPERMISSIONID` int(11) NOT NULL,
  `ACTIVE` varchar(1) DEFAULT NULL,
  `CREATEDDATE` datetime DEFAULT NULL,
  `MODIFYDDATE` datetime DEFAULT NULL,
  `PFUNCTION` bit(1) DEFAULT NULL,
  `RECORDORDER` int(11) DEFAULT NULL,
  `OPERATIONID` int(11) DEFAULT NULL,
  `ROLEID` int(11) DEFAULT NULL,
  `USERID` int(11) DEFAULT NULL
) ENGINE=MyISAM DEFAULT CHARSET=latin1;

--
-- Dumping data for table `rolepermission`
--

INSERT INTO `rolepermission` (`ROLEPERMISSIONID`, `ACTIVE`, `CREATEDDATE`, `MODIFYDDATE`, `PFUNCTION`, `RECORDORDER`, `OPERATIONID`, `ROLEID`, `USERID`) VALUES
(1, '1', NULL, NULL, b'1', 0, 10, 1, 1),
(2, '1', NULL, NULL, b'1', 0, 11, 1, 1),
(3, '1', NULL, NULL, b'1', 0, 12, 1, 1),
(4, '1', NULL, NULL, b'1', 0, 13, 1, 1),
(5, '1', NULL, NULL, b'1', 0, 14, 1, 1),
(6, '1', NULL, NULL, b'1', 0, 15, 1, 1),
(7, '1', NULL, NULL, b'1', 0, 16, 1, 1),
(8, '1', NULL, NULL, b'1', 0, 17, 1, 1),
(9, '1', NULL, NULL, b'1', 0, 18, 1, 1),
(10, '1', NULL, NULL, b'1', 0, 73, 1, 1),
(11, '1', NULL, NULL, b'1', 0, 74, 1, 1),
(12, '1', NULL, NULL, b'1', 0, 75, 1, 1),
(13, '1', NULL, NULL, b'1', 0, 76, 1, 1),
(14, '1', NULL, NULL, b'1', 0, 77, 1, 1),
(15, '1', NULL, NULL, b'1', 0, 78, 1, 1),
(16, '1', NULL, NULL, b'1', 0, 79, 1, 1),
(17, '1', NULL, NULL, b'1', 0, 80, 1, 1),
(18, '1', NULL, NULL, b'1', 0, 81, 1, 1),
(19, '1', NULL, NULL, b'1', 0, 181, 1, 1),
(20, '1', NULL, NULL, b'1', 0, 182, 1, 1),
(21, '1', NULL, NULL, b'1', 0, 183, 1, 1),
(22, '1', NULL, NULL, b'1', 0, 184, 1, 1),
(23, '1', NULL, NULL, b'1', 0, 185, 1, 1),
(24, '1', NULL, NULL, b'1', 0, 186, 1, 1),
(25, '1', NULL, NULL, b'1', 0, 187, 1, 1),
(26, '1', NULL, NULL, b'1', 0, 188, 1, 1),
(27, '1', NULL, NULL, b'1', 0, 189, 1, 1),
(28, '1', NULL, NULL, b'1', 0, 46, 1, 1),
(29, '1', NULL, NULL, b'1', 0, 47, 1, 1),
(30, '1', NULL, NULL, b'1', 0, 48, 1, 1),
(31, '1', NULL, NULL, b'1', 0, 49, 1, 1),
(32, '1', NULL, NULL, b'1', 0, 50, 1, 1),
(33, '1', NULL, NULL, b'1', 0, 51, 1, 1),
(34, '1', NULL, NULL, b'1', 0, 52, 1, 1),
(35, '1', NULL, NULL, b'1', 0, 53, 1, 1),
(36, '1', NULL, NULL, b'1', 0, 54, 1, 1),
(37, '1', NULL, NULL, b'1', 0, 235, 1, 1),
(38, '1', NULL, NULL, b'1', 0, 236, 1, 1),
(39, '1', NULL, NULL, b'1', 0, 237, 1, 1),
(40, '1', NULL, NULL, b'1', 0, 238, 1, 1),
(41, '1', NULL, NULL, b'1', 0, 239, 1, 1),
(42, '1', NULL, NULL, b'1', 0, 240, 1, 1),
(43, '1', NULL, NULL, b'1', 0, 241, 1, 1),
(44, '1', NULL, NULL, b'1', 0, 242, 1, 1),
(45, '1', NULL, NULL, b'1', 0, 243, 1, 1),
(46, '1', NULL, NULL, b'1', 0, 154, 1, 1),
(47, '1', NULL, NULL, b'1', 0, 155, 1, 1),
(48, '1', NULL, NULL, b'1', 0, 156, 1, 1),
(49, '1', NULL, NULL, b'1', 0, 157, 1, 1),
(50, '1', NULL, NULL, b'1', 0, 158, 1, 1),
(51, '1', NULL, NULL, b'1', 0, 159, 1, 1),
(52, '1', NULL, NULL, b'1', 0, 160, 1, 1),
(53, '1', NULL, NULL, b'1', 0, 161, 1, 1),
(54, '1', NULL, NULL, b'1', 0, 162, 1, 1),
(55, '1', NULL, NULL, b'1', 0, 136, 1, 1),
(56, '1', NULL, NULL, b'1', 0, 137, 1, 1),
(57, '1', NULL, NULL, b'1', 0, 138, 1, 1),
(58, '1', NULL, NULL, b'1', 0, 139, 1, 1),
(59, '1', NULL, NULL, b'1', 0, 140, 1, 1),
(60, '1', NULL, NULL, b'1', 0, 141, 1, 1),
(61, '1', NULL, NULL, b'1', 0, 142, 1, 1),
(62, '1', NULL, NULL, b'1', 0, 143, 1, 1),
(63, '1', NULL, NULL, b'1', 0, 144, 1, 1),
(64, '1', NULL, NULL, b'1', 0, 82, 1, 1),
(65, '1', NULL, NULL, b'1', 0, 83, 1, 1),
(66, '1', NULL, NULL, b'1', 0, 84, 1, 1),
(67, '1', NULL, NULL, b'1', 0, 85, 1, 1),
(68, '1', NULL, NULL, b'1', 0, 86, 1, 1),
(69, '1', NULL, NULL, b'1', 0, 87, 1, 1),
(70, '1', NULL, NULL, b'1', 0, 88, 1, 1),
(71, '1', NULL, NULL, b'1', 0, 89, 1, 1),
(72, '1', NULL, NULL, b'1', 0, 90, 1, 1),
(73, '1', NULL, NULL, b'1', 0, 109, 1, 1),
(74, '1', NULL, NULL, b'1', 0, 110, 1, 1),
(75, '1', NULL, NULL, b'1', 0, 111, 1, 1),
(76, '1', NULL, NULL, b'1', 0, 112, 1, 1),
(77, '1', NULL, NULL, b'1', 0, 113, 1, 1),
(78, '1', NULL, NULL, b'1', 0, 114, 1, 1),
(79, '1', NULL, NULL, b'1', 0, 115, 1, 1),
(80, '1', NULL, NULL, b'1', 0, 116, 1, 1),
(81, '1', NULL, NULL, b'1', 0, 117, 1, 1),
(82, '1', NULL, NULL, b'1', 0, 37, 1, 1),
(83, '1', NULL, NULL, b'1', 0, 38, 1, 1),
(84, '1', NULL, NULL, b'1', 0, 39, 1, 1),
(85, '1', NULL, NULL, b'1', 0, 40, 1, 1),
(86, '1', NULL, NULL, b'1', 0, 41, 1, 1),
(87, '1', NULL, NULL, b'1', 0, 42, 1, 1),
(88, '1', NULL, NULL, b'1', 0, 43, 1, 1),
(89, '1', NULL, NULL, b'1', 0, 44, 1, 1),
(90, '1', NULL, NULL, b'1', 0, 45, 1, 1),
(91, '1', NULL, NULL, b'1', 0, 100, 1, 1),
(92, '1', NULL, NULL, b'1', 0, 101, 1, 1),
(93, '1', NULL, NULL, b'1', 0, 102, 1, 1),
(94, '1', NULL, NULL, b'1', 0, 103, 1, 1),
(95, '1', NULL, NULL, b'1', 0, 104, 1, 1),
(96, '1', NULL, NULL, b'1', 0, 105, 1, 1),
(97, '1', NULL, NULL, b'1', 0, 106, 1, 1),
(98, '1', NULL, NULL, b'1', 0, 107, 1, 1),
(99, '1', NULL, NULL, b'1', 0, 108, 1, 1),
(100, '1', NULL, NULL, b'1', 0, 127, 1, 1),
(101, '1', NULL, NULL, b'1', 0, 128, 1, 1),
(102, '1', NULL, NULL, b'1', 0, 129, 1, 1),
(103, '1', NULL, NULL, b'1', 0, 130, 1, 1),
(104, '1', NULL, NULL, b'1', 0, 131, 1, 1),
(105, '1', NULL, NULL, b'1', 0, 132, 1, 1),
(106, '1', NULL, NULL, b'1', 0, 133, 1, 1),
(107, '1', NULL, NULL, b'1', 0, 134, 1, 1),
(108, '1', NULL, NULL, b'1', 0, 135, 1, 1),
(109, '1', NULL, NULL, b'1', 0, 28, 1, 1),
(110, '1', NULL, NULL, b'1', 0, 29, 1, 1),
(111, '1', NULL, NULL, b'1', 0, 30, 1, 1),
(112, '1', NULL, NULL, b'1', 0, 31, 1, 1),
(113, '1', NULL, NULL, b'1', 0, 32, 1, 1),
(114, '1', NULL, NULL, b'1', 0, 33, 1, 1),
(115, '1', NULL, NULL, b'1', 0, 34, 1, 1),
(116, '1', NULL, NULL, b'1', 0, 35, 1, 1),
(117, '1', NULL, NULL, b'1', 0, 36, 1, 1),
(118, '1', NULL, NULL, b'1', 0, 226, 1, 1),
(119, '1', NULL, NULL, b'1', 0, 227, 1, 1),
(120, '1', NULL, NULL, b'1', 0, 228, 1, 1),
(121, '1', NULL, NULL, b'1', 0, 229, 1, 1),
(122, '1', NULL, NULL, b'1', 0, 230, 1, 1),
(123, '1', NULL, NULL, b'1', 0, 231, 1, 1),
(124, '1', NULL, NULL, b'1', 0, 232, 1, 1),
(125, '1', NULL, NULL, b'1', 0, 233, 1, 1),
(126, '1', NULL, NULL, b'1', 0, 234, 1, 1),
(127, '1', NULL, NULL, b'1', 0, 118, 1, 1),
(128, '1', NULL, NULL, b'1', 0, 119, 1, 1),
(129, '1', NULL, NULL, b'1', 0, 120, 1, 1),
(130, '1', NULL, NULL, b'1', 0, 121, 1, 1),
(131, '1', NULL, NULL, b'1', 0, 122, 1, 1),
(132, '1', NULL, NULL, b'1', 0, 123, 1, 1),
(133, '1', NULL, NULL, b'1', 0, 124, 1, 1),
(134, '1', NULL, NULL, b'1', 0, 125, 1, 1),
(135, '1', NULL, NULL, b'1', 0, 126, 1, 1),
(136, '1', NULL, NULL, b'1', 0, 64, 1, 1),
(137, '1', NULL, NULL, b'1', 0, 65, 1, 1),
(138, '1', NULL, NULL, b'1', 0, 66, 1, 1),
(139, '1', NULL, NULL, b'1', 0, 67, 1, 1),
(140, '1', NULL, NULL, b'1', 0, 68, 1, 1),
(141, '1', NULL, NULL, b'1', 0, 69, 1, 1),
(142, '1', NULL, NULL, b'1', 0, 70, 1, 1),
(143, '1', NULL, NULL, b'1', 0, 71, 1, 1),
(144, '1', NULL, NULL, b'1', 0, 72, 1, 1),
(145, '1', NULL, NULL, b'1', 0, 208, 1, 1),
(146, '1', NULL, NULL, b'1', 0, 209, 1, 1),
(147, '1', NULL, NULL, b'1', 0, 210, 1, 1),
(148, '1', NULL, NULL, b'1', 0, 211, 1, 1),
(149, '1', NULL, NULL, b'1', 0, 212, 1, 1),
(150, '1', NULL, NULL, b'1', 0, 213, 1, 1),
(151, '1', NULL, NULL, b'1', 0, 214, 1, 1),
(152, '1', NULL, NULL, b'1', 0, 215, 1, 1),
(153, '1', NULL, NULL, b'1', 0, 216, 1, 1),
(154, '1', NULL, NULL, b'1', 0, 1, 1, 1),
(155, '1', NULL, NULL, b'1', 0, 2, 1, 1),
(156, '1', NULL, NULL, b'1', 0, 3, 1, 1),
(157, '1', NULL, NULL, b'1', 0, 4, 1, 1),
(158, '1', NULL, NULL, b'1', 0, 5, 1, 1),
(159, '1', NULL, NULL, b'1', 0, 6, 1, 1),
(160, '1', NULL, NULL, b'1', 0, 7, 1, 1),
(161, '1', NULL, NULL, b'1', 0, 8, 1, 1),
(162, '1', NULL, NULL, b'1', 0, 9, 1, 1),
(163, '1', NULL, NULL, b'1', 0, 199, 1, 1),
(164, '1', NULL, NULL, b'1', 0, 200, 1, 1),
(165, '1', NULL, NULL, b'1', 0, 201, 1, 1),
(166, '1', NULL, NULL, b'1', 0, 202, 1, 1),
(167, '1', NULL, NULL, b'1', 0, 203, 1, 1),
(168, '1', NULL, NULL, b'1', 0, 204, 1, 1),
(169, '1', NULL, NULL, b'1', 0, 205, 1, 1),
(170, '1', NULL, NULL, b'1', 0, 206, 1, 1),
(171, '1', NULL, NULL, b'1', 0, 207, 1, 1),
(172, '1', NULL, NULL, b'1', 0, 163, 1, 1),
(173, '1', NULL, NULL, b'1', 0, 164, 1, 1),
(174, '1', NULL, NULL, b'1', 0, 165, 1, 1),
(175, '1', NULL, NULL, b'1', 0, 166, 1, 1),
(176, '1', NULL, NULL, b'1', 0, 167, 1, 1),
(177, '1', NULL, NULL, b'1', 0, 168, 1, 1),
(178, '1', NULL, NULL, b'1', 0, 169, 1, 1),
(179, '1', NULL, NULL, b'1', 0, 170, 1, 1),
(180, '1', NULL, NULL, b'1', 0, 171, 1, 1),
(181, '1', NULL, NULL, b'1', 0, 91, 1, 1),
(182, '1', NULL, NULL, b'1', 0, 92, 1, 1),
(183, '1', NULL, NULL, b'1', 0, 93, 1, 1),
(184, '1', NULL, NULL, b'1', 0, 94, 1, 1),
(185, '1', NULL, NULL, b'1', 0, 95, 1, 1),
(186, '1', NULL, NULL, b'1', 0, 96, 1, 1),
(187, '1', NULL, NULL, b'1', 0, 97, 1, 1),
(188, '1', NULL, NULL, b'1', 0, 98, 1, 1),
(189, '1', NULL, NULL, b'1', 0, 99, 1, 1),
(190, '1', NULL, NULL, b'1', 0, 55, 1, 1),
(191, '1', NULL, NULL, b'1', 0, 56, 1, 1),
(192, '1', NULL, NULL, b'1', 0, 57, 1, 1),
(193, '1', NULL, NULL, b'1', 0, 58, 1, 1),
(194, '1', NULL, NULL, b'1', 0, 59, 1, 1),
(195, '1', NULL, NULL, b'1', 0, 60, 1, 1),
(196, '1', NULL, NULL, b'1', 0, 61, 1, 1),
(197, '1', NULL, NULL, b'1', 0, 62, 1, 1),
(198, '1', NULL, NULL, b'1', 0, 63, 1, 1),
(199, '1', NULL, NULL, b'1', 0, 19, 1, 1),
(200, '1', NULL, NULL, b'1', 0, 20, 1, 1),
(201, '1', NULL, NULL, b'1', 0, 21, 1, 1),
(202, '1', NULL, NULL, b'1', 0, 22, 1, 1),
(203, '1', NULL, NULL, b'1', 0, 23, 1, 1),
(204, '1', NULL, NULL, b'1', 0, 24, 1, 1),
(205, '1', NULL, NULL, b'1', 0, 25, 1, 1),
(206, '1', NULL, NULL, b'1', 0, 26, 1, 1),
(207, '1', NULL, NULL, b'1', 0, 27, 1, 1),
(208, '1', NULL, NULL, b'1', 0, 172, 1, 1),
(209, '1', NULL, NULL, b'1', 0, 173, 1, 1),
(210, '1', NULL, NULL, b'1', 0, 174, 1, 1),
(211, '1', NULL, NULL, b'1', 0, 175, 1, 1),
(212, '1', NULL, NULL, b'1', 0, 176, 1, 1),
(213, '1', NULL, NULL, b'1', 0, 177, 1, 1),
(214, '1', NULL, NULL, b'1', 0, 178, 1, 1),
(215, '1', NULL, NULL, b'1', 0, 179, 1, 1),
(216, '1', NULL, NULL, b'1', 0, 180, 1, 1),
(217, '1', NULL, NULL, b'1', 0, 145, 1, 1),
(218, '1', NULL, NULL, b'1', 0, 146, 1, 1),
(219, '1', NULL, NULL, b'1', 0, 147, 1, 1),
(220, '1', NULL, NULL, b'1', 0, 148, 1, 1),
(221, '1', NULL, NULL, b'1', 0, 149, 1, 1),
(222, '1', NULL, NULL, b'1', 0, 150, 1, 1),
(223, '1', NULL, NULL, b'1', 0, 151, 1, 1),
(224, '1', NULL, NULL, b'1', 0, 152, 1, 1),
(225, '1', NULL, NULL, b'1', 0, 153, 1, 1),
(226, '1', NULL, NULL, b'1', 0, 190, 1, 1),
(227, '1', NULL, NULL, b'1', 0, 191, 1, 1),
(228, '1', NULL, NULL, b'1', 0, 192, 1, 1),
(229, '1', NULL, NULL, b'1', 0, 193, 1, 1),
(230, '1', NULL, NULL, b'1', 0, 194, 1, 1),
(231, '1', NULL, NULL, b'1', 0, 195, 1, 1),
(232, '1', NULL, NULL, b'1', 0, 196, 1, 1),
(233, '1', NULL, NULL, b'1', 0, 197, 1, 1),
(234, '1', NULL, NULL, b'1', 0, 198, 1, 1),
(235, '1', NULL, NULL, b'1', 0, 217, 1, 1),
(236, '1', NULL, NULL, b'1', 0, 218, 1, 1),
(237, '1', NULL, NULL, b'1', 0, 219, 1, 1),
(238, '1', NULL, NULL, b'1', 0, 220, 1, 1),
(239, '1', NULL, NULL, b'1', 0, 221, 1, 1),
(240, '1', NULL, NULL, b'1', 0, 222, 1, 1),
(241, '1', NULL, NULL, b'1', 0, 223, 1, 1),
(242, '1', NULL, NULL, b'1', 0, 224, 1, 1),
(243, '1', NULL, NULL, b'1', 0, 225, 1, 1),
(1702, '1', '2016-06-22 01:30:30', '2016-06-22 01:30:30', b'0', 0, 10, 2, NULL),
(1703, '1', '2016-06-22 01:30:30', '2016-06-22 01:30:30', b'1', 0, 11, 2, NULL),
(1704, '1', '2016-06-22 01:30:30', '2016-06-22 01:30:30', b'1', 0, 12, 2, NULL),
(1705, '1', '2016-06-22 01:30:30', '2016-06-22 01:30:30', b'1', 0, 13, 2, NULL),
(1706, '1', '2016-06-22 01:30:30', '2016-06-22 01:30:30', b'1', 0, 14, 2, NULL),
(1707, '1', '2016-06-22 01:30:30', '2016-06-22 01:30:30', b'1', 0, 15, 2, NULL),
(1708, '1', '2016-06-22 01:30:30', '2016-06-22 01:30:30', b'1', 0, 16, 2, NULL),
(1709, '1', '2016-06-22 01:30:30', '2016-06-22 01:30:30', b'1', 0, 17, 2, NULL),
(1710, '1', '2016-06-22 01:30:30', '2016-06-22 01:30:30', b'1', 0, 18, 2, NULL),
(1711, '1', '2016-06-22 01:30:30', '2016-06-22 01:30:30', b'1', 0, 73, 2, NULL),
(1712, '1', '2016-06-22 01:30:30', '2016-06-22 01:30:30', b'1', 0, 74, 2, NULL),
(1713, '1', '2016-06-22 01:30:30', '2016-06-22 01:30:30', b'1', 0, 75, 2, NULL),
(1714, '1', '2016-06-22 01:30:30', '2016-06-22 01:30:30', b'1', 0, 76, 2, NULL),
(1715, '1', '2016-06-22 01:30:30', '2016-06-22 01:30:30', b'1', 0, 77, 2, NULL),
(1716, '1', '2016-06-22 01:30:30', '2016-06-22 01:30:30', b'1', 0, 78, 2, NULL),
(1717, '1', '2016-06-22 01:30:30', '2016-06-22 01:30:30', b'1', 0, 79, 2, NULL),
(1718, '1', '2016-06-22 01:30:30', '2016-06-22 01:30:30', b'1', 0, 80, 2, NULL),
(1719, '1', '2016-06-22 01:30:30', '2016-06-22 01:30:30', b'1', 0, 81, 2, NULL),
(1720, '1', '2016-06-22 01:30:30', '2016-06-22 01:30:30', b'1', 0, 181, 2, NULL),
(1721, '1', '2016-06-22 01:30:30', '2016-06-22 01:30:30', b'1', 0, 182, 2, NULL),
(1722, '1', '2016-06-22 01:30:30', '2016-06-22 01:30:30', b'1', 0, 183, 2, NULL),
(1723, '1', '2016-06-22 01:30:30', '2016-06-22 01:30:30', b'1', 0, 184, 2, NULL),
(1724, '1', '2016-06-22 01:30:30', '2016-06-22 01:30:30', b'1', 0, 185, 2, NULL),
(1725, '1', '2016-06-22 01:30:30', '2016-06-22 01:30:30', b'1', 0, 186, 2, NULL),
(1726, '1', '2016-06-22 01:30:30', '2016-06-22 01:30:30', b'1', 0, 187, 2, NULL),
(1727, '1', '2016-06-22 01:30:30', '2016-06-22 01:30:30', b'1', 0, 188, 2, NULL),
(1728, '1', '2016-06-22 01:30:30', '2016-06-22 01:30:30', b'1', 0, 189, 2, NULL),
(1729, '1', '2016-06-22 01:30:30', '2016-06-22 01:30:30', b'1', 0, 46, 2, NULL),
(1730, '1', '2016-06-22 01:30:30', '2016-06-22 01:30:30', b'1', 0, 47, 2, NULL),
(1731, '1', '2016-06-22 01:30:30', '2016-06-22 01:30:30', b'1', 0, 48, 2, NULL),
(1732, '1', '2016-06-22 01:30:31', '2016-06-22 01:30:31', b'1', 0, 49, 2, NULL),
(1733, '1', '2016-06-22 01:30:31', '2016-06-22 01:30:31', b'1', 0, 50, 2, NULL),
(1734, '1', '2016-06-22 01:30:31', '2016-06-22 01:30:31', b'1', 0, 51, 2, NULL),
(1735, '1', '2016-06-22 01:30:31', '2016-06-22 01:30:31', b'1', 0, 52, 2, NULL),
(1736, '1', '2016-06-22 01:30:31', '2016-06-22 01:30:31', b'1', 0, 53, 2, NULL),
(1737, '1', '2016-06-22 01:30:31', '2016-06-22 01:30:31', b'1', 0, 54, 2, NULL),
(1738, '1', '2016-06-22 01:30:31', '2016-06-22 01:30:31', b'1', 0, 235, 2, NULL),
(1739, '1', '2016-06-22 01:30:31', '2016-06-22 01:30:31', b'1', 0, 236, 2, NULL),
(1740, '1', '2016-06-22 01:30:31', '2016-06-22 01:30:31', b'1', 0, 237, 2, NULL),
(1741, '1', '2016-06-22 01:30:31', '2016-06-22 01:30:31', b'1', 0, 238, 2, NULL),
(1742, '1', '2016-06-22 01:30:31', '2016-06-22 01:30:31', b'1', 0, 239, 2, NULL),
(1743, '1', '2016-06-22 01:30:31', '2016-06-22 01:30:31', b'1', 0, 240, 2, NULL),
(1744, '1', '2016-06-22 01:30:31', '2016-06-22 01:30:31', b'1', 0, 241, 2, NULL),
(1745, '1', '2016-06-22 01:30:31', '2016-06-22 01:30:31', b'1', 0, 242, 2, NULL),
(1746, '1', '2016-06-22 01:30:31', '2016-06-22 01:30:31', b'1', 0, 243, 2, NULL),
(1747, '1', '2016-06-22 01:30:31', '2016-06-22 01:30:31', b'1', 0, 154, 2, NULL),
(1748, '1', '2016-06-22 01:30:31', '2016-06-22 01:30:31', b'1', 0, 155, 2, NULL),
(1749, '1', '2016-06-22 01:30:31', '2016-06-22 01:30:31', b'1', 0, 156, 2, NULL),
(1750, '1', '2016-06-22 01:30:31', '2016-06-22 01:30:31', b'1', 0, 157, 2, NULL),
(1751, '1', '2016-06-22 01:30:31', '2016-06-22 01:30:31', b'1', 0, 158, 2, NULL),
(1752, '1', '2016-06-22 01:30:31', '2016-06-22 01:30:31', b'1', 0, 159, 2, NULL),
(1753, '1', '2016-06-22 01:30:31', '2016-06-22 01:30:31', b'1', 0, 160, 2, NULL),
(1754, '1', '2016-06-22 01:30:31', '2016-06-22 01:30:31', b'1', 0, 161, 2, NULL),
(1755, '1', '2016-06-22 01:30:31', '2016-06-22 01:30:31', b'1', 0, 162, 2, NULL),
(1756, '1', '2016-06-22 01:30:31', '2016-06-22 01:30:31', b'1', 0, 136, 2, NULL),
(1757, '1', '2016-06-22 01:30:31', '2016-06-22 01:30:31', b'1', 0, 137, 2, NULL),
(1758, '1', '2016-06-22 01:30:31', '2016-06-22 01:30:31', b'1', 0, 138, 2, NULL),
(1759, '1', '2016-06-22 01:30:31', '2016-06-22 01:30:31', b'1', 0, 139, 2, NULL),
(1760, '1', '2016-06-22 01:30:31', '2016-06-22 01:30:31', b'1', 0, 140, 2, NULL),
(1761, '1', '2016-06-22 01:30:31', '2016-06-22 01:30:31', b'1', 0, 141, 2, NULL),
(1762, '1', '2016-06-22 01:30:31', '2016-06-22 01:30:31', b'1', 0, 142, 2, NULL),
(1763, '1', '2016-06-22 01:30:31', '2016-06-22 01:30:31', b'1', 0, 143, 2, NULL),
(1764, '1', '2016-06-22 01:30:31', '2016-06-22 01:30:31', b'1', 0, 144, 2, NULL),
(1765, '1', '2016-06-22 01:30:31', '2016-06-22 01:30:31', b'1', 0, 82, 2, NULL),
(1766, '1', '2016-06-22 01:30:31', '2016-06-22 01:30:31', b'1', 0, 83, 2, NULL),
(1767, '1', '2016-06-22 01:30:31', '2016-06-22 01:30:31', b'1', 0, 84, 2, NULL),
(1768, '1', '2016-06-22 01:30:31', '2016-06-22 01:30:31', b'1', 0, 85, 2, NULL),
(1769, '1', '2016-06-22 01:30:31', '2016-06-22 01:30:31', b'1', 0, 86, 2, NULL),
(1770, '1', '2016-06-22 01:30:31', '2016-06-22 01:30:31', b'1', 0, 87, 2, NULL),
(1771, '1', '2016-06-22 01:30:32', '2016-06-22 01:30:32', b'1', 0, 88, 2, NULL),
(1772, '1', '2016-06-22 01:30:32', '2016-06-22 01:30:32', b'1', 0, 89, 2, NULL),
(1773, '1', '2016-06-22 01:30:32', '2016-06-22 01:30:32', b'1', 0, 90, 2, NULL),
(1774, '1', '2016-06-22 01:30:32', '2016-06-22 01:30:32', b'1', 0, 109, 2, NULL),
(1775, '1', '2016-06-22 01:30:32', '2016-06-22 01:30:32', b'1', 0, 110, 2, NULL),
(1776, '1', '2016-06-22 01:30:32', '2016-06-22 01:30:32', b'1', 0, 111, 2, NULL),
(1777, '1', '2016-06-22 01:30:32', '2016-06-22 01:30:32', b'1', 0, 112, 2, NULL),
(1778, '1', '2016-06-22 01:30:32', '2016-06-22 01:30:32', b'1', 0, 113, 2, NULL),
(1779, '1', '2016-06-22 01:30:32', '2016-06-22 01:30:32', b'1', 0, 114, 2, NULL),
(1780, '1', '2016-06-22 01:30:32', '2016-06-22 01:30:32', b'1', 0, 115, 2, NULL),
(1781, '1', '2016-06-22 01:30:32', '2016-06-22 01:30:32', b'1', 0, 116, 2, NULL),
(1782, '1', '2016-06-22 01:30:32', '2016-06-22 01:30:32', b'1', 0, 117, 2, NULL),
(1783, '1', '2016-06-22 01:30:32', '2016-06-22 01:30:32', b'1', 0, 37, 2, NULL),
(1784, '1', '2016-06-22 01:30:32', '2016-06-22 01:30:32', b'1', 0, 38, 2, NULL),
(1785, '1', '2016-06-22 01:30:32', '2016-06-22 01:30:32', b'1', 0, 39, 2, NULL),
(1786, '1', '2016-06-22 01:30:32', '2016-06-22 01:30:32', b'1', 0, 40, 2, NULL),
(1787, '1', '2016-06-22 01:30:32', '2016-06-22 01:30:32', b'1', 0, 41, 2, NULL),
(1788, '1', '2016-06-22 01:30:32', '2016-06-22 01:30:32', b'1', 0, 42, 2, NULL),
(1789, '1', '2016-06-22 01:30:32', '2016-06-22 01:30:32', b'1', 0, 43, 2, NULL),
(1790, '1', '2016-06-22 01:30:32', '2016-06-22 01:30:32', b'1', 0, 44, 2, NULL),
(1791, '1', '2016-06-22 01:30:32', '2016-06-22 01:30:32', b'1', 0, 45, 2, NULL),
(1792, '1', '2016-06-22 01:30:32', '2016-06-22 01:30:32', b'1', 0, 100, 2, NULL),
(1793, '1', '2016-06-22 01:30:32', '2016-06-22 01:30:32', b'1', 0, 101, 2, NULL),
(1794, '1', '2016-06-22 01:30:32', '2016-06-22 01:30:32', b'1', 0, 102, 2, NULL),
(1795, '1', '2016-06-22 01:30:32', '2016-06-22 01:30:32', b'1', 0, 103, 2, NULL),
(1796, '1', '2016-06-22 01:30:32', '2016-06-22 01:30:32', b'1', 0, 104, 2, NULL),
(1797, '1', '2016-06-22 01:30:32', '2016-06-22 01:30:32', b'1', 0, 105, 2, NULL),
(1798, '1', '2016-06-22 01:30:32', '2016-06-22 01:30:32', b'1', 0, 106, 2, NULL),
(1799, '1', '2016-06-22 01:30:32', '2016-06-22 01:30:32', b'1', 0, 107, 2, NULL),
(1800, '1', '2016-06-22 01:30:32', '2016-06-22 01:30:32', b'1', 0, 108, 2, NULL),
(1801, '1', '2016-06-22 01:30:32', '2016-06-22 01:30:32', b'1', 0, 127, 2, NULL),
(1802, '1', '2016-06-22 01:30:32', '2016-06-22 01:30:32', b'1', 0, 128, 2, NULL),
(1803, '1', '2016-06-22 01:30:32', '2016-06-22 01:30:32', b'1', 0, 129, 2, NULL),
(1804, '1', '2016-06-22 01:30:32', '2016-06-22 01:30:32', b'1', 0, 130, 2, NULL),
(1805, '1', '2016-06-22 01:30:32', '2016-06-22 01:30:32', b'1', 0, 131, 2, NULL),
(1806, '1', '2016-06-22 01:30:32', '2016-06-22 01:30:32', b'1', 0, 132, 2, NULL),
(1807, '1', '2016-06-22 01:30:32', '2016-06-22 01:30:32', b'1', 0, 133, 2, NULL),
(1808, '1', '2016-06-22 01:30:32', '2016-06-22 01:30:32', b'1', 0, 134, 2, NULL),
(1809, '1', '2016-06-22 01:30:32', '2016-06-22 01:30:32', b'1', 0, 135, 2, NULL),
(1810, '1', '2016-06-22 01:30:32', '2016-06-22 01:30:32', b'1', 0, 28, 2, NULL),
(1811, '1', '2016-06-22 01:30:33', '2016-06-22 01:30:33', b'1', 0, 29, 2, NULL),
(1812, '1', '2016-06-22 01:30:33', '2016-06-22 01:30:33', b'1', 0, 30, 2, NULL),
(1813, '1', '2016-06-22 01:30:33', '2016-06-22 01:30:33', b'1', 0, 31, 2, NULL),
(1814, '1', '2016-06-22 01:30:33', '2016-06-22 01:30:33', b'1', 0, 32, 2, NULL),
(1815, '1', '2016-06-22 01:30:33', '2016-06-22 01:30:33', b'1', 0, 33, 2, NULL),
(1816, '1', '2016-06-22 01:30:33', '2016-06-22 01:30:33', b'1', 0, 34, 2, NULL),
(1817, '1', '2016-06-22 01:30:33', '2016-06-22 01:30:33', b'1', 0, 35, 2, NULL),
(1818, '1', '2016-06-22 01:30:33', '2016-06-22 01:30:33', b'1', 0, 36, 2, NULL),
(1819, '1', '2016-06-22 01:30:33', '2016-06-22 01:30:33', b'1', 0, 226, 2, NULL),
(1820, '1', '2016-06-22 01:30:33', '2016-06-22 01:30:33', b'1', 0, 227, 2, NULL),
(1821, '1', '2016-06-22 01:30:33', '2016-06-22 01:30:33', b'1', 0, 228, 2, NULL),
(1822, '1', '2016-06-22 01:30:33', '2016-06-22 01:30:33', b'1', 0, 229, 2, NULL),
(1823, '1', '2016-06-22 01:30:33', '2016-06-22 01:30:33', b'1', 0, 230, 2, NULL),
(1824, '1', '2016-06-22 01:30:33', '2016-06-22 01:30:33', b'1', 0, 231, 2, NULL),
(1825, '1', '2016-06-22 01:30:33', '2016-06-22 01:30:33', b'1', 0, 232, 2, NULL),
(1826, '1', '2016-06-22 01:30:33', '2016-06-22 01:30:33', b'1', 0, 233, 2, NULL),
(1827, '1', '2016-06-22 01:30:33', '2016-06-22 01:30:33', b'1', 0, 234, 2, NULL),
(1828, '1', '2016-06-22 01:30:33', '2016-06-22 01:30:33', b'1', 0, 118, 2, NULL),
(1829, '1', '2016-06-22 01:30:33', '2016-06-22 01:30:33', b'1', 0, 119, 2, NULL),
(1830, '1', '2016-06-22 01:30:33', '2016-06-22 01:30:33', b'1', 0, 120, 2, NULL),
(1831, '1', '2016-06-22 01:30:33', '2016-06-22 01:30:33', b'1', 0, 121, 2, NULL),
(1832, '1', '2016-06-22 01:30:33', '2016-06-22 01:30:33', b'1', 0, 122, 2, NULL),
(1833, '1', '2016-06-22 01:30:33', '2016-06-22 01:30:33', b'1', 0, 123, 2, NULL),
(1834, '1', '2016-06-22 01:30:33', '2016-06-22 01:30:33', b'1', 0, 124, 2, NULL),
(1835, '1', '2016-06-22 01:30:33', '2016-06-22 01:30:33', b'1', 0, 125, 2, NULL),
(1836, '1', '2016-06-22 01:30:33', '2016-06-22 01:30:33', b'1', 0, 126, 2, NULL),
(1837, '1', '2016-06-22 01:30:33', '2016-06-22 01:30:33', b'1', 0, 64, 2, NULL),
(1838, '1', '2016-06-22 01:30:33', '2016-06-22 01:30:33', b'1', 0, 65, 2, NULL),
(1839, '1', '2016-06-22 01:30:33', '2016-06-22 01:30:33', b'1', 0, 66, 2, NULL),
(1840, '1', '2016-06-22 01:30:33', '2016-06-22 01:30:33', b'1', 0, 67, 2, NULL),
(1841, '1', '2016-06-22 01:30:33', '2016-06-22 01:30:33', b'1', 0, 68, 2, NULL),
(1842, '1', '2016-06-22 01:30:33', '2016-06-22 01:30:33', b'1', 0, 69, 2, NULL),
(1843, '1', '2016-06-22 01:30:33', '2016-06-22 01:30:33', b'1', 0, 70, 2, NULL),
(1844, '1', '2016-06-22 01:30:33', '2016-06-22 01:30:33', b'1', 0, 71, 2, NULL),
(1845, '1', '2016-06-22 01:30:33', '2016-06-22 01:30:33', b'1', 0, 72, 2, NULL),
(1846, '1', '2016-06-22 01:30:33', '2016-06-22 01:30:33', b'1', 0, 208, 2, NULL),
(1847, '1', '2016-06-22 01:30:33', '2016-06-22 01:30:33', b'1', 0, 209, 2, NULL),
(1848, '1', '2016-06-22 01:30:33', '2016-06-22 01:30:33', b'1', 0, 210, 2, NULL),
(1849, '1', '2016-06-22 01:30:33', '2016-06-22 01:30:33', b'1', 0, 211, 2, NULL),
(1850, '1', '2016-06-22 01:30:33', '2016-06-22 01:30:33', b'1', 0, 212, 2, NULL),
(1851, '1', '2016-06-22 01:30:34', '2016-06-22 01:30:34', b'1', 0, 213, 2, NULL),
(1852, '1', '2016-06-22 01:30:34', '2016-06-22 01:30:34', b'1', 0, 214, 2, NULL),
(1853, '1', '2016-06-22 01:30:34', '2016-06-22 01:30:34', b'1', 0, 215, 2, NULL),
(1854, '1', '2016-06-22 01:30:34', '2016-06-22 01:30:34', b'1', 0, 216, 2, NULL),
(1855, '1', '2016-06-22 01:30:34', '2016-06-22 01:30:34', b'1', 0, 1, 2, NULL),
(1856, '1', '2016-06-22 01:30:34', '2016-06-22 01:30:34', b'1', 0, 2, 2, NULL),
(1857, '1', '2016-06-22 01:30:34', '2016-06-22 01:30:34', b'1', 0, 3, 2, NULL),
(1858, '1', '2016-06-22 01:30:34', '2016-06-22 01:30:34', b'1', 0, 4, 2, NULL),
(1859, '1', '2016-06-22 01:30:34', '2016-06-22 01:30:34', b'1', 0, 5, 2, NULL),
(1860, '1', '2016-06-22 01:30:34', '2016-06-22 01:30:34', b'1', 0, 6, 2, NULL),
(1861, '1', '2016-06-22 01:30:34', '2016-06-22 01:30:34', b'1', 0, 7, 2, NULL),
(1862, '1', '2016-06-22 01:30:34', '2016-06-22 01:30:34', b'1', 0, 8, 2, NULL),
(1863, '1', '2016-06-22 01:30:34', '2016-06-22 01:30:34', b'1', 0, 9, 2, NULL),
(1864, '1', '2016-06-22 01:30:34', '2016-06-22 01:30:34', b'1', 0, 199, 2, NULL),
(1865, '1', '2016-06-22 01:30:34', '2016-06-22 01:30:34', b'1', 0, 200, 2, NULL),
(1866, '1', '2016-06-22 01:30:34', '2016-06-22 01:30:34', b'1', 0, 201, 2, NULL),
(1867, '1', '2016-06-22 01:30:34', '2016-06-22 01:30:34', b'1', 0, 202, 2, NULL),
(1868, '1', '2016-06-22 01:30:34', '2016-06-22 01:30:34', b'1', 0, 203, 2, NULL),
(1869, '1', '2016-06-22 01:30:34', '2016-06-22 01:30:34', b'1', 0, 204, 2, NULL),
(1870, '1', '2016-06-22 01:30:34', '2016-06-22 01:30:34', b'1', 0, 205, 2, NULL),
(1871, '1', '2016-06-22 01:30:34', '2016-06-22 01:30:34', b'1', 0, 206, 2, NULL),
(1872, '1', '2016-06-22 01:30:34', '2016-06-22 01:30:34', b'1', 0, 207, 2, NULL),
(1873, '1', '2016-06-22 01:30:34', '2016-06-22 01:30:34', b'1', 0, 163, 2, NULL),
(1874, '1', '2016-06-22 01:30:34', '2016-06-22 01:30:34', b'1', 0, 164, 2, NULL),
(1875, '1', '2016-06-22 01:30:34', '2016-06-22 01:30:34', b'1', 0, 165, 2, NULL),
(1876, '1', '2016-06-22 01:30:34', '2016-06-22 01:30:34', b'1', 0, 166, 2, NULL),
(1877, '1', '2016-06-22 01:30:34', '2016-06-22 01:30:34', b'1', 0, 167, 2, NULL),
(1878, '1', '2016-06-22 01:30:34', '2016-06-22 01:30:34', b'1', 0, 168, 2, NULL),
(1879, '1', '2016-06-22 01:30:34', '2016-06-22 01:30:34', b'1', 0, 169, 2, NULL),
(1880, '1', '2016-06-22 01:30:34', '2016-06-22 01:30:34', b'1', 0, 170, 2, NULL),
(1881, '1', '2016-06-22 01:30:34', '2016-06-22 01:30:34', b'1', 0, 171, 2, NULL),
(1882, '1', '2016-06-22 01:30:34', '2016-06-22 01:30:34', b'1', 0, 91, 2, NULL),
(1883, '1', '2016-06-22 01:30:34', '2016-06-22 01:30:34', b'1', 0, 92, 2, NULL),
(1884, '1', '2016-06-22 01:30:34', '2016-06-22 01:30:34', b'1', 0, 93, 2, NULL),
(1885, '1', '2016-06-22 01:30:34', '2016-06-22 01:30:34', b'1', 0, 94, 2, NULL),
(1886, '1', '2016-06-22 01:30:34', '2016-06-22 01:30:34', b'1', 0, 95, 2, NULL),
(1887, '1', '2016-06-22 01:30:34', '2016-06-22 01:30:34', b'1', 0, 96, 2, NULL),
(1888, '1', '2016-06-22 01:30:34', '2016-06-22 01:30:34', b'1', 0, 97, 2, NULL),
(1889, '1', '2016-06-22 01:30:35', '2016-06-22 01:30:35', b'1', 0, 98, 2, NULL),
(1890, '1', '2016-06-22 01:30:35', '2016-06-22 01:30:35', b'1', 0, 99, 2, NULL),
(1891, '1', '2016-06-22 01:30:35', '2016-06-22 01:30:35', b'1', 0, 55, 2, NULL),
(1892, '1', '2016-06-22 01:30:35', '2016-06-22 01:30:35', b'1', 0, 56, 2, NULL),
(1893, '1', '2016-06-22 01:30:35', '2016-06-22 01:30:35', b'1', 0, 57, 2, NULL),
(1894, '1', '2016-06-22 01:30:35', '2016-06-22 01:30:35', b'1', 0, 58, 2, NULL),
(1895, '1', '2016-06-22 01:30:35', '2016-06-22 01:30:35', b'1', 0, 59, 2, NULL),
(1896, '1', '2016-06-22 01:30:35', '2016-06-22 01:30:35', b'1', 0, 60, 2, NULL),
(1897, '1', '2016-06-22 01:30:35', '2016-06-22 01:30:35', b'1', 0, 61, 2, NULL),
(1898, '1', '2016-06-22 01:30:35', '2016-06-22 01:30:35', b'1', 0, 62, 2, NULL),
(1899, '1', '2016-06-22 01:30:35', '2016-06-22 01:30:35', b'1', 0, 63, 2, NULL),
(1900, '1', '2016-06-22 01:30:35', '2016-06-22 01:30:35', b'1', 0, 19, 2, NULL),
(1901, '1', '2016-06-22 01:30:35', '2016-06-22 01:30:35', b'1', 0, 20, 2, NULL),
(1902, '1', '2016-06-22 01:30:35', '2016-06-22 01:30:35', b'1', 0, 21, 2, NULL),
(1903, '1', '2016-06-22 01:30:35', '2016-06-22 01:30:35', b'1', 0, 22, 2, NULL),
(1904, '1', '2016-06-22 01:30:35', '2016-06-22 01:30:35', b'1', 0, 23, 2, NULL),
(1905, '1', '2016-06-22 01:30:35', '2016-06-22 01:30:35', b'1', 0, 24, 2, NULL),
(1906, '1', '2016-06-22 01:30:35', '2016-06-22 01:30:35', b'1', 0, 25, 2, NULL),
(1907, '1', '2016-06-22 01:30:35', '2016-06-22 01:30:35', b'1', 0, 26, 2, NULL),
(1908, '1', '2016-06-22 01:30:35', '2016-06-22 01:30:35', b'1', 0, 27, 2, NULL),
(1909, '1', '2016-06-22 01:30:35', '2016-06-22 01:30:35', b'1', 0, 172, 2, NULL),
(1910, '1', '2016-06-22 01:30:35', '2016-06-22 01:30:35', b'1', 0, 173, 2, NULL),
(1911, '1', '2016-06-22 01:30:35', '2016-06-22 01:30:35', b'1', 0, 174, 2, NULL),
(1912, '1', '2016-06-22 01:30:35', '2016-06-22 01:30:35', b'1', 0, 175, 2, NULL),
(1913, '1', '2016-06-22 01:30:35', '2016-06-22 01:30:35', b'1', 0, 176, 2, NULL),
(1914, '1', '2016-06-22 01:30:35', '2016-06-22 01:30:35', b'1', 0, 177, 2, NULL),
(1915, '1', '2016-06-22 01:30:35', '2016-06-22 01:30:35', b'1', 0, 178, 2, NULL),
(1916, '1', '2016-06-22 01:30:35', '2016-06-22 01:30:35', b'1', 0, 179, 2, NULL),
(1917, '1', '2016-06-22 01:30:35', '2016-06-22 01:30:35', b'1', 0, 180, 2, NULL),
(1918, '1', '2016-06-22 01:30:35', '2016-06-22 01:30:35', b'1', 0, 145, 2, NULL),
(1919, '1', '2016-06-22 01:30:35', '2016-06-22 01:30:35', b'1', 0, 146, 2, NULL),
(1920, '1', '2016-06-22 01:30:35', '2016-06-22 01:30:35', b'1', 0, 147, 2, NULL),
(1921, '1', '2016-06-22 01:30:35', '2016-06-22 01:30:35', b'1', 0, 148, 2, NULL),
(1922, '1', '2016-06-22 01:30:35', '2016-06-22 01:30:35', b'1', 0, 149, 2, NULL),
(1923, '1', '2016-06-22 01:30:35', '2016-06-22 01:30:35', b'1', 0, 150, 2, NULL),
(1924, '1', '2016-06-22 01:30:35', '2016-06-22 01:30:35', b'1', 0, 151, 2, NULL),
(1925, '1', '2016-06-22 01:30:35', '2016-06-22 01:30:35', b'1', 0, 152, 2, NULL),
(1926, '1', '2016-06-22 01:30:35', '2016-06-22 01:30:35', b'1', 0, 153, 2, NULL),
(1927, '1', '2016-06-22 01:30:35', '2016-06-22 01:30:35', b'1', 0, 190, 2, NULL),
(1928, '1', '2016-06-22 01:30:35', '2016-06-22 01:30:35', b'1', 0, 191, 2, NULL),
(1929, '1', '2016-06-22 01:30:36', '2016-06-22 01:30:36', b'1', 0, 192, 2, NULL),
(1930, '1', '2016-06-22 01:30:36', '2016-06-22 01:30:36', b'1', 0, 193, 2, NULL),
(1931, '1', '2016-06-22 01:30:36', '2016-06-22 01:30:36', b'1', 0, 194, 2, NULL),
(1932, '1', '2016-06-22 01:30:36', '2016-06-22 01:30:36', b'1', 0, 195, 2, NULL),
(1933, '1', '2016-06-22 01:30:36', '2016-06-22 01:30:36', b'1', 0, 196, 2, NULL),
(1934, '1', '2016-06-22 01:30:36', '2016-06-22 01:30:36', b'1', 0, 197, 2, NULL),
(1935, '1', '2016-06-22 01:30:36', '2016-06-22 01:30:36', b'1', 0, 198, 2, NULL),
(1936, '1', '2016-06-22 01:30:36', '2016-06-22 01:30:36', b'1', 0, 217, 2, NULL),
(1937, '1', '2016-06-22 01:30:36', '2016-06-22 01:30:36', b'1', 0, 218, 2, NULL),
(1938, '1', '2016-06-22 01:30:36', '2016-06-22 01:30:36', b'1', 0, 219, 2, NULL),
(1939, '1', '2016-06-22 01:30:36', '2016-06-22 01:30:36', b'1', 0, 220, 2, NULL),
(1940, '1', '2016-06-22 01:30:36', '2016-06-22 01:30:36', b'1', 0, 221, 2, NULL),
(1941, '1', '2016-06-22 01:30:36', '2016-06-22 01:30:36', b'1', 0, 222, 2, NULL),
(1942, '1', '2016-06-22 01:30:36', '2016-06-22 01:30:36', b'1', 0, 223, 2, NULL),
(1943, '1', '2016-06-22 01:30:36', '2016-06-22 01:30:36', b'1', 0, 224, 2, NULL),
(1944, '1', '2016-06-22 01:30:36', '2016-06-22 01:30:36', b'1', 0, 225, 2, NULL),
(1945, '1', '2016-06-22 01:31:27', '2016-06-22 01:31:27', b'1', 0, 10, 3, NULL),
(1946, '1', '2016-06-22 01:31:27', '2016-06-22 01:31:27', b'1', 0, 11, 3, NULL),
(1947, '1', '2016-06-22 01:31:27', '2016-06-22 01:31:27', b'1', 0, 12, 3, NULL),
(1948, '1', '2016-06-22 01:31:27', '2016-06-22 01:31:27', b'1', 0, 13, 3, NULL),
(1949, '1', '2016-06-22 01:31:28', '2016-06-22 01:31:28', b'1', 0, 14, 3, NULL),
(1950, '1', '2016-06-22 01:31:28', '2016-06-22 01:31:28', b'1', 0, 15, 3, NULL),
(1951, '1', '2016-06-22 01:31:28', '2016-06-22 01:31:28', b'1', 0, 16, 3, NULL),
(1952, '1', '2016-06-22 01:31:28', '2016-06-22 01:31:28', b'1', 0, 17, 3, NULL),
(1953, '1', '2016-06-22 01:31:28', '2016-06-22 01:31:28', b'1', 0, 18, 3, NULL),
(1954, '1', '2016-06-22 01:31:28', '2016-06-22 01:31:28', b'1', 0, 73, 3, NULL),
(1955, '1', '2016-06-22 01:31:28', '2016-06-22 01:31:28', b'1', 0, 74, 3, NULL),
(1956, '1', '2016-06-22 01:31:28', '2016-06-22 01:31:28', b'1', 0, 75, 3, NULL),
(1957, '1', '2016-06-22 01:31:28', '2016-06-22 01:31:28', b'1', 0, 76, 3, NULL),
(1958, '1', '2016-06-22 01:31:28', '2016-06-22 01:31:28', b'1', 0, 77, 3, NULL),
(1959, '1', '2016-06-22 01:31:28', '2016-06-22 01:31:28', b'1', 0, 78, 3, NULL),
(1960, '1', '2016-06-22 01:31:28', '2016-06-22 01:31:28', b'1', 0, 79, 3, NULL),
(1961, '1', '2016-06-22 01:31:28', '2016-06-22 01:31:28', b'1', 0, 80, 3, NULL),
(1962, '1', '2016-06-22 01:31:28', '2016-06-22 01:31:28', b'1', 0, 81, 3, NULL),
(1963, '1', '2016-06-22 01:31:28', '2016-06-22 01:31:28', b'1', 0, 181, 3, NULL),
(1964, '1', '2016-06-22 01:31:28', '2016-06-22 01:31:28', b'1', 0, 182, 3, NULL),
(1965, '1', '2016-06-22 01:31:28', '2016-06-22 01:31:28', b'1', 0, 183, 3, NULL),
(1966, '1', '2016-06-22 01:31:28', '2016-06-22 01:31:28', b'1', 0, 184, 3, NULL),
(1967, '1', '2016-06-22 01:31:28', '2016-06-22 01:31:28', b'1', 0, 185, 3, NULL),
(1968, '1', '2016-06-22 01:31:28', '2016-06-22 01:31:28', b'1', 0, 186, 3, NULL),
(1969, '1', '2016-06-22 01:31:28', '2016-06-22 01:31:28', b'1', 0, 187, 3, NULL),
(1970, '1', '2016-06-22 01:31:28', '2016-06-22 01:31:28', b'1', 0, 188, 3, NULL),
(1971, '1', '2016-06-22 01:31:28', '2016-06-22 01:31:28', b'1', 0, 189, 3, NULL),
(1972, '1', '2016-06-22 01:31:28', '2016-06-22 01:31:28', b'1', 0, 46, 3, NULL),
(1973, '1', '2016-06-22 01:31:28', '2016-06-22 01:31:28', b'1', 0, 47, 3, NULL),
(1974, '1', '2016-06-22 01:31:28', '2016-06-22 01:31:28', b'1', 0, 48, 3, NULL),
(1975, '1', '2016-06-22 01:31:28', '2016-06-22 01:31:28', b'1', 0, 49, 3, NULL),
(1976, '1', '2016-06-22 01:31:28', '2016-06-22 01:31:28', b'1', 0, 50, 3, NULL),
(1977, '1', '2016-06-22 01:31:28', '2016-06-22 01:31:28', b'1', 0, 51, 3, NULL),
(1978, '1', '2016-06-22 01:31:28', '2016-06-22 01:31:28', b'1', 0, 52, 3, NULL),
(1979, '1', '2016-06-22 01:31:28', '2016-06-22 01:31:28', b'1', 0, 53, 3, NULL),
(1980, '1', '2016-06-22 01:31:28', '2016-06-22 01:31:28', b'1', 0, 54, 3, NULL),
(1981, '1', '2016-06-22 01:31:28', '2016-06-22 01:31:28', b'1', 0, 235, 3, NULL),
(1982, '1', '2016-06-22 01:31:28', '2016-06-22 01:31:28', b'1', 0, 236, 3, NULL),
(1983, '1', '2016-06-22 01:31:28', '2016-06-22 01:31:28', b'1', 0, 237, 3, NULL),
(1984, '1', '2016-06-22 01:31:28', '2016-06-22 01:31:28', b'1', 0, 238, 3, NULL),
(1985, '1', '2016-06-22 01:31:28', '2016-06-22 01:31:28', b'1', 0, 239, 3, NULL),
(1986, '1', '2016-06-22 01:31:28', '2016-06-22 01:31:28', b'1', 0, 240, 3, NULL),
(1987, '1', '2016-06-22 01:31:28', '2016-06-22 01:31:28', b'1', 0, 241, 3, NULL),
(1988, '1', '2016-06-22 01:31:29', '2016-06-22 01:31:29', b'1', 0, 242, 3, NULL),
(1989, '1', '2016-06-22 01:31:29', '2016-06-22 01:31:29', b'1', 0, 243, 3, NULL),
(1990, '1', '2016-06-22 01:31:29', '2016-06-22 01:31:29', b'1', 0, 154, 3, NULL),
(1991, '1', '2016-06-22 01:31:29', '2016-06-22 01:31:29', b'1', 0, 155, 3, NULL),
(1992, '1', '2016-06-22 01:31:29', '2016-06-22 01:31:29', b'1', 0, 156, 3, NULL),
(1993, '1', '2016-06-22 01:31:29', '2016-06-22 01:31:29', b'1', 0, 157, 3, NULL),
(1994, '1', '2016-06-22 01:31:29', '2016-06-22 01:31:29', b'1', 0, 158, 3, NULL),
(1995, '1', '2016-06-22 01:31:29', '2016-06-22 01:31:29', b'1', 0, 159, 3, NULL),
(1996, '1', '2016-06-22 01:31:29', '2016-06-22 01:31:29', b'1', 0, 160, 3, NULL),
(1997, '1', '2016-06-22 01:31:29', '2016-06-22 01:31:29', b'1', 0, 161, 3, NULL),
(1998, '1', '2016-06-22 01:31:29', '2016-06-22 01:31:29', b'1', 0, 162, 3, NULL),
(1999, '1', '2016-06-22 01:31:29', '2016-06-22 01:31:29', b'1', 0, 136, 3, NULL),
(2000, '1', '2016-06-22 01:31:29', '2016-06-22 01:31:29', b'1', 0, 137, 3, NULL),
(2001, '1', '2016-06-22 01:31:29', '2016-06-22 01:31:29', b'1', 0, 138, 3, NULL),
(2002, '1', '2016-06-22 01:31:29', '2016-06-22 01:31:29', b'1', 0, 139, 3, NULL),
(2003, '1', '2016-06-22 01:31:29', '2016-06-22 01:31:29', b'1', 0, 140, 3, NULL),
(2004, '1', '2016-06-22 01:31:29', '2016-06-22 01:31:29', b'1', 0, 141, 3, NULL),
(2005, '1', '2016-06-22 01:31:29', '2016-06-22 01:31:29', b'1', 0, 142, 3, NULL),
(2006, '1', '2016-06-22 01:31:29', '2016-06-22 01:31:29', b'1', 0, 143, 3, NULL),
(2007, '1', '2016-06-22 01:31:29', '2016-06-22 01:31:29', b'1', 0, 144, 3, NULL),
(2008, '1', '2016-06-22 01:31:29', '2016-06-22 01:31:29', b'1', 0, 82, 3, NULL),
(2009, '1', '2016-06-22 01:31:29', '2016-06-22 01:31:29', b'1', 0, 83, 3, NULL),
(2010, '1', '2016-06-22 01:31:29', '2016-06-22 01:31:29', b'1', 0, 84, 3, NULL),
(2011, '1', '2016-06-22 01:31:29', '2016-06-22 01:31:29', b'1', 0, 85, 3, NULL),
(2012, '1', '2016-06-22 01:31:29', '2016-06-22 01:31:29', b'1', 0, 86, 3, NULL),
(2013, '1', '2016-06-22 01:31:29', '2016-06-22 01:31:29', b'1', 0, 87, 3, NULL),
(2014, '1', '2016-06-22 01:31:29', '2016-06-22 01:31:29', b'1', 0, 88, 3, NULL),
(2015, '1', '2016-06-22 01:31:29', '2016-06-22 01:31:29', b'1', 0, 89, 3, NULL),
(2016, '1', '2016-06-22 01:31:29', '2016-06-22 01:31:29', b'1', 0, 90, 3, NULL),
(2017, '1', '2016-06-22 01:31:29', '2016-06-22 01:31:29', b'1', 0, 109, 3, NULL),
(2018, '1', '2016-06-22 01:31:29', '2016-06-22 01:31:29', b'1', 0, 110, 3, NULL),
(2019, '1', '2016-06-22 01:31:29', '2016-06-22 01:31:29', b'1', 0, 111, 3, NULL),
(2020, '1', '2016-06-22 01:31:29', '2016-06-22 01:31:29', b'1', 0, 112, 3, NULL),
(2021, '1', '2016-06-22 01:31:29', '2016-06-22 01:31:29', b'1', 0, 113, 3, NULL),
(2022, '1', '2016-06-22 01:31:29', '2016-06-22 01:31:29', b'1', 0, 114, 3, NULL),
(2023, '1', '2016-06-22 01:31:29', '2016-06-22 01:31:29', b'1', 0, 115, 3, NULL),
(2024, '1', '2016-06-22 01:31:29', '2016-06-22 01:31:29', b'1', 0, 116, 3, NULL),
(2025, '1', '2016-06-22 01:31:30', '2016-06-22 01:31:30', b'1', 0, 117, 3, NULL),
(2026, '1', '2016-06-22 01:31:30', '2016-06-22 01:31:30', b'1', 0, 37, 3, NULL),
(2027, '1', '2016-06-22 01:31:30', '2016-06-22 01:31:30', b'1', 0, 38, 3, NULL),
(2028, '1', '2016-06-22 01:31:30', '2016-06-22 01:31:30', b'1', 0, 39, 3, NULL),
(2029, '1', '2016-06-22 01:31:30', '2016-06-22 01:31:30', b'1', 0, 40, 3, NULL),
(2030, '1', '2016-06-22 01:31:30', '2016-06-22 01:31:30', b'1', 0, 41, 3, NULL),
(2031, '1', '2016-06-22 01:31:30', '2016-06-22 01:31:30', b'1', 0, 42, 3, NULL),
(2032, '1', '2016-06-22 01:31:30', '2016-06-22 01:31:30', b'1', 0, 43, 3, NULL),
(2033, '1', '2016-06-22 01:31:30', '2016-06-22 01:31:30', b'1', 0, 44, 3, NULL),
(2034, '1', '2016-06-22 01:31:30', '2016-06-22 01:31:30', b'1', 0, 45, 3, NULL),
(2035, '1', '2016-06-22 01:31:30', '2016-06-22 01:31:30', b'1', 0, 100, 3, NULL),
(2036, '1', '2016-06-22 01:31:30', '2016-06-22 01:31:30', b'1', 0, 101, 3, NULL),
(2037, '1', '2016-06-22 01:31:30', '2016-06-22 01:31:30', b'1', 0, 102, 3, NULL),
(2038, '1', '2016-06-22 01:31:30', '2016-06-22 01:31:30', b'1', 0, 103, 3, NULL),
(2039, '1', '2016-06-22 01:31:30', '2016-06-22 01:31:30', b'1', 0, 104, 3, NULL),
(2040, '1', '2016-06-22 01:31:30', '2016-06-22 01:31:30', b'1', 0, 105, 3, NULL),
(2041, '1', '2016-06-22 01:31:30', '2016-06-22 01:31:30', b'1', 0, 106, 3, NULL),
(2042, '1', '2016-06-22 01:31:30', '2016-06-22 01:31:30', b'1', 0, 107, 3, NULL),
(2043, '1', '2016-06-22 01:31:30', '2016-06-22 01:31:30', b'1', 0, 108, 3, NULL),
(2044, '1', '2016-06-22 01:31:30', '2016-06-22 01:31:30', b'1', 0, 127, 3, NULL),
(2045, '1', '2016-06-22 01:31:30', '2016-06-22 01:31:30', b'1', 0, 128, 3, NULL),
(2046, '1', '2016-06-22 01:31:30', '2016-06-22 01:31:30', b'1', 0, 129, 3, NULL),
(2047, '1', '2016-06-22 01:31:30', '2016-06-22 01:31:30', b'1', 0, 130, 3, NULL),
(2048, '1', '2016-06-22 01:31:30', '2016-06-22 01:31:30', b'1', 0, 131, 3, NULL),
(2049, '1', '2016-06-22 01:31:30', '2016-06-22 01:31:30', b'1', 0, 132, 3, NULL),
(2050, '1', '2016-06-22 01:31:30', '2016-06-22 01:31:30', b'1', 0, 133, 3, NULL),
(2051, '1', '2016-06-22 01:31:30', '2016-06-22 01:31:30', b'1', 0, 134, 3, NULL),
(2052, '1', '2016-06-22 01:31:30', '2016-06-22 01:31:30', b'1', 0, 135, 3, NULL),
(2053, '1', '2016-06-22 01:31:30', '2016-06-22 01:31:30', b'1', 0, 28, 3, NULL),
(2054, '1', '2016-06-22 01:31:30', '2016-06-22 01:31:30', b'1', 0, 29, 3, NULL),
(2055, '1', '2016-06-22 01:31:30', '2016-06-22 01:31:30', b'1', 0, 30, 3, NULL),
(2056, '1', '2016-06-22 01:31:30', '2016-06-22 01:31:30', b'1', 0, 31, 3, NULL),
(2057, '1', '2016-06-22 01:31:30', '2016-06-22 01:31:30', b'1', 0, 32, 3, NULL),
(2058, '1', '2016-06-22 01:31:30', '2016-06-22 01:31:30', b'1', 0, 33, 3, NULL),
(2059, '1', '2016-06-22 01:31:30', '2016-06-22 01:31:30', b'1', 0, 34, 3, NULL),
(2060, '1', '2016-06-22 01:31:30', '2016-06-22 01:31:30', b'1', 0, 35, 3, NULL),
(2061, '1', '2016-06-22 01:31:30', '2016-06-22 01:31:30', b'1', 0, 36, 3, NULL),
(2062, '1', '2016-06-22 01:31:30', '2016-06-22 01:31:30', b'1', 0, 226, 3, NULL),
(2063, '1', '2016-06-22 01:31:30', '2016-06-22 01:31:30', b'1', 0, 227, 3, NULL),
(2064, '1', '2016-06-22 01:31:30', '2016-06-22 01:31:30', b'1', 0, 228, 3, NULL),
(2065, '1', '2016-06-22 01:31:31', '2016-06-22 01:31:31', b'1', 0, 229, 3, NULL),
(2066, '1', '2016-06-22 01:31:31', '2016-06-22 01:31:31', b'1', 0, 230, 3, NULL),
(2067, '1', '2016-06-22 01:31:31', '2016-06-22 01:31:31', b'1', 0, 231, 3, NULL),
(2068, '1', '2016-06-22 01:31:31', '2016-06-22 01:31:31', b'1', 0, 232, 3, NULL),
(2069, '1', '2016-06-22 01:31:31', '2016-06-22 01:31:31', b'1', 0, 233, 3, NULL),
(2070, '1', '2016-06-22 01:31:31', '2016-06-22 01:31:31', b'1', 0, 234, 3, NULL),
(2071, '1', '2016-06-22 01:31:31', '2016-06-22 01:31:31', b'1', 0, 118, 3, NULL),
(2072, '1', '2016-06-22 01:31:31', '2016-06-22 01:31:31', b'1', 0, 119, 3, NULL),
(2073, '1', '2016-06-22 01:31:31', '2016-06-22 01:31:31', b'1', 0, 120, 3, NULL),
(2074, '1', '2016-06-22 01:31:31', '2016-06-22 01:31:31', b'1', 0, 121, 3, NULL),
(2075, '1', '2016-06-22 01:31:31', '2016-06-22 01:31:31', b'1', 0, 122, 3, NULL),
(2076, '1', '2016-06-22 01:31:31', '2016-06-22 01:31:31', b'1', 0, 123, 3, NULL),
(2077, '1', '2016-06-22 01:31:31', '2016-06-22 01:31:31', b'1', 0, 124, 3, NULL),
(2078, '1', '2016-06-22 01:31:31', '2016-06-22 01:31:31', b'1', 0, 125, 3, NULL),
(2079, '1', '2016-06-22 01:31:31', '2016-06-22 01:31:31', b'1', 0, 126, 3, NULL),
(2080, '1', '2016-06-22 01:31:31', '2016-06-22 01:31:31', b'1', 0, 64, 3, NULL),
(2081, '1', '2016-06-22 01:31:31', '2016-06-22 01:31:31', b'1', 0, 65, 3, NULL),
(2082, '1', '2016-06-22 01:31:31', '2016-06-22 01:31:31', b'1', 0, 66, 3, NULL),
(2083, '1', '2016-06-22 01:31:31', '2016-06-22 01:31:31', b'1', 0, 67, 3, NULL),
(2084, '1', '2016-06-22 01:31:31', '2016-06-22 01:31:31', b'1', 0, 68, 3, NULL),
(2085, '1', '2016-06-22 01:31:31', '2016-06-22 01:31:31', b'1', 0, 69, 3, NULL),
(2086, '1', '2016-06-22 01:31:31', '2016-06-22 01:31:31', b'1', 0, 70, 3, NULL),
(2087, '1', '2016-06-22 01:31:31', '2016-06-22 01:31:31', b'1', 0, 71, 3, NULL),
(2088, '1', '2016-06-22 01:31:31', '2016-06-22 01:31:31', b'1', 0, 72, 3, NULL),
(2089, '1', '2016-06-22 01:31:31', '2016-06-22 01:31:31', b'1', 0, 208, 3, NULL),
(2090, '1', '2016-06-22 01:31:31', '2016-06-22 01:31:31', b'1', 0, 209, 3, NULL),
(2091, '1', '2016-06-22 01:31:31', '2016-06-22 01:31:31', b'1', 0, 210, 3, NULL),
(2092, '1', '2016-06-22 01:31:31', '2016-06-22 01:31:31', b'1', 0, 211, 3, NULL),
(2093, '1', '2016-06-22 01:31:31', '2016-06-22 01:31:31', b'1', 0, 212, 3, NULL),
(2094, '1', '2016-06-22 01:31:31', '2016-06-22 01:31:31', b'1', 0, 213, 3, NULL),
(2095, '1', '2016-06-22 01:31:31', '2016-06-22 01:31:31', b'1', 0, 214, 3, NULL),
(2096, '1', '2016-06-22 01:31:31', '2016-06-22 01:31:31', b'1', 0, 215, 3, NULL),
(2097, '1', '2016-06-22 01:31:31', '2016-06-22 01:31:31', b'1', 0, 216, 3, NULL),
(2098, '1', '2016-06-22 01:31:31', '2016-06-22 01:31:31', b'1', 0, 1, 3, NULL),
(2099, '1', '2016-06-22 01:31:31', '2016-06-22 01:31:31', b'1', 0, 2, 3, NULL),
(2100, '1', '2016-06-22 01:31:31', '2016-06-22 01:31:31', b'1', 0, 3, 3, NULL),
(2101, '1', '2016-06-22 01:31:31', '2016-06-22 01:31:31', b'1', 0, 4, 3, NULL),
(2102, '1', '2016-06-22 01:31:31', '2016-06-22 01:31:31', b'1', 0, 5, 3, NULL),
(2103, '1', '2016-06-22 01:31:31', '2016-06-22 01:31:31', b'1', 0, 6, 3, NULL),
(2104, '1', '2016-06-22 01:31:32', '2016-06-22 01:31:32', b'1', 0, 7, 3, NULL),
(2105, '1', '2016-06-22 01:31:32', '2016-06-22 01:31:32', b'1', 0, 8, 3, NULL),
(2106, '1', '2016-06-22 01:31:32', '2016-06-22 01:31:32', b'1', 0, 9, 3, NULL),
(2107, '1', '2016-06-22 01:31:32', '2016-06-22 01:31:32', b'1', 0, 199, 3, NULL),
(2108, '1', '2016-06-22 01:31:32', '2016-06-22 01:31:32', b'1', 0, 200, 3, NULL),
(2109, '1', '2016-06-22 01:31:32', '2016-06-22 01:31:32', b'1', 0, 201, 3, NULL),
(2110, '1', '2016-06-22 01:31:32', '2016-06-22 01:31:32', b'1', 0, 202, 3, NULL),
(2111, '1', '2016-06-22 01:31:32', '2016-06-22 01:31:32', b'1', 0, 203, 3, NULL),
(2112, '1', '2016-06-22 01:31:32', '2016-06-22 01:31:32', b'1', 0, 204, 3, NULL),
(2113, '1', '2016-06-22 01:31:32', '2016-06-22 01:31:32', b'1', 0, 205, 3, NULL),
(2114, '1', '2016-06-22 01:31:32', '2016-06-22 01:31:32', b'1', 0, 206, 3, NULL),
(2115, '1', '2016-06-22 01:31:32', '2016-06-22 01:31:32', b'1', 0, 207, 3, NULL),
(2116, '1', '2016-06-22 01:31:32', '2016-06-22 01:31:32', b'1', 0, 163, 3, NULL),
(2117, '1', '2016-06-22 01:31:32', '2016-06-22 01:31:32', b'1', 0, 164, 3, NULL),
(2118, '1', '2016-06-22 01:31:32', '2016-06-22 01:31:32', b'1', 0, 165, 3, NULL),
(2119, '1', '2016-06-22 01:31:32', '2016-06-22 01:31:32', b'1', 0, 166, 3, NULL),
(2120, '1', '2016-06-22 01:31:32', '2016-06-22 01:31:32', b'1', 0, 167, 3, NULL),
(2121, '1', '2016-06-22 01:31:32', '2016-06-22 01:31:32', b'1', 0, 168, 3, NULL),
(2122, '1', '2016-06-22 01:31:32', '2016-06-22 01:31:32', b'1', 0, 169, 3, NULL),
(2123, '1', '2016-06-22 01:31:32', '2016-06-22 01:31:32', b'1', 0, 170, 3, NULL),
(2124, '1', '2016-06-22 01:31:32', '2016-06-22 01:31:32', b'1', 0, 171, 3, NULL),
(2125, '1', '2016-06-22 01:31:32', '2016-06-22 01:31:32', b'1', 0, 91, 3, NULL),
(2126, '1', '2016-06-22 01:31:32', '2016-06-22 01:31:32', b'1', 0, 92, 3, NULL),
(2127, '1', '2016-06-22 01:31:32', '2016-06-22 01:31:32', b'1', 0, 93, 3, NULL),
(2128, '1', '2016-06-22 01:31:32', '2016-06-22 01:31:32', b'1', 0, 94, 3, NULL),
(2129, '1', '2016-06-22 01:31:32', '2016-06-22 01:31:32', b'1', 0, 95, 3, NULL),
(2130, '1', '2016-06-22 01:31:32', '2016-06-22 01:31:32', b'1', 0, 96, 3, NULL),
(2131, '1', '2016-06-22 01:31:32', '2016-06-22 01:31:32', b'1', 0, 97, 3, NULL),
(2132, '1', '2016-06-22 01:31:32', '2016-06-22 01:31:32', b'1', 0, 98, 3, NULL),
(2133, '1', '2016-06-22 01:31:32', '2016-06-22 01:31:32', b'1', 0, 99, 3, NULL),
(2134, '1', '2016-06-22 01:31:32', '2016-06-22 01:31:32', b'1', 0, 55, 3, NULL),
(2135, '1', '2016-06-22 01:31:32', '2016-06-22 01:31:32', b'1', 0, 56, 3, NULL),
(2136, '1', '2016-06-22 01:31:32', '2016-06-22 01:31:32', b'1', 0, 57, 3, NULL),
(2137, '1', '2016-06-22 01:31:32', '2016-06-22 01:31:32', b'1', 0, 58, 3, NULL),
(2138, '1', '2016-06-22 01:31:32', '2016-06-22 01:31:32', b'1', 0, 59, 3, NULL),
(2139, '1', '2016-06-22 01:31:32', '2016-06-22 01:31:32', b'1', 0, 60, 3, NULL),
(2140, '1', '2016-06-22 01:31:32', '2016-06-22 01:31:32', b'1', 0, 61, 3, NULL),
(2141, '1', '2016-06-22 01:31:32', '2016-06-22 01:31:32', b'1', 0, 62, 3, NULL),
(2142, '1', '2016-06-22 01:31:32', '2016-06-22 01:31:32', b'1', 0, 63, 3, NULL),
(2143, '1', '2016-06-22 01:31:32', '2016-06-22 01:31:32', b'1', 0, 19, 3, NULL),
(2144, '1', '2016-06-22 01:31:33', '2016-06-22 01:31:33', b'1', 0, 20, 3, NULL),
(2145, '1', '2016-06-22 01:31:33', '2016-06-22 01:31:33', b'1', 0, 21, 3, NULL),
(2146, '1', '2016-06-22 01:31:33', '2016-06-22 01:31:33', b'1', 0, 22, 3, NULL),
(2147, '1', '2016-06-22 01:31:33', '2016-06-22 01:31:33', b'1', 0, 23, 3, NULL),
(2148, '1', '2016-06-22 01:31:33', '2016-06-22 01:31:33', b'1', 0, 24, 3, NULL),
(2149, '1', '2016-06-22 01:31:33', '2016-06-22 01:31:33', b'1', 0, 25, 3, NULL),
(2150, '1', '2016-06-22 01:31:33', '2016-06-22 01:31:33', b'1', 0, 26, 3, NULL),
(2151, '1', '2016-06-22 01:31:33', '2016-06-22 01:31:33', b'1', 0, 27, 3, NULL),
(2152, '1', '2016-06-22 01:31:33', '2016-06-22 01:31:33', b'1', 0, 172, 3, NULL),
(2153, '1', '2016-06-22 01:31:33', '2016-06-22 01:31:33', b'1', 0, 173, 3, NULL),
(2154, '1', '2016-06-22 01:31:33', '2016-06-22 01:31:33', b'1', 0, 174, 3, NULL),
(2155, '1', '2016-06-22 01:31:33', '2016-06-22 01:31:33', b'1', 0, 175, 3, NULL),
(2156, '1', '2016-06-22 01:31:33', '2016-06-22 01:31:33', b'1', 0, 176, 3, NULL),
(2157, '1', '2016-06-22 01:31:33', '2016-06-22 01:31:33', b'1', 0, 177, 3, NULL),
(2158, '1', '2016-06-22 01:31:33', '2016-06-22 01:31:33', b'1', 0, 178, 3, NULL),
(2159, '1', '2016-06-22 01:31:33', '2016-06-22 01:31:33', b'1', 0, 179, 3, NULL),
(2160, '1', '2016-06-22 01:31:33', '2016-06-22 01:31:33', b'1', 0, 180, 3, NULL),
(2161, '1', '2016-06-22 01:31:33', '2016-06-22 01:31:33', b'1', 0, 145, 3, NULL),
(2162, '1', '2016-06-22 01:31:33', '2016-06-22 01:31:33', b'1', 0, 146, 3, NULL),
(2163, '1', '2016-06-22 01:31:33', '2016-06-22 01:31:33', b'1', 0, 147, 3, NULL),
(2164, '1', '2016-06-22 01:31:33', '2016-06-22 01:31:33', b'1', 0, 148, 3, NULL),
(2165, '1', '2016-06-22 01:31:33', '2016-06-22 01:31:33', b'1', 0, 149, 3, NULL),
(2166, '1', '2016-06-22 01:31:33', '2016-06-22 01:31:33', b'1', 0, 150, 3, NULL),
(2167, '1', '2016-06-22 01:31:33', '2016-06-22 01:31:33', b'1', 0, 151, 3, NULL),
(2168, '1', '2016-06-22 01:31:33', '2016-06-22 01:31:33', b'1', 0, 152, 3, NULL),
(2169, '1', '2016-06-22 01:31:33', '2016-06-22 01:31:33', b'1', 0, 153, 3, NULL),
(2170, '1', '2016-06-22 01:31:33', '2016-06-22 01:31:33', b'1', 0, 190, 3, NULL),
(2171, '1', '2016-06-22 01:31:33', '2016-06-22 01:31:33', b'1', 0, 191, 3, NULL),
(2172, '1', '2016-06-22 01:31:33', '2016-06-22 01:31:33', b'1', 0, 192, 3, NULL),
(2173, '1', '2016-06-22 01:31:33', '2016-06-22 01:31:33', b'1', 0, 193, 3, NULL),
(2174, '1', '2016-06-22 01:31:33', '2016-06-22 01:31:33', b'1', 0, 194, 3, NULL),
(2175, '1', '2016-06-22 01:31:33', '2016-06-22 01:31:33', b'1', 0, 195, 3, NULL),
(2176, '1', '2016-06-22 01:31:33', '2016-06-22 01:31:33', b'1', 0, 196, 3, NULL),
(2177, '1', '2016-06-22 01:31:33', '2016-06-22 01:31:33', b'1', 0, 197, 3, NULL),
(2178, '1', '2016-06-22 01:31:33', '2016-06-22 01:31:33', b'1', 0, 198, 3, NULL),
(2179, '1', '2016-06-22 01:31:33', '2016-06-22 01:31:33', b'1', 0, 217, 3, NULL),
(2180, '1', '2016-06-22 01:31:33', '2016-06-22 01:31:33', b'1', 0, 218, 3, NULL),
(2181, '1', '2016-06-22 01:31:33', '2016-06-22 01:31:33', b'1', 0, 219, 3, NULL),
(2182, '1', '2016-06-22 01:31:33', '2016-06-22 01:31:33', b'1', 0, 220, 3, NULL),
(2183, '1', '2016-06-22 01:31:33', '2016-06-22 01:31:33', b'1', 0, 221, 3, NULL),
(2184, '1', '2016-06-22 01:31:34', '2016-06-22 01:31:34', b'1', 0, 222, 3, NULL),
(2185, '1', '2016-06-22 01:31:34', '2016-06-22 01:31:34', b'1', 0, 223, 3, NULL),
(2186, '1', '2016-06-22 01:31:34', '2016-06-22 01:31:34', b'1', 0, 224, 3, NULL),
(2187, '1', '2016-06-22 01:31:34', '2016-06-22 01:31:34', b'1', 0, 225, 3, NULL);

-- --------------------------------------------------------

--
-- Table structure for table `societyamenities`
--

CREATE TABLE `societyamenities` (
  `SOCIETYAMENITIESID` int(11) NOT NULL,
  `ACTIVE` varchar(1) DEFAULT NULL,
  `CREATEDDATE` datetime DEFAULT NULL,
  `MODIFYDDATE` datetime DEFAULT NULL,
  `NAME` varchar(255) DEFAULT NULL,
  `RECORDORDER` int(11) DEFAULT NULL,
  `USERID` int(11) DEFAULT NULL
) ENGINE=MyISAM DEFAULT CHARSET=latin1;

--
-- Dumping data for table `societyamenities`
--

INSERT INTO `societyamenities` (`SOCIETYAMENITIESID`, `ACTIVE`, `CREATEDDATE`, `MODIFYDDATE`, `NAME`, `RECORDORDER`, `USERID`) VALUES
(1, '1', '2016-06-21 23:53:54', '2016-06-21 23:53:54', 'Garden', 1, 1),
(2, '1', '2016-06-21 23:54:01', '2016-06-21 23:54:01', 'Lift', 2, 1),
(3, '1', '2016-07-30 06:38:34', '2016-07-30 06:38:34', 'Club House', 0, 1),
(4, '1', '2016-07-30 06:38:42', '2016-07-30 06:38:42', 'Gym', 0, 1),
(5, '1', '2016-07-30 06:38:53', '2016-07-30 06:38:53', 'Swiming Pool', 0, 1),
(6, '1', '2016-07-30 06:39:19', '2016-07-30 06:39:19', 'Children Play Area', 0, 1),
(7, '1', '2016-07-30 06:43:34', '2016-07-30 06:43:34', '24 Hrs Security', 0, 1),
(8, '1', '2016-07-30 06:40:26', '2016-07-30 06:40:26', 'Lift + Generator Back Up', 0, 1),
(9, '1', '2016-07-30 06:40:56', '2016-07-30 06:40:56', 'Tennis Court', 0, 1),
(10, '1', '2016-07-30 06:41:18', '2016-07-30 06:41:18', 'Basket Ball Court', 0, 1),
(11, '1', '2016-07-30 06:41:41', '2016-07-30 06:41:41', '24 Hrs Water Supply', 0, 1),
(12, '1', '2016-08-01 23:00:28', '2016-08-01 23:00:28', 'Vaastu Compliant', 0, 1),
(13, '1', '2016-08-01 23:00:55', '2016-08-01 23:00:55', 'Power Back Up', 0, 1),
(14, '1', '2016-08-01 23:01:33', '2016-08-01 23:01:33', 'Intercom Facility', 0, 1),
(15, '1', '2016-08-01 23:03:30', '2016-08-01 23:03:30', 'Internet/Wi-Fi Connectivity', 0, 1),
(16, '1', '2016-08-01 23:03:55', '2016-08-01 23:03:55', 'Air Conditioned', 0, 1),
(17, '1', '2016-08-01 23:04:27', '2016-08-01 23:04:27', 'Maintenance Staff', 0, 1),
(18, '1', '2016-08-06 07:02:46', '2016-08-06 07:02:46', 'Piped Gas', 0, 1),
(19, '1', '2016-08-06 07:03:06', '2016-08-06 07:03:06', 'Visitor\'s Parking', 0, 1),
(20, '1', NULL, NULL, 'Swimming Pool', 0, NULL),
(21, '1', NULL, NULL, 'Reserved Parking', 0, NULL),
(22, '1', NULL, NULL, 'Service/Goods Lift', 0, NULL),
(23, '1', NULL, NULL, 'Visitor Parking', 0, NULL),
(24, '1', NULL, NULL, 'Kids Play Area', 0, NULL),
(25, '1', NULL, NULL, 'Meditation Area', 0, NULL),
(26, '1', NULL, NULL, 'Activity Deck4', 0, NULL),
(27, '1', NULL, NULL, 'Fire Fighting Equipment', 0, NULL);

-- --------------------------------------------------------

--
-- Table structure for table `test`
--

CREATE TABLE `test` (
  `TESTID` int(11) NOT NULL,
  `ACTIVE` varchar(1) DEFAULT NULL,
  `CREATEDDATE` datetime DEFAULT NULL,
  `MODIFYDDATE` datetime DEFAULT NULL,
  `NAME` longtext,
  `RECORDORDER` int(11) DEFAULT NULL,
  `USERID` int(11) DEFAULT NULL
) ENGINE=MyISAM DEFAULT CHARSET=latin1;

-- --------------------------------------------------------

--
-- Table structure for table `user`
--

CREATE TABLE `user` (
  `USERID` int(11) NOT NULL,
  `ACTIVE` varchar(1) DEFAULT NULL,
  `CREATEDDATE` datetime DEFAULT NULL,
  `EMAIL` longtext,
  `FULLNAME` longtext,
  `MODIFYDDATE` datetime DEFAULT NULL,
  `PASSWORD` longtext,
  `RECORDORDER` int(11) DEFAULT NULL,
  `ROLEID` int(11) DEFAULT NULL
) ENGINE=MyISAM DEFAULT CHARSET=latin1;

--
-- Dumping data for table `user`
--

INSERT INTO `user` (`USERID`, `ACTIVE`, `CREATEDDATE`, `EMAIL`, `FULLNAME`, `MODIFYDDATE`, `PASSWORD`, `RECORDORDER`, `ROLEID`) VALUES
(1, '1', '2016-06-21 23:22:33', 'admin@admin.com', 'admin', NULL, '123', 0, 1);

--
-- Indexes for dumped tables
--

--
-- Indexes for table `agent`
--
ALTER TABLE `agent`
  ADD PRIMARY KEY (`AGENTID`),
  ADD KEY `FK_p50t49fiulkmchbs6a8795gwt` (`CITYID`),
  ADD KEY `FK_cf98jkau9ou23823y8tlfbhvx` (`PROPERTYLOCALITYID`),
  ADD KEY `FK_79dvdekbutsoirn1oi5iud176` (`USERID`);

--
-- Indexes for table `budgetrent`
--
ALTER TABLE `budgetrent`
  ADD PRIMARY KEY (`BUDGETRENTID`),
  ADD KEY `FK_c9x7r61cfldrfcw5wshee73i3` (`USERID`);

--
-- Indexes for table `budgetsale`
--
ALTER TABLE `budgetsale`
  ADD PRIMARY KEY (`BUDGETSALEID`),
  ADD KEY `FK_k6ekmypcrumuqmmlx14h4ucll` (`USERID`);

--
-- Indexes for table `city`
--
ALTER TABLE `city`
  ADD PRIMARY KEY (`CITYID`),
  ADD KEY `FK_eh2p69alfif27e8f4su6iiyp9` (`USERID`);

--
-- Indexes for table `customer`
--
ALTER TABLE `customer`
  ADD PRIMARY KEY (`CUSTOMERID`),
  ADD KEY `FK_jmdd0kcfvib9mmakdosqcsaaf` (`CITYID`),
  ADD KEY `FK_skxqdo2cmaf7u8fx3n7dmr8lf` (`CUSTOMERTYPEID`),
  ADD KEY `FK_k8b1fmfo34ciculd0nxeplfct` (`GENDERID`),
  ADD KEY `FK_46ymplt0yfxe7hi1w5l9196gp` (`OCCUPATIONID`),
  ADD KEY `FK_7iqnws46iim0vfeka80962c41` (`USERID`);

--
-- Indexes for table `customertype`
--
ALTER TABLE `customertype`
  ADD PRIMARY KEY (`CUSTOMERTYPEID`),
  ADD KEY `FK_8o7bf2g5120ha8pgju5blrm1o` (`USERID`);

--
-- Indexes for table `datarecovery`
--
ALTER TABLE `datarecovery`
  ADD PRIMARY KEY (`DATARECOVERYID`),
  ADD KEY `FK_3ianc3u4qpyu2wrbjsrka1rco` (`USERID`);

--
-- Indexes for table `file`
--
ALTER TABLE `file`
  ADD PRIMARY KEY (`FILEID`),
  ADD KEY `FK_qnvf1hmicppx6il0i3j150x4j` (`USERID`);

--
-- Indexes for table `FK_AGENT_MODEOPERATIONID`
--
ALTER TABLE `FK_AGENT_MODEOPERATIONID`
  ADD KEY `FK_ehu9gbgxms90gnre7ddb1avlj` (`MODEOPERATIONID`),
  ADD KEY `FK_7hsc6a8kd94llkbjogkyuouxm` (`AGENTID`);

--
-- Indexes for table `FK_AGENT_PROPERTYLOCALITYID`
--
ALTER TABLE `FK_AGENT_PROPERTYLOCALITYID`
  ADD KEY `FK_ktrdi8d35wca4vrxsboeg2b9m` (`PROPERTYLOCALITYID`),
  ADD KEY `FK_3d3xe0ww3boi9lq3i82bl4smn` (`AGENTID`);

--
-- Indexes for table `FK_INQUIRY_PROPERTYLBEDROOMSID`
--
ALTER TABLE `FK_INQUIRY_PROPERTYLBEDROOMSID`
  ADD KEY `FK_j9cnasuhbn51op6ymudfuhyn8` (`PROPERTYLBEDROOMSID`),
  ADD KEY `FK_if781a83sffenbg4ton4im37o` (`INQUIRYID`);

--
-- Indexes for table `FK_INQUIRY_PROPERTYLOCALITYID`
--
ALTER TABLE `FK_INQUIRY_PROPERTYLOCALITYID`
  ADD KEY `FK_4hsk0ft3jwbymmsfbaw2p81yx` (`PROPERTYLOCALITYID`),
  ADD KEY `FK_kk08nue5wff1whmvehgla50eg` (`INQUIRYID`);

--
-- Indexes for table `FK_INQUIRY_PROPERTYPRIORITYID`
--
ALTER TABLE `FK_INQUIRY_PROPERTYPRIORITYID`
  ADD KEY `FK_1c0vne85a2ug8k6y3sxj3few` (`PROPERTYPRIORITYID`),
  ADD KEY `FK_p9hb8tmudvdd6hw8h6ftwndo` (`INQUIRYID`);

--
-- Indexes for table `FK_INQUIRY_PROPERTYTOBEID`
--
ALTER TABLE `FK_INQUIRY_PROPERTYTOBEID`
  ADD KEY `FK_5idb3i06cb4gga7aebhm17uo5` (`PROPERTYTOBEID`),
  ADD KEY `FK_1s78ju04aiaxth743jbjxiulb` (`INQUIRYID`);

--
-- Indexes for table `FK_INQUIRY_PROPERTYTYPEID`
--
ALTER TABLE `FK_INQUIRY_PROPERTYTYPEID`
  ADD KEY `FK_om9ho6s12j0rsnqbvm4p7q6kb` (`PROPERTYTYPEID`),
  ADD KEY `FK_daakbm44c8g4drqt3f80gbl95` (`INQUIRYID`);

--
-- Indexes for table `FK_PROPERTY_FLATAMENITIESID`
--
ALTER TABLE `FK_PROPERTY_FLATAMENITIESID`
  ADD KEY `FK_mrs61r45pwyvn2h0qvrqvj5y2` (`FLATAMENITIESID`),
  ADD KEY `FK_io23lw5vrme52yhls71r8hsay` (`PROPERTYID`);

--
-- Indexes for table `FK_PROPERTY_PROPERTYPRIPROTY`
--
ALTER TABLE `FK_PROPERTY_PROPERTYPRIPROTY`
  ADD KEY `FK_bumcq0tqm9sv2ufo01bkjaa6l` (`PROPERTYPRIORITYID`),
  ADD KEY `FK_8q8xdpdxcbv4n03piaob3p0vp` (`PROPERTYID`);

--
-- Indexes for table `FK_PROPERTY_SOCIETYAMENITIESID`
--
ALTER TABLE `FK_PROPERTY_SOCIETYAMENITIESID`
  ADD KEY `FK_pd5814boyfykaeqipk2r4ud4d` (`SOCIETYAMENITIESID`),
  ADD KEY `FK_985s1u9aoh28kp2x62wcnour8` (`PROPERTYID`);

--
-- Indexes for table `FK_TEST_FLATAMENITIESID`
--
ALTER TABLE `FK_TEST_FLATAMENITIESID`
  ADD KEY `FK_xsgfu8ji4aqx41kd6ysfl5sy` (`FLATAMENITIESID`),
  ADD KEY `FK_c4ry5i1u8r098bnq3sif3siqt` (`TESTID`);

--
-- Indexes for table `FK_TEST_SOCIETYAMENITIESID`
--
ALTER TABLE `FK_TEST_SOCIETYAMENITIESID`
  ADD KEY `FK_79pj4mig1iuyrgpcgjnx2d4u0` (`SOCIETYAMENITIESID`),
  ADD KEY `FK_bqdx1xb2nlhtid0248xpx95j5` (`TESTID`);

--
-- Indexes for table `flatamenities`
--
ALTER TABLE `flatamenities`
  ADD PRIMARY KEY (`FLATAMENITIESID`),
  ADD KEY `FK_15dx2ojjnn5l2mwgeoqg03rnh` (`USERID`);

--
-- Indexes for table `gender`
--
ALTER TABLE `gender`
  ADD PRIMARY KEY (`GENDERID`),
  ADD KEY `FK_kv07h4x37od8knryvb30qnm8a` (`USERID`);

--
-- Indexes for table `inquiry`
--
ALTER TABLE `inquiry`
  ADD PRIMARY KEY (`INQUIRYID`),
  ADD KEY `FK_etgl4w0gqvlntjlckus1aswgw` (`CITYID`),
  ADD KEY `FK_as185d54k3obcotpy0ro1c8pv` (`PROPERTYFACINGID`),
  ADD KEY `FK_cy15b6g143fu7375v3s13njgm` (`USERID`);

--
-- Indexes for table `modeoperation`
--
ALTER TABLE `modeoperation`
  ADD PRIMARY KEY (`MODEOPERATIONID`),
  ADD KEY `FK_irf43qtnbunnoshsrek5wknvs` (`USERID`);

--
-- Indexes for table `occupation`
--
ALTER TABLE `occupation`
  ADD PRIMARY KEY (`OCCUPATIONID`),
  ADD KEY `FK_j3x8y9lgrubec0evb684hec05` (`USERID`);

--
-- Indexes for table `operation`
--
ALTER TABLE `operation`
  ADD PRIMARY KEY (`OPERATIONID`),
  ADD KEY `FK_nydwr8wgmr820h0jotqn19nu5` (`USERID`);

--
-- Indexes for table `property`
--
ALTER TABLE `property`
  ADD PRIMARY KEY (`PROPERTYID`),
  ADD KEY `FK_sal79h55e7yrv9da905aik3xx` (`CITYID`),
  ADD KEY `FK_9r06t5n2p9ign6rto49b4pfjj` (`CUSTOMERID`),
  ADD KEY `FK_rdcyoea3pog19wprrb7hdrp9m` (`IMAGE1`),
  ADD KEY `FK_mpcgxg5eggcljawevftaiy36x` (`IMAGE10`),
  ADD KEY `FK_qw4m9a3qegg4aoniviprhh7tf` (`IMAGE2`),
  ADD KEY `FK_d7atgu2tcq95ldg217wpke28j` (`IMAGE3`),
  ADD KEY `FK_trj6yeg0k0xtctu15vfhwbqmg` (`IMAGE4`),
  ADD KEY `FK_58vdchc0ufcsymtfixbxu0xta` (`IMAGE5`),
  ADD KEY `FK_trmvqen1h4aovxal43xvit0c1` (`IMAGE6`),
  ADD KEY `FK_xg2963ejhofnpvmb4nfvuipd` (`IMAGE7`),
  ADD KEY `FK_4wor4tx16bb1uv8kg34yrc2cb` (`IMAGE8`),
  ADD KEY `FK_ptnqth3ygiosr2073wlevf4lt` (`IMAGE9`),
  ADD KEY `FK_1buf5oi35bfr1o89u9d9hisdx` (`PROPERTYFACINGID`),
  ADD KEY `FK_chvq48hlenw8r02jtd74211n6` (`PROPERTYFURNISHEDID`),
  ADD KEY `FK_3e4qjy5bp6etkf81isrsyvtfg` (`PROPERTYLBEDROOMSID`),
  ADD KEY `FK_2c2hdsjucbvo2qfpibkbev8sn` (`PROPERTYLOCALITYID`),
  ADD KEY `FK_nkiiob2vxo13u7iaww044sixv` (`PROPERTYTOBEID`),
  ADD KEY `FK_nty8pw9crx88yw0dl4fmmxxm4` (`PROPERTYTYPEID`),
  ADD KEY `FK_8ir6ub3nlfgls81vruy8powct` (`USERID`);

--
-- Indexes for table `propertydate`
--
ALTER TABLE `propertydate`
  ADD PRIMARY KEY (`PROPERTYDATEID`);

--
-- Indexes for table `propertyfacing`
--
ALTER TABLE `propertyfacing`
  ADD PRIMARY KEY (`PROPERTYFACINGID`),
  ADD KEY `FK_8uq4whi0oyh6pohba5wfm3rte` (`USERID`);

--
-- Indexes for table `propertyfurnished`
--
ALTER TABLE `propertyfurnished`
  ADD PRIMARY KEY (`PROPERTYFURNISHEDID`),
  ADD KEY `FK_64dnxr9bvbdd5ifub6qwnfa8n` (`USERID`);

--
-- Indexes for table `propertylbedrooms`
--
ALTER TABLE `propertylbedrooms`
  ADD PRIMARY KEY (`PROPERTYLBEDROOMSID`),
  ADD KEY `FK_2ss99cdrv0n51ku7ghy1exyvq` (`USERID`);

--
-- Indexes for table `propertylocality`
--
ALTER TABLE `propertylocality`
  ADD PRIMARY KEY (`PROPERTYLOCALITYID`),
  ADD KEY `FK_2sl0hqcohlwjuh0afkn4d2xg5` (`CITYID`),
  ADD KEY `FK_jv0itmyxkbfdey4batfhblaeq` (`USERID`);

--
-- Indexes for table `propertypriority`
--
ALTER TABLE `propertypriority`
  ADD PRIMARY KEY (`PROPERTYPRIORITYID`),
  ADD KEY `FK_9a3pb7bnup17xrdkyqi0xdlo4` (`USERID`);

--
-- Indexes for table `propertytobe`
--
ALTER TABLE `propertytobe`
  ADD PRIMARY KEY (`PROPERTYTOBEID`),
  ADD KEY `FK_goknf9csekh50qmvmvtf3f218` (`USERID`);

--
-- Indexes for table `propertytype`
--
ALTER TABLE `propertytype`
  ADD PRIMARY KEY (`PROPERTYTYPEID`),
  ADD KEY `FK_f9703a4bh4rafaofkjjpijsw5` (`USERID`);

--
-- Indexes for table `role`
--
ALTER TABLE `role`
  ADD PRIMARY KEY (`ROLEID`);

--
-- Indexes for table `rolepermission`
--
ALTER TABLE `rolepermission`
  ADD PRIMARY KEY (`ROLEPERMISSIONID`),
  ADD KEY `FK_4lgius5o5halu4u9c1f1w8pca` (`OPERATIONID`),
  ADD KEY `FK_i8g4jauag8btmjjukmdpvtmgm` (`ROLEID`),
  ADD KEY `FK_f2bnfpvm9t2b7umf95csiaxau` (`USERID`);

--
-- Indexes for table `societyamenities`
--
ALTER TABLE `societyamenities`
  ADD PRIMARY KEY (`SOCIETYAMENITIESID`),
  ADD KEY `FK_oq8fdy9o5tt3elkq0ivwivruq` (`USERID`);

--
-- Indexes for table `test`
--
ALTER TABLE `test`
  ADD PRIMARY KEY (`TESTID`),
  ADD KEY `FK_dx1jjc9l462658crrr50etpn6` (`USERID`);

--
-- Indexes for table `user`
--
ALTER TABLE `user`
  ADD PRIMARY KEY (`USERID`),
  ADD KEY `FK_tgxx7bp8davdcuw05v0gpioes` (`ROLEID`);

--
-- AUTO_INCREMENT for dumped tables
--

--
-- AUTO_INCREMENT for table `agent`
--
ALTER TABLE `agent`
  MODIFY `AGENTID` int(11) NOT NULL AUTO_INCREMENT, AUTO_INCREMENT=4;
--
-- AUTO_INCREMENT for table `budgetrent`
--
ALTER TABLE `budgetrent`
  MODIFY `BUDGETRENTID` int(11) NOT NULL AUTO_INCREMENT, AUTO_INCREMENT=4;
--
-- AUTO_INCREMENT for table `budgetsale`
--
ALTER TABLE `budgetsale`
  MODIFY `BUDGETSALEID` int(11) NOT NULL AUTO_INCREMENT, AUTO_INCREMENT=3;
--
-- AUTO_INCREMENT for table `city`
--
ALTER TABLE `city`
  MODIFY `CITYID` int(11) NOT NULL AUTO_INCREMENT, AUTO_INCREMENT=2;
--
-- AUTO_INCREMENT for table `customer`
--
ALTER TABLE `customer`
  MODIFY `CUSTOMERID` int(11) NOT NULL AUTO_INCREMENT, AUTO_INCREMENT=361;
--
-- AUTO_INCREMENT for table `customertype`
--
ALTER TABLE `customertype`
  MODIFY `CUSTOMERTYPEID` int(11) NOT NULL AUTO_INCREMENT, AUTO_INCREMENT=4;
--
-- AUTO_INCREMENT for table `datarecovery`
--
ALTER TABLE `datarecovery`
  MODIFY `DATARECOVERYID` int(11) NOT NULL AUTO_INCREMENT;
--
-- AUTO_INCREMENT for table `file`
--
ALTER TABLE `file`
  MODIFY `FILEID` int(11) NOT NULL AUTO_INCREMENT;
--
-- AUTO_INCREMENT for table `flatamenities`
--
ALTER TABLE `flatamenities`
  MODIFY `FLATAMENITIESID` int(11) NOT NULL AUTO_INCREMENT, AUTO_INCREMENT=23;
--
-- AUTO_INCREMENT for table `gender`
--
ALTER TABLE `gender`
  MODIFY `GENDERID` int(11) NOT NULL AUTO_INCREMENT, AUTO_INCREMENT=3;
--
-- AUTO_INCREMENT for table `inquiry`
--
ALTER TABLE `inquiry`
  MODIFY `INQUIRYID` int(11) NOT NULL AUTO_INCREMENT, AUTO_INCREMENT=351;
--
-- AUTO_INCREMENT for table `modeoperation`
--
ALTER TABLE `modeoperation`
  MODIFY `MODEOPERATIONID` int(11) NOT NULL AUTO_INCREMENT, AUTO_INCREMENT=6;
--
-- AUTO_INCREMENT for table `occupation`
--
ALTER TABLE `occupation`
  MODIFY `OCCUPATIONID` int(11) NOT NULL AUTO_INCREMENT, AUTO_INCREMENT=5;
--
-- AUTO_INCREMENT for table `operation`
--
ALTER TABLE `operation`
  MODIFY `OPERATIONID` int(11) NOT NULL AUTO_INCREMENT, AUTO_INCREMENT=244;
--
-- AUTO_INCREMENT for table `property`
--
ALTER TABLE `property`
  MODIFY `PROPERTYID` int(11) NOT NULL AUTO_INCREMENT, AUTO_INCREMENT=355;
--
-- AUTO_INCREMENT for table `propertydate`
--
ALTER TABLE `propertydate`
  MODIFY `PROPERTYDATEID` int(11) NOT NULL AUTO_INCREMENT;
--
-- AUTO_INCREMENT for table `propertyfacing`
--
ALTER TABLE `propertyfacing`
  MODIFY `PROPERTYFACINGID` int(11) NOT NULL AUTO_INCREMENT, AUTO_INCREMENT=9;
--
-- AUTO_INCREMENT for table `propertyfurnished`
--
ALTER TABLE `propertyfurnished`
  MODIFY `PROPERTYFURNISHEDID` int(11) NOT NULL AUTO_INCREMENT, AUTO_INCREMENT=9;
--
-- AUTO_INCREMENT for table `propertylbedrooms`
--
ALTER TABLE `propertylbedrooms`
  MODIFY `PROPERTYLBEDROOMSID` int(11) NOT NULL AUTO_INCREMENT, AUTO_INCREMENT=28;
--
-- AUTO_INCREMENT for table `propertylocality`
--
ALTER TABLE `propertylocality`
  MODIFY `PROPERTYLOCALITYID` int(11) NOT NULL AUTO_INCREMENT, AUTO_INCREMENT=44;
--
-- AUTO_INCREMENT for table `propertypriority`
--
ALTER TABLE `propertypriority`
  MODIFY `PROPERTYPRIORITYID` int(11) NOT NULL AUTO_INCREMENT, AUTO_INCREMENT=10;
--
-- AUTO_INCREMENT for table `propertytobe`
--
ALTER TABLE `propertytobe`
  MODIFY `PROPERTYTOBEID` int(11) NOT NULL AUTO_INCREMENT, AUTO_INCREMENT=4;
--
-- AUTO_INCREMENT for table `propertytype`
--
ALTER TABLE `propertytype`
  MODIFY `PROPERTYTYPEID` int(11) NOT NULL AUTO_INCREMENT, AUTO_INCREMENT=14;
--
-- AUTO_INCREMENT for table `role`
--
ALTER TABLE `role`
  MODIFY `ROLEID` int(11) NOT NULL AUTO_INCREMENT, AUTO_INCREMENT=4;
--
-- AUTO_INCREMENT for table `rolepermission`
--
ALTER TABLE `rolepermission`
  MODIFY `ROLEPERMISSIONID` int(11) NOT NULL AUTO_INCREMENT, AUTO_INCREMENT=2188;
--
-- AUTO_INCREMENT for table `societyamenities`
--
ALTER TABLE `societyamenities`
  MODIFY `SOCIETYAMENITIESID` int(11) NOT NULL AUTO_INCREMENT, AUTO_INCREMENT=28;
--
-- AUTO_INCREMENT for table `test`
--
ALTER TABLE `test`
  MODIFY `TESTID` int(11) NOT NULL AUTO_INCREMENT;
--
-- AUTO_INCREMENT for table `user`
--
ALTER TABLE `user`
  MODIFY `USERID` int(11) NOT NULL AUTO_INCREMENT, AUTO_INCREMENT=2;
/*!40101 SET CHARACTER_SET_CLIENT=@OLD_CHARACTER_SET_CLIENT */;
/*!40101 SET CHARACTER_SET_RESULTS=@OLD_CHARACTER_SET_RESULTS */;
/*!40101 SET COLLATION_CONNECTION=@OLD_COLLATION_CONNECTION */;
